{"type":"FeatureCollection","features":[{"type":"Feature","geometry":{"type":"LineString","coordinates":[[-84.4839019481778,36.6723865932176],[-84.4847724363493,36.6719476056923],[-84.4885529998158,36.6737719998795],[-84.4924339212692,36.6782759687541],[-84.494059961765,36.6800599276588],[-84.4954789405878,36.6816179947259],[-84.4966379469673,36.6828919747683],[-84.4983469019638,36.6847689738255],[-84.5000459745939,36.6866369937369],[-84.5001128999809,36.6867079511164],[-84.5003639791028,36.6869599367737],[-84.5027219668921,36.6895059692415],[-84.504311984945,36.6911889663575],[-84.5058969724323,36.6929119746504],[-84.5076609043242,36.6949049863034],[-84.5092556556003,36.696611187165],[-84.5096100948788,36.6970114977808],[-84.5098758866084,36.6973116892195],[-84.5102098793328,36.697688907249],[-84.5105269792382,36.6981409870602],[-84.5113329477111,36.6991149948895],[-84.5141179047549,36.7022619432989],[-84.5212219616848,36.7059259343302],[-84.5255579498982,36.7076799406891],[-84.527250978663,36.7080981417754],[-84.5335799053854,36.7088299808184],[-84.5342059413068,36.7087979327681],[-84.5345159499114,36.7087819458265],[-84.5348259594143,36.7087329753096],[-84.5425413962518,36.7093259443151],[-84.5461989004058,36.7107319839274],[-84.5499319394005,36.7119779717237],[-84.5505409064333,36.7121259593376],[-84.5512409644325,36.712277978687],[-84.5513459765909,36.7123399827694],[-84.5538343180127,36.7127380906914],[-84.5594879173557,36.7142514282605],[-84.5737504062396,36.71802049475],[-84.5796143532927,36.7197418013483],[-84.5866279381954,36.7216849952004],[-84.5947086991977,36.723631264084],[-84.603374696438,36.7260012069428],[-84.6077291099961,36.7271861783063],[-84.6113125776994,36.728085615033],[-84.6165664276392,36.7295418453241],[-84.6216775101275,36.7314977618808],[-84.6229338651377,36.7319546183506],[-84.6248041216267,36.7325827961475],[-84.6258606023846,36.7329968220997],[-84.6268028686423,36.7334965092945],[-84.6311858360501,36.7358807287682],[-84.636958000434,36.7391529999644],[-84.6401541747739,36.740456021897],[-84.6412419142087,36.7409809759713],[-84.6451359313023,36.7422599461627],[-84.6468968987538,36.7428529572476],[-84.6506165151215,36.7440184856585],[-84.6623659777779,36.7471039603243],[-84.6640759209212,36.7475699596882],[-84.6647039331363,36.7477329952387],[-84.6656779763989,36.7479599477839],[-84.673675946868,36.7500739637388],[-84.6761169300064,36.7506890733491],[-84.6785469572915,36.7512484637768],[-84.6843004942098,36.7527570428027],[-84.6961835219759,36.7558313061809],[-84.6983440726421,36.756445207288],[-84.6993196520238,36.7560835286677],[-84.7036269462504,36.7545839599265],[-84.7117832690428,36.7518623648492],[-84.7126955639094,36.7521213128543],[-84.7149336751173,36.7527380067814],[-84.7174939751867,36.753409015044],[-84.7206872120355,36.7542656209553],[-84.7246418761906,36.7553268608788],[-84.7274068097867,36.7560787698692],[-84.7300670474315,36.7567783316767],[-84.7342834519142,36.7579395088368],[-84.7387378030478,36.7583440167174],[-84.7399227752306,36.758838945076],[-84.7413742461173,36.7594195342905],[-84.7456572759497,36.7611089509425],[-84.7502020461098,36.7625413859709],[-84.7532572738833,36.7634503410625],[-84.7574546430652,36.764749525643],[-84.764031473365,36.7667673089333],[-84.7680717981706,36.768023665186],[-84.773811058164,36.7698177780328],[-84.7764903311096,36.7700414479534],[-84.7806115581897,36.7703650543125],[-84.7840474991671,36.7706601069102],[-84.7893870097574,36.7711074462215],[-84.7933429513168,36.7713849936713],[-84.7957163757559,36.771630927009],[-84.8009845026205,36.7720354360727],[-84.8036732941149,36.7722971769832],[-84.8121727293284,36.7729777023346],[-84.8162019311942,36.772766931267],[-84.8200489663984,36.7726489937669],[-84.8203159457009,36.7726409353466],[-84.8284138986611,36.7724009589576],[-84.8337211273933,36.7721353730149],[-84.8343350279737,36.7722067572876],[-84.8369619533927,36.7726303008785],[-84.8411831171499,36.7732537197046],[-84.8464226901648,36.7740056299561],[-84.8489877486103,36.7744006198017],[-84.8505581932714,36.7746338067584],[-84.8528529252917,36.7749899941229],[-84.853928927339,36.7751449837546],[-84.8541273849482,36.7751810831981],[-84.855469400609,36.7753476462564],[-84.8596529015995,36.7743949288839],[-84.8653999643595,36.7730179863355],[-84.8657419529882,36.7729359561598],[-84.8663959274134,36.7727799546713],[-84.8670489118951,36.7726229447529],[-84.8673019673106,36.7725629343418],[-84.8675539447478,36.7725019862875],[-84.8749229148549,36.7707359316703],[-84.8823477934104,36.7689373780627],[-84.8829093446676,36.7689897261289],[-84.8914325753547,36.7695322431593],[-84.8942450981013,36.7697226003395],[-84.8963009519178,36.7698510908452],[-84.9024970681153,36.7702460812277],[-84.9061376444161,36.7704792678686],[-84.9107204860763,36.7707457676631],[-84.9196958118964,36.7713358738298],[-84.923184102197,36.7715452672451],[-84.9305699489534,36.7719973642399],[-84.9424720129187,36.7727207207941],[-84.9486633707401,36.773653468974],[-84.9520707587662,36.7741531562274],[-84.9550441967297,36.7746624663257],[-84.956872510878,36.7746813961691],[-84.9597326227751,36.7748098869988],[-84.9673944876824,36.7750335567464],[-84.9687388829804,36.7755082590835],[-84.9709089521954,36.7762256672346],[-84.9742925447479,36.7773499622629],[-84.977065806625,36.7782957981822],[-84.9791823380457,36.7790096359565],[-84.9796927320441,36.7791845261579],[-84.9842720046977,36.7806621723395],[-84.9862384527872,36.7813439832568]]},"properties":{"VOLTAGE":161,"VOLT_CLASS":"100-161","OWNER":"EAST KENTUCKY POWER COOP, INC","STATUS":"IN SERVICE","TYPE":"AC; OVERHEAD","ID":"102333","SUB_1":"MCCREARY COUNTY","SUB_2":"TAP155477","INFERRED":"N","SOURCEDATE":1411084800000}},{"type":"Feature","geometry":{"type":"LineString","coordinates":[[-84.4538472823132,37.2327439563475],[-84.4539645115595,37.2330103419552],[-84.4530079692753,37.2364296269228],[-84.4515089083399,37.2416263696426],[-84.4515303232779,37.2430254927481],[-84.4514946323134,37.248450663846],[-84.4502097225551,37.2524267439436],[-84.448560756155,37.257494996165],[-84.4474257527598,37.2610570489073],[-84.4457839252712,37.2660681941266],[-84.4441135430347,37.2709222939784],[-84.4415781649263,37.2754227829407],[-84.4402922140206,37.2776736749247],[-84.4391411496465,37.2797884210091],[-84.4387217702578,37.2818585518018],[-84.4383470047993,37.2836490958521],[-84.4379484447657,37.2856181001988],[-84.4375736802055,37.2875365413105],[-84.437139428309,37.289624518341],[-84.4366903048029,37.2918225450277],[-84.4362857970238,37.2938034458714],[-84.4359437491063,37.2955017873455],[-84.4355273431411,37.2975421740295],[-84.4351615006484,37.2993684110542],[-84.4343703310215,37.301599154792],[-84.4336832608647,37.3036098000711],[-84.4329188592366,37.3057394169079],[-84.4324132236143,37.3071879139775],[-84.4318034867253,37.3089278951779],[-84.4310955972134,37.3109563858877],[-84.4304323234284,37.3128569801086],[-84.4296441263268,37.3151174681889],[-84.4287512180024,37.3175806342275],[-84.4279238283032,37.319956433941],[-84.4271429991835,37.3221985341115],[-84.4265911012224,37.3237832762385],[-84.4258121199372,37.3260200718533],[-84.4250158667441,37.3283064609305],[-84.4241710721863,37.3308239102972],[-84.4233920917995,37.3331180908871],[-84.4228180467734,37.3351436067354],[-84.422232105358,37.3371483030768],[-84.4215926252499,37.3393403811],[-84.4207594773498,37.3422580948842],[-84.4201083272279,37.3445595106573],[-84.4216583334197,37.3469495756642],[-84.4235707146072,37.3498984118668],[-84.4250606890836,37.3521329581536],[-84.42652486125,37.3544536188806],[-84.4277940954065,37.3563475790291],[-84.42512017642,37.3573945422388],[-84.4225265632266,37.3583790438652],[-84.4207769998877,37.3590039997121],[-84.4183000464087,37.361067834917],[-84.4161230296233,37.3628305471098],[-84.4156318137579,37.3651729743491],[-84.4152399776142,37.3670414930279],[-84.4151789999727,37.367383999774]]},"properties":{"VOLTAGE":69,"VOLT_CLASS":"UNDER 100","OWNER":"EAST KENTUCKY POWER COOP, INC","STATUS":"IN SERVICE","TYPE":"AC; OVERHEAD","ID":"103401","SUB_1":"UNKNOWN125497","SUB_2":"TAP155074","INFERRED":"Y","SOURCEDATE":1432684800000}},{"type":"Feature","geometry":{"type":"LineString","coordinates":[[-94.755365357253,42.5659570132239],[-94.7550658795985,42.5662300921658],[-94.7550563727279,42.5666362068129],[-94.75381093135,42.5666257038926],[-94.7465010910498,42.5665731892646],[-94.7217871529928,42.5664440900924],[-94.7001963265987,42.5664020782712],[-94.6954474861554,42.5664125812291],[-94.6800458400665,42.5665386172482],[-94.672658753635,42.5666856581768],[-94.6602661331678,42.5669587332674],[-94.6585643458289,42.5669911171483],[-94.6582731883706,42.5667810589398]]},"properties":{"VOLTAGE":161,"VOLT_CLASS":"100-161","OWNER":"MIDAMERICAN ENERGY CO","STATUS":"IN SERVICE","TYPE":"AC; OVERHEAD","ID":"104460","SUB_1":"UNKNOWN130434","SUB_2":"UNKNOWN130435","INFERRED":"Y","SOURCEDATE":1438646400000}},{"type":"Feature","geometry":{"type":"LineString","coordinates":[[-83.9099192597494,41.601460037276],[-83.9102502682703,41.601789296095],[-83.9117322558255,41.6017580991463],[-83.9116718099866,41.6003815619322],[-83.9175884953335,41.600371652881],[-83.9291112079408,41.6003396598893],[-83.9384662830726,41.6003449922796],[-83.9449121569702,41.6003236640591],[-83.9487768287984,41.6001317097581],[-83.9593797222503,41.5995825030133],[-83.9723712962298,41.5989479762647],[-83.9842576594405,41.5983561017116],[-83.9889209353529,41.5982227957742],[-83.9948106389019,41.5983827631347],[-84.0004793002972,41.5986333771525],[-84.0088789021399,41.5990012979392],[-84.0114672341377,41.5988786576861],[-84.0133710489907,41.5984307527282],[-84.0226476877234,41.5948047390589],[-84.0254499319466,41.593652904182],[-84.0285373921708,41.5928690051672],[-84.0307905959738,41.5914931577994],[-84.0425486123882,41.5911625242489],[-84.0485880543153,41.5910398691006],[-84.0555473162962,41.5909225462163],[-84.0556043593167,41.5833281296891],[-84.0556114901434,41.5792158940303],[-84.0555401863677,41.5728416757971],[-84.0556471415821,41.5711506692729],[-84.0560678352061,41.5669896432722],[-84.053415329361,41.5670483258119],[-84.0505560421173,41.567112344106],[-84.0485452720499,41.5671763616644],[-84.0480033615582,41.5673844192995]]},"properties":{"VOLTAGE":345,"VOLT_CLASS":"345","OWNER":"AMERICAN TRANSMISSION SYSTEMS, INC.","STATUS":"IN SERVICE","TYPE":"AC; OVERHEAD","ID":"105659","SUB_1":"UNKNOWN133807","SUB_2":"UNKNOWN171366","INFERRED":"N","SOURCEDATE":1444003200000}},{"type":"Feature","geometry":{"type":"LineString","coordinates":[[-85.2991961877871,34.5409154909437],[-85.2996107090867,34.5405438147942],[-85.3020564577877,34.5364960542579],[-85.3034950153921,34.533924282748],[-85.3042437063842,34.5325806063262],[-85.3048557312822,34.5314400540112],[-85.306073839621,34.5293204469476],[-85.3078980322987,34.5244250742236],[-85.3090983135707,34.5213555277887],[-85.3103342489762,34.5180312829578],[-85.3113325036323,34.5151867211312],[-85.3116593134277,34.5141683337599],[-85.3125149596341,34.5128855407204],[-85.3140123434149,34.5104325107418],[-85.3149987142581,34.5088460819175],[-85.3165792838308,34.5062509316691],[-85.3181539119463,34.5036850820845],[-85.319122456621,34.5020936276943],[-85.3208575193546,34.499219140261],[-85.3237750371916,34.4944689158263],[-85.3267103820955,34.4897282172117],[-85.3289861659514,34.4859423209963],[-85.3317967276758,34.4815048158892],[-85.3327652732488,34.4797317078674],[-85.3341141062244,34.4775960897548],[-85.335272793702,34.4756514546381],[-85.3364849605835,34.4737165717894],[-85.3371088701927,34.4727662580369],[-85.3373881438381,34.4721245461914],[-85.337368740228,34.4719921198546]]},"properties":{"VOLTAGE":115,"VOLT_CLASS":"100-161","OWNER":"GEORGIA POWER CO","STATUS":"IN SERVICE","TYPE":"AC; OVERHEAD","ID":"105696","SUB_1":"UNKNOWN110420","SUB_2":"UNKNOWN110421","INFERRED":"Y","SOURCEDATE":1400544000000}},{"type":"Feature","geometry":{"type":"LineString","coordinates":[[-91.9724010956278,41.0060822613103],[-91.9722872161992,41.0064492276657],[-91.9725778903639,41.0064431462172]]},"properties":{"VOLTAGE":-999999,"VOLT_CLASS":"NOT AVAILABLE","OWNER":"NOT AVAILABLE","STATUS":"IN SERVICE","TYPE":"OVERHEAD","ID":"105699","SUB_1":"UNKNOWN137739","SUB_2":"TAP137749","INFERRED":"N","SOURCEDATE":1475625600000}},{"type":"Feature","geometry":{"type":"LineString","coordinates":[[-85.7033700002918,38.0392170002896],[-85.7027367320339,38.0394006863341],[-85.7016362311322,38.0395196590014],[-85.6994114347534,38.0410782058025],[-85.697501917395,38.0422798337302],[-85.6966929009384,38.0457241030527],[-85.6959731141389,38.0487162761844],[-85.6939743671233,38.0494241646997],[-85.6917436221007,38.0502986171694],[-85.6885491949841,38.0515121419513],[-85.6858009179499,38.0526126430062],[-85.6798998552042,38.054879080039],[-85.6785852022269,38.0553609203024],[-85.6745817586536,38.0549921041989],[-85.6705069322528,38.0546232876514],[-85.6655279101961,38.0541711898087],[-85.6631543977221,38.0539689358164],[-85.660763040215,38.0546649281855],[-85.6569677991751,38.0557713772815],[-85.6524765668092,38.0569551592733],[-85.6469205254045,38.0584839628748],[-85.6427862116673,38.0596380019221],[-85.6372063756874,38.0612798297051],[-85.6347733767752,38.0626182771411],[-85.6304070659294,38.0650869669203],[-85.6259277299529,38.0675140180001],[-85.6225726903517,38.0672463281562],[-85.6189142690178,38.0669548438187],[-85.6152558476838,38.0666693090213],[-85.6115438885556,38.0663659280062],[-85.6108300503999,38.0666157710785],[-85.6050777028511,38.06861451818],[-85.5994264831454,38.0706370602802],[-85.5934123961672,38.0727726258966],[-85.5876778954481,38.0747178361163],[-85.5833066851907,38.0762760938537],[-85.579219054204,38.0777089426946],[-85.5756320165958,38.0789522111785],[-85.5721401581869,38.0801716848669],[-85.5686482988797,38.0814506452512],[-85.5646686498816,38.0828188347379],[-85.5610340240212,38.0840799497563],[-85.5590055328883,38.0886544630394],[-85.5582976442747,38.0903319826993],[-85.5549366551314,38.0926400607682],[-85.5508915710514,38.0955311058422],[-85.5475900692445,38.097874874845],[-85.5458054734061,38.1008313549092],[-85.5440565694306,38.1036926570186],[-85.5422600763046,38.1066015482851],[-85.5407669649113,38.1090702390986],[-85.5392500580444,38.1115448783506],[-85.5378699708835,38.1141860803097],[-85.5364363459283,38.1169224598175],[-85.5348302094043,38.1199384271301],[-85.5336345302016,38.1222584008855],[-85.5344732898773,38.1255182627198],[-85.5353477423142,38.1284390509552],[-85.5362995271207,38.1319249619063],[-85.5351811802875,38.1357499447369],[-85.5342234468372,38.1392893940044],[-85.5337475553323,38.1409788110393],[-85.5324388509988,38.1435010400613],[-85.5311123016323,38.1461541387574],[-85.5293217571501,38.1497173811616],[-85.5277691593187,38.1526024782454],[-85.5261392282194,38.1557195719092],[-85.5251636488377,38.1576052948552],[-85.5243427350934,38.1611863832195],[-85.5235694096013,38.1645771152091],[-85.5232422341916,38.1660999698452],[-85.5217967119488,38.168015436746],[-85.5183405454028,38.1725899503137],[-85.5160086734355,38.1757070440039],[-85.5128439904362,38.1781459916904],[-85.5108392938785,38.1796747952701],[-85.5112021620493,38.1833689088478],[-85.5115055428837,38.1865038486542],[-85.5117315922468,38.1886751066965],[-85.5107262687477,38.192208606335],[-85.510928524434,38.1945821188638],[-85.511368724076,38.1992934510798],[-85.511684002198,38.2028566940762],[-85.5118684110545,38.2050220037671],[-85.5120171271498,38.2093645198452],[-85.5120825622317,38.2126124839567],[-85.5121539459574,38.2160805491642],[-85.5122253296832,38.219334462345],[-85.5123145602387,38.2224158641656],[-85.512356199847,38.2239208732891],[-85.5123490618338,38.2245847422563]]},"properties":{"VOLTAGE":345,"VOLT_CLASS":"345","OWNER":"NOT AVAILABLE","STATUS":"IN SERVICE","TYPE":"AC; OVERHEAD","ID":"106915","SUB_1":"UNKNOWN129145","SUB_2":"MIDDLETOWN 345 KV","INFERRED":"Y","SOURCEDATE":1437004800000}},{"type":"Feature","geometry":{"type":"LineString","coordinates":[[-94.2026904621239,35.99673544567],[-94.2031098531907,35.9966147728058],[-94.2046437274366,35.9967878917251],[-94.2068096554182,35.9970256951414],[-94.2088310435722,35.9972441648288],[-94.2107506544012,35.997462633911],[-94.2121129486312,35.997611186727],[-94.2129011295632,35.9961694712819],[-94.2136333472496,35.9946328819064],[-94.2145064198742,35.9928557588322],[-94.2153745517648,35.9910552643281],[-94.2161712675903,35.9894375323568],[-94.2170851237288,35.9875805542678],[-94.2178750123581,35.9859311309589],[-94.2186727163304,35.9842894509678],[-94.2195615085742,35.9824757492037],[-94.2202942652498,35.9809925403595],[-94.2211471257805,35.9792565458062],[-94.2219182396204,35.9776837879869],[-94.2228672198866,35.9757435861102],[-94.2237324771682,35.973952442802],[-94.2242828749428,35.9728581656794],[-94.2251899038852,35.9709980362052],[-94.2259866197107,35.9693798923001],[-94.2264711709749,35.9683526586984],[-94.2272155150193,35.9668227247319],[-94.2279669557545,35.9652891272134],[-94.2286173360202,35.9639587922219],[-94.2294344436027,35.9622881528856],[-94.2299463036515,35.9612143647307],[-94.2305662310291,35.9599333326503],[-94.2314139711627,35.9581428486372],[-94.2325950760983,35.9569948350138],[-94.2335648074475,35.9560217589696],[-94.2350629278468,35.95453347189],[-94.2363473390401,35.9532371333246],[-94.2373993560693,35.9521878739507],[-94.2384629613657,35.951121438663],[-94.239637059442,35.949954342729],[-94.240942670876,35.9486541467231],[-94.2421683322496,35.9474280362101],[-94.2433611152839,35.9462209598329],[-94.2443755827342,35.9452305878197],[-94.2461378078271,35.9436498787724],[-94.2475772682384,35.9423528532529],[-94.2488381435711,35.9411960281],[-94.2503682439946,35.9398579422494],[-94.251823874081,35.9385145963237],[-94.2531322702923,35.9373557497456],[-94.2542845393072,35.9363017706985],[-94.2555735319084,35.9352080643541],[-94.2568450073616,35.934076373272],[-94.2580362632598,35.9330690468523],[-94.2592801604338,35.9320023542643],[-94.2604093427459,35.9309876540734],[-94.2617186372725,35.9298379372912],[-94.2629362138086,35.9287854568523],[-94.2643479162776,35.927527395338],[-94.2656460716947,35.9264081788469],[-94.2673153211556,35.9249688728962],[-94.2689127053938,35.9236009769351],[-94.2704321158654,35.9222590279281],[-94.271818755338,35.9210484390082],[-94.2733968257976,35.9196749462979],[-94.2748754527553,35.918370760884],[-94.2763764477635,35.9171142789915],[-94.2778866055876,35.9157982646841],[-94.2793692749641,35.9145119863027],[-94.2808574240637,35.9132104797304],[-94.2821427335722,35.9120914258632],[-94.2837093055962,35.9107312377449],[-94.2850595632998,35.9095500851082],[-94.2865615455565,35.9082246317249],[-94.2881588408615,35.9068560831084],[-94.2897937746786,35.9054499647739],[-94.2913651077736,35.9041160756371],[-94.292197846042,35.9023779549612],[-94.2929811769697,35.9008057767595],[-94.2943047547093,35.8981242836909],[-94.2951248267322,35.8964639687055],[-94.2959756211378,35.8947751657451],[-94.296811054352,35.8930943311294],[-94.2976326544092,35.891465567834],[-94.2984964725898,35.8896628347165],[-94.2992411768586,35.8882092507297],[-94.300034299423,35.886584534653],[-94.3008945261391,35.8848648800818],[-94.3017224144032,35.8831816523289],[-94.3024976595951,35.8816200833036],[-94.3033070416661,35.8799962510437],[-94.3041970026181,35.8782077422299],[-94.3051464320419,35.8763496780991],[-94.306025882705,35.8745755722923],[-94.3067124650767,35.8732216539922],[-94.3072866682063,35.8720391409261],[-94.3079243822265,35.8707794477399],[-94.3085524842731,35.8694888707736],[-94.3090823106277,35.8684282358826],[-94.310294137946,35.8660173323053],[-94.3110460278388,35.864423392222],[-94.3118736457101,35.8627729268749],[-94.3125588806088,35.8615119950748],[-94.3131280531728,35.86035835595],[-94.3138269415655,35.8588242942239],[-94.3140346329575,35.858468786052],[-94.3141245543175,35.8582902669094]]},"properties":{"VOLTAGE":69,"VOLT_CLASS":"UNDER 100","OWNER":"SOUTHWESTERN ELECTRIC POWER CO","STATUS":"IN SERVICE","TYPE":"AC; OVERHEAD","ID":"101377","SUB_1":"GREENLAND","SUB_2":"TAP149406","INFERRED":"Y","SOURCEDATE":1427932800000}},{"type":"Feature","geometry":{"type":"LineString","coordinates":[[-80.7581689058823,41.8889671836949],[-80.7591354032965,41.8888967651291],[-80.7597628774208,41.8880633732294],[-80.7604366129856,41.8877996826676],[-80.7638155334003,41.8874319243293],[-80.767623162208,41.8863808768572],[-80.7715314355651,41.8852766922119],[-80.7748605102614,41.8843583582546],[-80.7764933698685,41.883912438832],[-80.7804720082619,41.8838167937388],[-80.7828159823327,41.8827459757141],[-80.7834352808896,41.8824619327207],[-80.787113702315,41.8808459327944],[-80.7888854504482,41.8816596900394],[-80.7905498481083,41.882428759734],[-80.7933333678477,41.8837356687495],[-80.7954432409555,41.8846548556661],[-80.7964978675906,41.88439304973],[-80.7988542779382,41.8838805881377],[-80.8008409480032,41.8833689657927],[-80.8044302448743,41.8821340437436],[-80.8076807205764,41.8809129498891],[-80.8104913694374,41.8798167342547],[-80.8117401184122,41.876789234778],[-80.814983225234,41.875614605682],[-80.8184952580076,41.8744305657314],[-80.821974433103,41.8732239362745],[-80.8259283759109,41.8718873971594],[-80.8299082746406,41.8705738661976],[-80.8336917091227,41.8693097682484],[-80.8375723062843,41.867952885776],[-80.840182029864,41.8672785258229],[-80.8443858830856,41.8662461806685],[-80.8478518529463,41.8653082648531],[-80.8518045677572,41.8642252298184],[-80.8559873545871,41.8631572927674],[-80.8591228351531,41.8623195510381],[-80.8622256161444,41.8615409398529],[-80.8663907447908,41.8604320822779],[-80.870604472294,41.8593086857024],[-80.8746394350557,41.8582703749559],[-80.8787704277212,41.8571871517968],[-80.8829755313977,41.8560888571946],[-80.8871607823064,41.8549957620225],[-80.8910714182328,41.8539673509654],[-80.8946118584306,41.8530541462247],[-80.8974960793133,41.8523200522405],[-80.9016946252882,41.8512064839791],[-80.9058476266782,41.8501103611115],[-80.9100134739768,41.8490395812906],[-80.913418283838,41.8481067262999],[-80.9170191321454,41.8471772002566],[-80.9204488495945,41.8462901528545],[-80.9240211772899,41.845334041272],[-80.9278501967811,41.8443425022148],[-80.930113609039,41.8437540902289],[-80.9323717940002,41.843158350882],[-80.9363399508509,41.8431441453203],[-80.9405808065773,41.843108341964],[-80.9448627171089,41.8430892691398],[-80.9490487773997,41.8430228822829],[-80.9530096282521,41.8429829296755],[-80.9570948068382,41.8429466577725],[-80.9593850616551,41.8420167649731],[-80.9627382031161,41.8407934618808],[-80.9662989452393,41.8394445823269],[-80.9700660303832,41.8379776811851],[-80.9733981512666,41.8367466709914],[-80.9769345490456,41.8354366601971],[-80.9799635783521,41.8342925437359],[-80.9832872550719,41.8330642751712],[-80.9871530650655,41.8316214572992],[-80.9908940990663,41.8302144851004],[-80.9948226105684,41.8287313737394],[-80.9988035738018,41.8272415381571],[-81.0025514358969,41.8258256342485],[-81.0054919020962,41.8246406442434],[-81.0082358061316,41.8235818881809],[-81.0114099133565,41.8224049601996],[-81.0152243397159,41.8209720777707],[-81.0186036221517,41.8196606723206],[-81.0212774575949,41.8186444803203],[-81.0250044778772,41.8172143932319],[-81.0289240071249,41.8157103612068],[-81.0325242751206,41.8143597472399],[-81.0359777583988,41.8130250397591],[-81.0382117786789,41.8121552398481],[-81.0413610025704,41.8116651307082],[-81.0453236509517,41.8110319342771],[-81.0495749280338,41.8103740902951],[-81.0539079518068,41.8097083392893],[-81.0576782708858,41.8091419473291],[-81.0616472065757,41.8085347707432],[-81.0657838604242,41.8078641802418],[-81.0692119195833,41.8073062751784],[-81.0734567296937,41.8066288411957],[-81.0777421427566,41.8059455737704],[-81.082030699923,41.8052686617633],[-81.085517062439,41.8047317602642],[-81.0898325681655,41.8040589858001],[-81.0941833785811,41.8033769652881],[-81.0978455396016,41.802804355296],[-81.1008056690241,41.8023416301897],[-81.1042179196309,41.8018081856922],[-81.1077031134387,41.8012376389648],[-81.1118816269827,41.8005888701776],[-81.1159566546061,41.7999316562706],[-81.1202071232044,41.7992590323102],[-81.1236206305542,41.7987189329305],[-81.1270446499895,41.7981771547702],[-81.1306814794173,41.7976016862518],[-81.1345894203978,41.7969832852232],[-81.1388115022331,41.7963150497399],[-81.1427013870764,41.7956995830529],[-81.144478524203,41.7945985581523],[-81.1465297373227,41.793367851789],[-81.1474325441833,41.7928083477274],[-81.1488437076631,41.790784471707],[-81.1504916670518,41.7884633473158],[-81.1517502435958,41.786583477961],[-81.1530158889828,41.7859587681003],[-81.1526558037927,41.7876574318688],[-81.1524014871425,41.7908079477682],[-81.1521282178364,41.7942182849389],[-81.1518834269215,41.7970144927527],[-81.1506531841399,41.7980028338269],[-81.1483462206588,41.799137082755],[-81.147402959966,41.7996091629458]]},"properties":{"VOLTAGE":345,"VOLT_CLASS":"345","OWNER":"AMERICAN TRANSMISSION SYSTEMS, INC.","STATUS":"IN SERVICE","TYPE":"AC; OVERHEAD","ID":"103658","SUB_1":"TAP136893","SUB_2":"PERRY","INFERRED":"N","SOURCEDATE":1406505600000}},{"type":"Feature","geometry":{"type":"LineString","coordinates":[[-83.7729778176769,34.5911989238235],[-83.7729492961667,34.5915550310083],[-83.7721554459669,34.5924394217457],[-83.7737176557719,34.5949968391333],[-83.7742286678112,34.5958674967175],[-83.7745851866896,34.5963126063696],[-83.7748218164101,34.5961483309931]]},"properties":{"VOLTAGE":-999999,"VOLT_CLASS":"NOT AVAILABLE","OWNER":"GEORGIA POWER CO","STATUS":"IN SERVICE","TYPE":"OVERHEAD","ID":"104832","SUB_1":"UNKNOWN110446","SUB_2":"UNKNOWN110447","INFERRED":"N","SOURCEDATE":1400630400000}},{"type":"Feature","geometry":{"type":"LineString","coordinates":[[-82.3414150000214,40.018155999888],[-82.3403419579229,40.0170439048018],[-82.3425670004401,40.0144529999639],[-82.3473710001367,40.0092500003123],[-82.3561700001413,40.0056940002183],[-82.3723060001104,40.0004320002447],[-82.3823780000091,39.998706999684],[-82.3860552114039,39.9980888797286],[-82.396972178337,39.9984124868482],[-82.4008173872662,39.9985362188804],[-82.4110014798445,39.9944911346963],[-82.4209666628694,39.9905126767031],[-82.4380321568495,39.991702407316],[-82.4493203202344,39.9923591381559],[-82.4571915770445,39.9934917622708],[-82.469345863687,39.9910076043032],[-82.47779770975,39.9893610169416],[-82.4882673381295,39.9872290199464],[-82.5033436027445,39.9895513740094],[-82.5067540001268,39.9900630000055],[-82.5199332052197,39.9888470538567],[-82.5307740291527,39.987847680063],[-82.5428997628439,39.9880856262523],[-82.5509708939063,39.9882379119016],[-82.5644386441567,39.9885139288185],[-82.5783632497128,39.9887423581418],[-82.5876526651838,39.9891040358826],[-82.5967231711015,39.9894752316589],[-82.6064218536261,39.9898559453157],[-82.6137601121303,39.9901224447828],[-82.6260571662243,39.9889422321406],[-82.6372501513082,39.9890278930334],[-82.6468536546335,39.9891040358826],[-82.6468580159542,39.9902567640075],[-82.6480505285955,39.9912413412355]]},"properties":{"VOLTAGE":138,"VOLT_CLASS":"100-161","OWNER":"OHIO POWER CO","STATUS":"IN SERVICE","TYPE":"AC; OVERHEAD","ID":"104867","SUB_1":"UNKNOWN114949","SUB_2":"KIRK","INFERRED":"Y","SOURCEDATE":1477353600000}},{"type":"Feature","geometry":{"type":"LineString","coordinates":[[-94.158622926735,43.1699540898926],[-94.1591029370155,43.1703770590397],[-94.1592190667239,43.1715904486823],[-94.1594016043896,43.1728729552119],[-94.1613736759329,43.1728614896979],[-94.1634444723258,43.1728494352153],[-94.1654191489834,43.1728379696969],[-94.1676639490468,43.172824933162],[-94.182559453762,43.1728156302407],[-94.1850589262085,43.172814188943],[-94.1861782270526,43.1741891722202],[-94.1872115591239,43.1754674950385],[-94.1879840204367,43.1772158848138],[-94.1888283469722,43.1789328466977],[-94.1896190440853,43.180568074695],[-94.1903879310016,43.1822782059495],[-94.192367080371,43.1832826822408],[-94.1944693177988,43.1844018437174],[-94.1965710162376,43.1855204619877],[-94.1985934832683,43.1866618533049],[-94.2044158239507,43.1873439520887],[-94.2064996459153,43.187596053169],[-94.2089587840056,43.1878957698042],[-94.2115049688469,43.1882699550499],[-94.2132059288374,43.1895836788177],[-94.2142179708365,43.1903708646899],[-94.2165246791961,43.1903479173076],[-94.2266736036292,43.1903739108483],[-94.2365194858929,43.1903262562336],[-94.2515586707479,43.1902959308481],[-94.266609740314,43.1901356387127],[-94.2764496811204,43.190122641893],[-94.2867115031235,43.1901659641779],[-94.3059813873524,43.1902222832333],[-94.3247521433548,43.1903999037229],[-94.3415917523635,43.1904908796795],[-94.3639526613315,43.1906225792953],[-94.3741538749008,43.1906849627076],[-94.384193466279,43.1905948528772],[-94.4033504520396,43.1905601951643],[-94.4158333918204,43.1906156467095],[-94.4238194308659,43.1907265522687],[-94.4428267240625,43.1905489451736],[-94.4563577848791,43.1906173796923],[-94.4624328791432,43.1906243122779],[-94.4716599497368,43.1907479820058],[-94.4820169859735,43.1907769298224],[-94.5042930328934,43.1909500918261],[-94.5236021339743,43.1911025841175],[-94.5412950131454,43.1910194067894],[-94.5606326348382,43.1911025841175],[-94.5749219411283,43.1909085030723],[-94.5977867304106,43.1907837359859],[-94.6194631222339,43.1908669142901],[-94.6370514213363,43.190859983042],[-94.6589666805835,43.1909154349698],[-94.6789317781972,43.1909457600476],[-94.6976485867736,43.1909994802355],[-94.6996096988704,43.1911012572108],[-94.7017974559133,43.1911102298766],[-94.7037013453265,43.1911358379886],[-94.7061616512266,43.1910747321691],[-94.7087116988236,43.191045259887],[-94.7112271612822,43.1910555417854],[-94.7134606425732,43.1910733567962],[-94.7157707501578,43.1910827879237],[-94.7183322063589,43.1911042699308],[-94.7209872670127,43.1910768928142],[-94.7234411050428,43.1910884858959],[-94.7258403264019,43.1910860632753],[-94.7278136546882,43.191034387886],[-94.729627712573,43.1909682389225],[-94.7309092491573,43.1909428927166],[-94.73150403808,43.1909328956985],[-94.731961261695,43.1906347311306]]},"properties":{"VOLTAGE":161,"VOLT_CLASS":"100-161","OWNER":"MIDAMERICAN ENERGY CO","STATUS":"IN SERVICE","TYPE":"AC; OVERHEAD","ID":"104889","SUB_1":"UNKNOWN130503","SUB_2":"UNKNOWN130507","INFERRED":"N","SOURCEDATE":1438300800000}},{"type":"Feature","geometry":{"type":"LineString","coordinates":[[-84.7164718073777,37.793281757692],[-84.7160592111677,37.7928879291075],[-84.7163058400357,37.7924565407696],[-84.716412914726,37.7919461460644],[-84.7159917512831,37.7922174049647],[-84.7150958839081,37.7931953632726],[-84.7145608212738,37.7947439592542],[-84.7133279437334,37.7964910360486],[-84.7119240619973,37.798568304922],[-84.7106629450177,37.800444973297],[-84.7100515031263,37.8014134832146],[-84.7077553230218,37.8032040280543],[-84.7054531951719,37.8050064690732],[-84.702782249609,37.8070647031302],[-84.6991297769189,37.8099260052771],[-84.6946563895861,37.8133345826991],[-84.6888788200391,37.8178631939756],[-84.6842521971869,37.8213117260514],[-84.6822177583084,37.8229059650382],[-84.6764252336085,37.8272509803145],[-84.6716529920521,37.8311707147791],[-84.6710533666,37.8316466076803],[-84.6688309211123,37.8334476561996],[-84.6666751593649,37.8350730306669],[-84.6643623226984,37.8369290108267],[-84.663486680892,37.8375667072705],[-84.662744289785,37.8381377766915],[-84.6604695246186,37.8399366498485],[-84.6583946346029,37.8415356481122],[-84.6528838027115,37.8461518018195],[-84.651865394352,37.8471035863365],[-84.6511325199971,37.8478174249972],[-84.650082953572,37.848670984873],[-84.649466897035,37.8491213692312],[-84.6454789197559,37.8525953818998],[-84.6430518703859,37.8547083442353],[-84.6418431036278,37.8557553069573],[-84.6413672121229,37.856202645],[-84.6394826787091,37.8577921248969],[-84.6383310196503,37.8590008906628],[-84.6370175569407,37.8604761567116],[-84.6367079373067,37.8609779350806],[-84.6366689504234,37.861033964303],[-84.6349049287,37.8635379691096],[-84.6329534375599,37.8658442207219],[-84.6317732246514,37.867271897689],[-84.6298125491359,37.8694324481516],[-84.6281599283892,37.8711269832242],[-84.6273729143687,37.8719419752549],[-84.6249209628007,37.8741999787089],[-84.6242869318732,37.8747819311435],[-84.6215355071423,37.8773360109242],[-84.615450437087,37.8829576449041],[-84.6105612124227,37.8874342529631],[-84.6045799516816,37.8925614698644],[-84.5984028600052,37.8979850650301],[-84.5924199427707,37.9032147117271],[-84.589042085063,37.9063741400438],[-84.5846501057563,37.9107871633185],[-84.5803021223389,37.9148238167509],[-84.5776547638404,37.9169264901401],[-84.5770333506493,37.9175339276773]]},"properties":{"VOLTAGE":138,"VOLT_CLASS":"100-161","OWNER":"NOT AVAILABLE","STATUS":"IN SERVICE","TYPE":"AC; OVERHEAD","ID":"108551","SUB_1":"BROWN PLANT","SUB_2":"TAP155024","INFERRED":"Y","SOURCEDATE":1411084800000}},{"type":"Feature","geometry":{"type":"LineString","coordinates":[[-94.8432554772156,40.3460125858035],[-94.842384544378,40.3465229047141],[-94.8422134153164,40.347865182997],[-94.8420489059401,40.3492119270264],[-94.8408829834311,40.3493819857542],[-94.8385809597857,40.3497179942504],[-94.8311470405852,40.3563240413182],[-94.827521979986,40.3595319487964],[-94.8174109411016,40.3682614389475],[-94.811278803817,40.3736576309842],[-94.8097933056457,40.3749341842257],[-94.8059072422356,40.381886896908],[-94.8028419353647,40.3854169526889],[-94.8009079523895,40.3877769582341],[-94.796471981685,40.3931899922463],[-94.7890609704226,40.4022339839143],[-94.7868619844386,40.4049169559065],[-94.7845619379851,40.4077229452166],[-94.783508932809,40.4165669868803],[-94.7823674417809,40.4273895269575],[-94.7810089213733,40.4311629299826],[-94.7795229282303,40.4357259442142],[-94.7761829021725,40.44546598008],[-94.7759369434477,40.4461829771318],[-94.7698049525884,40.4589729929623],[-94.7686959832685,40.4602089580419],[-94.7591319797646,40.4708659656962],[-94.7565998975749,40.4736879276926],[-94.748365940579,40.4828609633228],[-94.745529959227,40.4874269567994],[-94.7430932439846,40.4911799816592],[-94.7384965179633,40.4983881777464],[-94.7347292935805,40.5046865822783],[-94.7284070143913,40.5112102731565],[-94.7228096558734,40.5171461000305],[-94.714847385352,40.5255077672908],[-94.7097622273445,40.5308073458824],[-94.7073200683114,40.5353505407388],[-94.704042974629,40.5411629623026],[-94.7019722743558,40.5450546049226],[-94.7010405893538,40.5467308448393],[-94.6970998401025,40.5539581668704],[-94.6935702955708,40.5603912921825],[-94.6921299655904,40.5629029950691],[-94.6876401866986,40.5711072810893],[-94.6866187923391,40.5724102622877],[-94.6848569912511,40.5746579208072],[-94.6825396127025,40.5776050370461],[-94.6768632266941,40.5848102582093],[-94.6735333336327,40.5890880759299],[-94.6690768391189,40.594681314876],[-94.6647272998194,40.6002091201819],[-94.6596433311813,40.606494345192],[-94.6560282221188,40.6109872960559],[-94.6507802543475,40.6170279452459],[-94.6466802787121,40.621817854989],[-94.6417246559719,40.6274408260926],[-94.6372396399479,40.6323328050961],[-94.6333250550275,40.6365588830449],[-94.6296457730161,40.6405195738831],[-94.6239313146093,40.6467071959684],[-94.6194902253043,40.6514624608111],[-94.6170897750498,40.6540829450337],[-94.6154705536654,40.6557649562719],[-94.6135025658634,40.65882118806],[-94.6093883285746,40.6652036618088],[-94.6060299149011,40.6703200178787],[-94.6007035116291,40.6785021269389],[-94.5964466676872,40.6850719633273],[-94.5932379923918,40.6900191903021],[-94.5895658403088,40.6956310100786],[-94.5863642940435,40.700512584258],[-94.5824211876129,40.7043883959919],[-94.5782712997837,40.7083774898163],[-94.5728379412973,40.7134472947214],[-94.5672762351164,40.718727481266],[-94.5631334781139,40.7225914250195],[-94.5612225333325,40.7257418599422],[-94.5551973521605,40.7355272512494],[-94.5489226073245,40.7456785449496],[-94.5457495816712,40.7507509108557],[-94.5424838633554,40.7560821500896],[-94.5395491113396,40.7608203657001],[-94.5360226417411,40.7665029483113],[-94.5310431848998,40.774526486748],[-94.5277343249924,40.7799061368625],[-94.525734572762,40.7848537331582],[-94.5249930116983,40.7867919108548],[-94.5219483337395,40.7907328782323],[-94.5182619217997,40.7955103119843],[-94.512987033316,40.8024458063349],[-94.5090758700785,40.8074684543294],[-94.5055555638212,40.8122583060677],[-94.5033094899467,40.8151832387188],[-94.5012324134316,40.8179246567605],[-94.4998940332527,40.8195703969329],[-94.4974910901733,40.822662278092],[-94.4950738881355,40.8258025762165],[-94.4888784411828,40.833887502821],[-94.4847918630216,40.839085144787],[-94.4798505010365,40.8455851889259],[-94.47351871318,40.8537727192028],[-94.4696896927905,40.858712794074],[-94.4685844820217,40.8601365027003],[-94.4648695476732,40.86495747086],[-94.4610975712026,40.869864359761],[-94.4575395051606,40.8744905232023],[-94.4539243960981,40.8792134039646],[-94.4514501501414,40.8815962830894],[-94.4473047961094,40.8856459979362],[-94.4399756168777,40.8929017358208],[-94.4339165171173,40.8987537092796],[-94.4325474819293,40.9001388300511],[-94.4312426196903,40.9016424891119],[-94.429281272235,40.9025324248412],[-94.4245257914451,40.9047898222177],[-94.4185933047324,40.9076352279217],[-94.4167821852369,40.9083735039054],[-94.4134950753392,40.9117576152109],[-94.4069493752573,40.9183475112352],[-94.4024857499168,40.9227116772039],[-94.3983287312608,40.9268762217255],[-94.3922964201604,40.9330336656956],[-94.3847453345957,40.9405694243159],[-94.3792763237724,40.9460416008181],[-94.3751193060147,40.9502046762205],[-94.3683786930757,40.9551037180306],[-94.3632533875616,40.9588300170882],[-94.3580420171549,40.9626923269092],[-94.3530507429761,40.9664666982535],[-94.3474890376935,40.9705369606745],[-94.346412348435,40.9717482999709],[-94.3422054166869,40.9763727197794],[-94.3380697896128,40.9810506452366],[-94.337285447182,40.9819011410627],[-94.3347898096434,40.9846732520341],[-94.3341837262027,40.9865248491381],[-94.3325009544018,40.9916595310033],[-94.3308680938964,40.9961641580633],[-94.329166151149,41.001369540111],[-94.3285649778996,41.0030093091933],[-94.3283839781496,41.0123242561351],[-94.3280729813982,41.0209045151397],[-94.3280207677207,41.0287902950404],[-94.3279945458975,41.0360142692601],[-94.3278947206116,41.0456248277581],[-94.3278875897849,41.0518142099368],[-94.3281941973677,41.0620514923241],[-94.3284794133688,41.0704702481191],[-94.3284599307069,41.0797860279769],[-94.3285335907636,41.085047612052],[-94.3284865432972,41.0902065523072],[-94.328507934879,41.1015124821941],[-94.3285031037395,41.1114681253027],[-94.3285295708027,41.1156969192066],[-94.3312468963837,41.115705950101],[-94.3368234571061,41.1157305711931],[-94.3443920705987,41.1157802606978],[-94.3478621951676,41.1157802606978],[-94.3484088577472,41.1157086362233],[-94.3487981938795,41.1154180139322]]},"properties":{"VOLTAGE":161,"VOLT_CLASS":"100-161","OWNER":"WAPA-- WESTERN AREA POWER ADMINISTRATION","STATUS":"IN SERVICE","TYPE":"AC; OVERHEAD","ID":"102969","SUB_1":"UNKNOWN117366","SUB_2":"CRESTON","INFERRED":"Y","SOURCEDATE":1413244800000}},{"type":"Feature","geometry":{"type":"LineString","coordinates":[[-85.1404010004032,36.7028089999056],[-85.1402649999607,36.7026350000781],[-85.1400609997462,36.7026229997278],[-85.1398274772982,36.7005690670101],[-85.1397040002692,36.699700999821],[-85.1400160004387,36.6980169998686],[-85.1410202468577,36.6951763879581],[-85.1397610001706,36.6941440001781],[-85.1396844583185,36.6940803117531],[-85.1409200002619,36.6913439999168],[-85.1342600003399,36.6853979999556],[-85.131879000408,36.6818619997086],[-85.1301289995896,36.6802939999467],[-85.1293123878771,36.6796036710621],[-85.1285360000282,36.6799640003565],[-85.1288230000834,36.6802569999954]]},"properties":{"VOLTAGE":69,"VOLT_CLASS":"UNDER 100","OWNER":"EAST KENTUCKY POWER COOP, INC","STATUS":"IN SERVICE","TYPE":"AC; OVERHEAD","ID":"102992","SUB_1":"UNKNOWN124782","SUB_2":"UNKNOWN124783","INFERRED":"Y","SOURCEDATE":1432166400000}},{"type":"Feature","geometry":{"type":"LineString","coordinates":[[-95.47260013915,35.4343136582023],[-95.4723333637652,35.4344612202745],[-95.4723305358687,35.4349953441585],[-95.4779717716983,35.4370869187519],[-95.5137576756007,35.4373136822917],[-95.5217621831102,35.4371709142952],[-95.5368670006764,35.4369139328737],[-95.545956541895,35.4373707889802],[-95.5540562277054,35.4378371637553],[-95.5679142079118,35.4383130563017],[-95.5795545324477,35.4386652156629],[-95.5823622959199,35.4387318410842],[-95.5920329330413,35.4386909533174],[-95.5967281063329,35.4387636372991],[-95.6060436960163,35.4388231237941],[-95.6076609240392,35.4371719733603],[-95.6080609438352,35.4368149497992],[-95.6100659844477,35.4354249727578],[-95.6150701817902,35.4313706523098],[-95.6178398737624,35.4317989549195],[-95.622950957149,35.4292148601018],[-95.6364853309524,35.4290007091638],[-95.6807718594379,35.4284153608491],[-95.7001882606862,35.4281012719338],[-95.7495102038686,35.4272560881339],[-95.7696333061576,35.4269134460783],[-95.7921691808919,35.4265922179645],[-95.8057606632929,35.4263495126977],[-95.8201873345663,35.4261139466718],[-95.8325639470551,35.4259269471195],[-95.8341785645737,35.4259069340673],[-95.8492476920737,35.4255999827077],[-95.8536092436452,35.4257784426875],[-95.8637569571493,35.4261209292625],[-95.8643619715949,35.4261309569908],[-95.8651039809179,35.4261369586943],[-95.8692679417543,35.426208989349],[-95.8700909782177,35.4262229698853],[-95.8705319611906,35.4262299239184],[-95.8709719560168,35.426237975956],[-95.8719849861627,35.4262549577006],[-95.8722929286421,35.4262669632846],[-95.8726659091481,35.4262709893016],[-95.8731739064412,35.4262819693471],[-95.8740139210634,35.4262859953634],[-95.8749839219072,35.4262959513348],[-95.8750689034314,35.4263079547167],[-95.8753909485624,35.4263089802525],[-95.880174926608,35.4263899397142],[-95.9113873160579,35.4266421872079],[-95.9256355289153,35.4268135078969],[-95.9277844688565,35.4253216489131],[-95.9299149133843,35.4238321377193],[-95.9322574501507,35.4221823562658],[-95.9347249425731,35.4204647512178],[-95.9367538765755,35.4190236856688],[-95.9385096346966,35.4177980472618],[-95.9428520009485,35.4147391390204],[-95.9458158125654,35.4126850377948],[-95.9478565153964,35.4112576712706],[-95.9501088613082,35.4096751362084],[-95.9514198626339,35.4087458811538],[-95.9551767968151,35.4061390482871],[-95.9581708816571,35.4040160470328],[-95.9604709281106,35.4024013717769],[-95.9627150104201,35.4008356506603],[-95.9642226520632,35.3997807872174],[-95.9655856658438,35.3988079962612],[-95.9666342692749,35.3988041878154],[-95.9690937666913,35.3988091671331],[-95.9715335011714,35.3988110709898],[-95.9731648417274,35.3988110709898],[-95.9757622314382,35.3988156841807],[-95.9777126526848,35.3988202241462],[-95.9803572030497,35.3988145858019],[-95.9825086681552,35.3988379446541],[-95.9850676090735,35.3979173517926],[-95.9874882992696,35.3970437600783],[-95.9901981571557,35.3960591456992],[-95.9915676388063,35.3955840433589],[-95.9935106049344,35.3948977451448],[-95.9957699577054,35.3940821917696],[-95.9990769257609,35.3928089402631],[-96.0002769851489,35.3923799529123],[-96.0023379000738,35.3917899278147],[-96.002891980941,35.3916299897727],[-96.0034919657193,35.3914579681454],[-96.0105287082916,35.3887422560595],[-96.0285176461293,35.3823896460959],[-96.0494806965652,35.3748110627665],[-96.0632339817185,35.3699569617668],[-96.0909190113395,35.3608793190034],[-96.0996873239956,35.3580001706757],[-96.1097405473083,35.354038367648],[-96.1170216981133,35.3512068102003],[-96.1172239520029,35.3524322320934],[-96.1174429001837,35.3526239827859]]},"properties":{"VOLTAGE":138,"VOLT_CLASS":"100-161","OWNER":"SOUTHWESTERN POWER ADMINISTRATION","STATUS":"IN SERVICE","TYPE":"AC; OVERHEAD","ID":"104741","SUB_1":"UNKNOWN118924","SUB_2":"UNKNOWN118930","INFERRED":"Y","SOURCEDATE":1412640000000}},{"type":"Feature","geometry":{"type":"LineString","coordinates":[[-83.755048883707,31.154332502311],[-83.7568493078607,31.1565046277376],[-83.7624621147065,31.1632612079331],[-83.7670968691087,31.1688987790583],[-83.7712039746725,31.1738893370857],[-83.7752255157055,31.178635613039],[-83.7751949900539,31.1815955190395]]},"properties":{"VOLTAGE":-999999,"VOLT_CLASS":"100-161","OWNER":"GEORGIA POWER CO","STATUS":"IN SERVICE","TYPE":"OVERHEAD","ID":"108961","SUB_1":"TAP142748","SUB_2":"TAP142757","INFERRED":"Y","SOURCEDATE":1409616000000}},{"type":"Feature","geometry":{"type":"LineString","coordinates":[[-83.1749081496829,37.2449874673377],[-83.1797664866744,37.2452956991365],[-83.1938528958812,37.24034642011],[-83.1991352996706,37.2431303903564],[-83.2008419998957,37.2451929999186],[-83.2010500003082,37.2492080000439],[-83.1993799998557,37.251543999663],[-83.2019192685676,37.2542186779839],[-83.2025379293206,37.2612380876573],[-83.2037038653043,37.2638079062905],[-83.2042987296854,37.2707797267379],[-83.2050489999158,37.2743040000166],[-83.2082336910914,37.2743133721529]]},"properties":{"VOLTAGE":69,"VOLT_CLASS":"UNDER 100","OWNER":"KENTUCKY POWER CO","STATUS":"IN SERVICE","TYPE":"AC; OVERHEAD","ID":"108992","SUB_1":"HAZARD","SUB_2":"UNKNOWN121485","INFERRED":"Y","SOURCEDATE":1439251200000}},{"type":"Feature","geometry":{"type":"LineString","coordinates":[[-82.7741909995943,38.5690180001133],[-82.7755975223773,38.5637883159663],[-82.7927960272066,38.5662302811344],[-82.795377229276,38.5665647897751],[-82.7962471362376,38.5646246137688],[-82.7971805343268,38.5623819269484],[-82.7985733155809,38.559095071755],[-82.800931034774,38.5541494307862],[-82.8016887637161,38.5523992718131],[-82.8023329456064,38.5509275542732],[-82.8023227048121,38.548392844679],[-82.8021828371224,38.5447869550329],[-82.8017109521036,38.5411329647119],[-82.8016809483732,38.5406479402062],[-82.8016819374183,38.5339359453295],[-82.8016819374183,38.5336009693416],[-82.8014389997278,38.5287290001387],[-82.800096266313,38.5248558492928],[-82.7974939008339,38.5174249457959],[-82.7974639869349,38.5173289352244],[-82.7964739536603,38.5145869570142],[-82.7955739315771,38.5116089762952],[-82.7943549177366,38.5082089638023],[-82.7929479763386,38.5042829576585],[-82.7925789484199,38.5033239370229],[-82.7921669810306,38.5020109393339],[-82.7917469288037,38.501202966281],[-82.7914579407768,38.500262955243],[-82.7909669216425,38.4984429377587],[-82.790931977178,38.4983469721798],[-82.7909069141815,38.4982769488635],[-82.789672269655,38.4955823352677],[-82.7888216549125,38.4933601716856],[-82.7875297877024,38.4896837417116],[-82.7862527426945,38.4861183648368],[-82.7850112709719,38.4839603922048],[-82.7830080278883,38.4804696946977],[-82.7819557413644,38.4786131707487],[-82.7783209789602,38.4726273199912],[-82.7746419278157,38.4656409276755],[-82.7685229634264,38.4593199403313],[-82.7649699468147,38.4555739596499],[-82.7640669602911,38.4546219592973],[-82.7640039883897,38.4545559729329],[-82.763982967812,38.4545269898729],[-82.7639379622163,38.454454954256],[-82.763112948561,38.4536169721468],[-82.7572529693664,38.4470929429859],[-82.7562459579329,38.4459579753498],[-82.7552008579314,38.4446901562782],[-82.7525862205671,38.4399377472523],[-82.7516233173124,38.4381941689742],[-82.7501912230865,38.4356029276952],[-82.749116209186,38.4336569388825],[-82.7483382681499,38.4322141777406],[-82.74514682344,38.4264282773416],[-82.7434418210307,38.4233470693091],[-82.7415505080316,38.4200064470849],[-82.7383439716249,38.4141329931813],[-82.7362635632584,38.4097544611201],[-82.7347675988158,38.4059887317628],[-82.7331858452635,38.4019802853329],[-82.7313547193883,38.3974056491436],[-82.7283262847665,38.3895709151399],[-82.7270976032569,38.3860625687342],[-82.7258625095728,38.3830983629647],[-82.7240481821934,38.3785919667633],[-82.7219173783395,38.3734103290391],[-82.7211069182902,38.3709025470191],[-82.7205219353771,38.3694505741851],[-82.719191979599,38.3661636673044],[-82.7189689279139,38.3656326678453],[-82.7188279822459,38.3652976837378],[-82.7187299760484,38.365046655943],[-82.7185609131119,38.3646146797254],[-82.7161269278496,38.3585637940398],[-82.7158479111223,38.3578647369977],[-82.7152359787508,38.3563237453169],[-82.7137729815808,38.3536756772996],[-82.7119393413211,38.3506325803064],[-82.7109614353028,38.3489276377245],[-82.707256244082,38.3428390849554],[-82.7054521565986,38.3399078441275],[-82.7037239785533,38.3370335586594],[-82.7022328650132,38.334535226981],[-82.7004991174131,38.3316675636596],[-82.6992518057428,38.3295906643103],[-82.6971394173522,38.3261205510835],[-82.6940913437617,38.3210655397315],[-82.6920583664422,38.3177063782621],[-82.689740353683,38.313847047937],[-82.688168840925,38.3112450768928],[-82.6849333787662,38.3058930332892],[-82.6830555395979,38.3027345727156],[-82.6820569732264,38.300651980134],[-82.6817339390502,38.3001019602421],[-82.6792969004143,38.2956619577411],[-82.6792799213571,38.2956199393159],[-82.6790359389259,38.2951879727857],[-82.6784579628721,38.2941339551993],[-82.6739129366921,38.2847239666502],[-82.6734069156926,38.2836939832202],[-82.6727129671356,38.2826119447485],[-82.6710069765795,38.278631994935],[-82.670900975376,38.2784179712157],[-82.6690009487186,38.2739079526554],[-82.6673990729039,38.2710940308323],[-82.6647465284313,38.2653574521346],[-82.6625021766271,38.2603217651874],[-82.6600849000291,38.2549616626954],[-82.6590826056491,38.2528914680306],[-82.6581498570419,38.2509117572683],[-82.6571919645898,38.2484329741378],[-82.6561399475606,38.2464069558699],[-82.6548619153042,38.243367963689],[-82.6546719216216,38.2428919426475],[-82.6526569106078,38.2381219727093],[-82.6504549601833,38.2334339648085],[-82.6489936922702,38.23054356984],[-82.6471472303566,38.2258607909401],[-82.6453578752438,38.221596797236],[-82.6446916262386,38.2198645488033],[-82.6433015857444,38.2163808691021],[-82.6422099530111,38.2135755877322],[-82.6406786847778,38.2098042473229],[-82.6390097048114,38.2054903737221],[-82.6380274868798,38.2028983560249],[-82.6370428425985,38.2005079333376],[-82.6354818410276,38.196677460076],[-82.6331345431902,38.1927997652945],[-82.6292572347609,38.1863954846503],[-82.6229004863159,38.185241954019],[-82.6208949076126,38.1848626413087],[-82.6176375265608,38.1842481251072],[-82.6117580512296,38.1829127867621],[-82.6098913897985,38.1813687613378]]},"properties":{"VOLTAGE":765,"VOLT_CLASS":"735 AND ABOVE","OWNER":"NOT AVAILABLE","STATUS":"IN SERVICE","TYPE":"AC; OVERHEAD","ID":"109099","SUB_1":"BAKER","SUB_2":"HANGING ROCK","INFERRED":"N","SOURCEDATE":1411084800000}},{"type":"Feature","geometry":{"type":"LineString","coordinates":[[-84.883774000078,31.0430359997676],[-84.8840870000725,31.0430080003477],[-84.8842100000961,31.0373209996294],[-84.8843153958351,31.0346497842439],[-84.8852090003539,31.0281259997654],[-84.8860460613154,31.022630409318],[-84.8870157612236,31.0167852382284],[-84.8871590002906,31.0159080001602],[-84.8874201656965,31.0101500772704],[-84.8877155820676,31.0041824481074],[-84.8880626093467,30.9968873189857],[-84.8881459999545,30.995118999667],[-84.8859493424037,30.994778268379],[-84.8852600695778,30.9940957279256],[-84.8845049996489,30.9931229997906],[-84.8842736996329,30.9924759506786],[-84.884323000074,30.9917980003249],[-84.8844519586229,30.9910904579742],[-84.8853459997229,30.9895409998583],[-84.8793404422484,30.9830695638141],[-84.8732306828958,30.9764721530731],[-84.8673609219461,30.9701168183197],[-84.8604225386091,30.9627038169732],[-84.8581526980071,30.9601969092307],[-84.8529712792286,30.9545204567755],[-84.8486930437049,30.949801713223],[-84.8436214044441,30.9439768553747],[-84.8402081998265,30.9401853877467],[-84.8403029496311,30.9327491053775],[-84.8331768848751,30.932462594021],[-84.8232018940439,30.922503844684],[-84.8145906958326,30.9139756479022],[-84.8074548268635,30.9069320606359],[-84.8010616508354,30.9002856970991],[-84.7777622458389,30.8765742728344],[-84.7770008176344,30.8765504789582],[-84.7769955049978,30.8766835051622],[-84.7770860003812,30.8768500002605]]},"properties":{"VOLTAGE":115,"VOLT_CLASS":"100-161","OWNER":"GEORGIA POWER CO","STATUS":"IN SERVICE","TYPE":"AC; OVERHEAD","ID":"100832","SUB_1":"UNKNOWN111610","SUB_2":"UNKNOWN111611","INFERRED":"Y","SOURCEDATE":1401926400000}},{"type":"Feature","geometry":{"type":"LineString","coordinates":[[-81.5779495350398,41.1774654401251],[-81.5784386299828,41.1782358189907],[-81.5792228008353,41.1794481902684],[-81.5807337015662,41.1817843979968],[-81.5775880197318,41.1870551890021],[-81.5753087818536,41.1909817357137],[-81.5737807233008,41.1935506786687],[-81.5733770249037,41.1942351370404],[-81.5711692408198,41.197980682963],[-81.5693379846889,41.2009943049482],[-81.5663359057393,41.2039264140436],[-81.5633208919478,41.2068675858258],[-81.561246087272,41.2089552281052],[-81.5577559257807,41.2123792852366],[-81.5571938669754,41.2151621607448],[-81.5553057259275,41.2171382526767],[-81.5529569018525,41.2184816431262],[-81.5507257427065,41.2197614177559],[-81.5498959877432,41.221672074219],[-81.5482606002769,41.2253199387841],[-81.5468654196226,41.2284410002529],[-81.5465269946107,41.22918240186],[-81.5466360941036,41.2319649448224],[-81.5467128174154,41.233865366072],[-81.5433322243376,41.2354776192538],[-81.539727657005,41.2371325270384],[-81.539184859876,41.238293157757],[-81.5386578326719,41.2394106751197],[-81.5379452359879,41.2415540208228],[-81.5375111314151,41.2428274058956],[-81.535454543675,41.2452901352741],[-81.5323076428268,41.2490036493339],[-81.5294411951119,41.2524167630939],[-81.5278879010862,41.2542360608736],[-81.5278784292498,41.2566928131755],[-81.5278451529567,41.2594088099984],[-81.5278118829519,41.2616704207105],[-81.5278309029814,41.2630251378163],[-81.5277595920192,41.2644331201551],[-81.527764344107,41.2663799362487],[-81.5277452450258,41.2685691337545],[-81.5246602246259,41.2719633030101],[-81.5236292560221,41.2730820437638],[-81.5215597145756,41.2753411649949],[-81.5181852327367,41.2752537913299],[-81.5151728519073,41.2751935077672],[-81.5088180788576,41.2751354547761],[-81.5024601221785,41.2751041949325],[-81.4996655495679,41.275073211202],[-81.4996301927766,41.2780780731114],[-81.4996183080654,41.2801189237588],[-81.4995648340515,41.2823916137317],[-81.4995767160678,41.2845055509697],[-81.49957909301,41.2871125089816],[-81.4995125431188,41.2906771886662],[-81.4995125431188,41.2939379907665],[-81.4994935266826,41.2956380820739],[-81.4994869923372,41.2969749868593],[-81.4994869923372,41.2982744098885],[-81.4994479201139,41.2994621182539],[-81.4980581401311,41.3003396968857],[-81.4960860533165,41.3015757980066],[-81.4952722497377,41.3020743228392]]},"properties":{"VOLTAGE":138,"VOLT_CLASS":"100-161","OWNER":"NOT AVAILABLE","STATUS":"IN SERVICE","TYPE":"AC; OVERHEAD","ID":"102171","SUB_1":"TAP137177","SUB_2":"TAP137179","INFERRED":"Y","SOURCEDATE":1476835200000}},{"type":"Feature","geometry":{"type":"LineString","coordinates":[[-84.0519601601103,32.2928631483365],[-84.051558481126,32.2919148130228],[-84.0528752271779,32.2912035550276],[-84.0541967262159,32.2905646242013],[-84.0554041392129,32.2898573743407],[-84.0559270350651,32.2890094699154],[-84.0564594368895,32.2878199807795],[-84.0578427328326,32.2850511421617],[-84.0584131648347,32.2838696383266],[-84.0594494478717,32.2830779420309],[-84.0605998178481,32.2827283072561],[-84.0626914003584,32.281112735678],[-84.0639748701173,32.2799512748466],[-84.0645167797107,32.2792559997988],[-84.0650064001681,32.2785848317445],[-84.0653724268155,32.2773590346334],[-84.0664657537714,32.2759161887651],[-84.0672025609506,32.2750199259516],[-84.0691372742561,32.2733399103189],[-84.0699976752453,32.2713543967753],[-84.0711718119492,32.2681710536862],[-84.0737720286582,32.260847334673],[-84.0751458168323,32.2563852843592],[-84.0754833228677,32.2554405871547],[-84.0759205311199,32.2541432992571]]},"properties":{"VOLTAGE":115,"VOLT_CLASS":"100-161","OWNER":"GEORGIA POWER CO","STATUS":"IN SERVICE","TYPE":"AC; OVERHEAD","ID":"103149","SUB_1":"UNKNOWN116910","SUB_2":"TAP142440","INFERRED":"Y","SOURCEDATE":1409270400000}},{"type":"Feature","geometry":{"type":"LineString","coordinates":[[-86.377031661566,37.3813803243186],[-86.3769652392356,37.3821307597575],[-86.3750739998983,37.3897060001847],[-86.3734011625661,37.3988913606706],[-86.3717717632695,37.4082883859995],[-86.3705612115589,37.4146266409757],[-86.3690968741024,37.4219788161106],[-86.3680323983385,37.4282414907188],[-86.3669162164452,37.4338018469823],[-86.3655311202783,37.4403821028117],[-86.3639090251832,37.4480298817413],[-86.3631779995612,37.4514000001257],[-86.3526296778645,37.4575753351814],[-86.3395493090124,37.4641774228945],[-86.3306134623524,37.4690129157067],[-86.3221955285897,37.4735540881447],[-86.3142715945714,37.477516166722],[-86.3133155194111,37.4785164756958],[-86.3126778242555,37.4791827249776],[-86.3109170220941,37.4801725809205],[-86.3110217189438,37.4810387051635]]},"properties":{"VOLTAGE":138,"VOLT_CLASS":"100-161","OWNER":"KENTUCKY UTILITIES CO","STATUS":"IN SERVICE","TYPE":"AC; OVERHEAD","ID":"104327","SUB_1":"TAP155580","SUB_2":"UNKNOWN155591","INFERRED":"Y","SOURCEDATE":1432080000000}},{"type":"Feature","geometry":{"type":"LineString","coordinates":[[-83.6988743660602,33.8379905496932],[-83.6985595541638,33.8378949448591],[-83.6982844001923,33.8379250999769],[-83.6984559002581,33.8388303999499],[-83.6987582004192,33.8406337000758],[-83.6990976998162,33.8426262999934],[-83.6994472001573,33.8442978999665],[-83.6999449997754,33.8467026998855],[-83.7005987999274,33.849817399833],[-83.7009539003659,33.8515012000527],[-83.7013599002468,33.8534031998304],[-83.7015900998265,33.8545250997822],[-83.7019458003397,33.8562276003183],[-83.7025916998088,33.8593344000396],[-83.7033744001192,33.863034300224],[-83.7041324003526,33.8666542000338],[-83.7047648996526,33.8695216000369],[-83.7054868001879,33.8726110001365],[-83.7061563001961,33.87447289976],[-83.70688009977,33.8765357002299],[-83.7081395000691,33.8798427998151],[-83.7092820996183,33.8828044001112],[-83.7103905003047,33.885711499794],[-83.711917700068,33.8897586003007],[-83.7125389003584,33.8912653000493],[-83.7131831999279,33.8928398997581],[-83.7165141000008,33.8935069000028],[-83.7191216999632,33.8940372997776],[-83.7196355003731,33.8955933002366],[-83.7202788998307,33.8975600997653],[-83.7209420002408,33.8997222001053],[-83.7218844003475,33.9028007000129],[-83.7227728000275,33.9056894997678],[-83.7239112996658,33.9093532002041],[-83.7243397996496,33.910746000129],[-83.7251115000894,33.9132650997931],[-83.7257666001036,33.9153745997412],[-83.7262229999634,33.9168638002994],[-83.726787800427,33.9187068998891],[-83.7278063004146,33.922034799953],[-83.7288659998362,33.9254890001486],[-83.7296528997706,33.9280241999479],[-83.7302397996884,33.9299670998565],[-83.7309601003242,33.9322915996595],[-83.7314265002298,33.9340158999513],[-83.7319530998359,33.9358269003224],[-83.7321815998032,33.9374695002479],[-83.7326733995735,33.9404939997384],[-83.7332063996759,33.9422444000285],[-83.7339584000615,33.9448686996424],[-83.7359136003454,33.9454616997902],[-83.7378590997225,33.9460544998167],[-83.7422760998049,33.9474095001951],[-83.7464735004278,33.9486852001146],[-83.7485338997196,33.9492991997124],[-83.7504146000221,33.949870800319],[-83.7526741001168,33.9505853998161]]},"properties":{"VOLTAGE":230,"VOLT_CLASS":"220-287","OWNER":"GEORGIA POWER CO","STATUS":"IN SERVICE","TYPE":"AC; OVERHEAD","ID":"108650","SUB_1":"DOYLE ENERGY FACILITY","SUB_2":"UNKNOWN133851","INFERRED":"Y","SOURCEDATE":1397088000000}},{"type":"Feature","geometry":{"type":"LineString","coordinates":[[-82.7800357478532,29.9531483428011],[-82.779962379749,29.9537312097386],[-82.7798481661471,29.9539548786774],[-82.7823851890709,29.9528562091079],[-82.7867965252753,29.9586757448357],[-82.7909939492545,29.9642684377287],[-82.7932328923023,29.9672376269997],[-82.7971403472942,29.9724015800281],[-82.8038001334172,29.9812258012085],[-82.8062387270369,29.9838403870146],[-82.8139252893262,29.9920995559214],[-82.8191399817028,29.9977603528949],[-82.8218400236978,30.0006791406399],[-82.8244449942913,30.0035072767847],[-82.8316989791437,30.0113490671591],[-82.8458161637338,30.0271576868448],[-82.8779427390039,30.0639670067521],[-82.8880583880423,30.0753129831018],[-82.9165377673263,30.1058168361323],[-82.9271739352746,30.1171867940932],[-82.9315234736758,30.1219153243748],[-82.9334367962977,30.1245467550239],[-82.9395451650583,30.1330367562913],[-82.947607558208,30.1442283602641],[-82.9517051569011,30.144187252703],[-82.958996219717,30.1441173697319],[-82.9635872423345,30.1488958902174],[-82.9689825724399,30.1544578106674],[-82.9742293517401,30.1599063918688],[-82.9983033371752,30.1847898109719],[-83.0090345774233,30.1956807512575],[-83.0195875568847,30.2063881868157],[-83.0279051587117,30.214786932269],[-83.0417749589506,30.2288366399826],[-83.0525991317115,30.2398022736382],[-83.0604561106985,30.2476571458814],[-83.0632155717579,30.2504351011336],[-83.0755868222028,30.2606915351606],[-83.0779873874416,30.2628758371035],[-83.0802114391169,30.2649413167076],[-83.0921684386551,30.2755903160902],[-83.0949054301543,30.2780414382582],[-83.0973439007048,30.2802161436127],[-83.0992859011439,30.2819441399106],[-83.1031370712934,30.285492551613],[-83.1058180986488,30.2878815389992],[-83.108575182766,30.2903279327713],[-83.1145171772477,30.2956145643085],[-83.1172742622632,30.2981018077301],[-83.1199743033598,30.3004658627766],[-83.1248366046167,30.3058558667943],[-83.1298249996951,30.3117959998541],[-83.1312750000396,30.3134120003772],[-83.1315140004142,30.3136800003314],[-83.1391929997871,30.3223039999401],[-83.145825999945,30.3299519996987],[-83.1484460002515,30.3329239999478],[-83.15274199996,30.3377990001271],[-83.161337999575,30.3475510002658],[-83.1630070002026,30.3494450000564],[-83.1644800001133,30.3511169998021],[-83.1658494997303,30.3526699996157],[-83.1705090000236,30.3579570000307],[-83.1718530000629,30.359486000203],[-83.1747319999372,30.3627579997738],[-83.1774719998943,30.3658720000475],[-83.1777940001095,30.366238999664],[-83.180237997994,30.3688940718111],[-83.1808298206796,30.3699153018181],[-83.1823557250724,30.370678141183],[-83.1829121101183,30.3716265489679]]},"properties":{"VOLTAGE":230,"VOLT_CLASS":"220-287","OWNER":"DUKE ENERGY FLORIDA, LLC","STATUS":"IN SERVICE","TYPE":"AC; OVERHEAD","ID":"112825","SUB_1":"UNKNOWN107674","SUB_2":"FORT WHITE","INFERRED":"N","SOURCEDATE":1397606400000}},{"type":"Feature","geometry":{"type":"LineString","coordinates":[[-82.4159123916363,40.0886591859127],[-82.4161321177582,40.0894718457875],[-82.4166674965995,40.0910541872598],[-82.4189279848411,40.0923985832146],[-82.4408904101323,40.0933860592714],[-82.4433293567899,40.0932075988415],[-82.4434940000152,40.0898709996767],[-82.4464880004156,40.0886440003222],[-82.4587839567683,40.0849032812708],[-82.4685397469921,40.08236915518],[-82.4773619953962,40.0800920099399],[-82.4787896717076,40.0766798631754],[-82.4804219824441,40.0730012173423],[-82.4851428322814,40.0610563222725],[-82.4884550420065,40.0529471186861],[-82.4933472140432,40.0406024762131],[-82.4949269778271,40.0366593118112],[-82.4902275420295,40.0370192061055],[-82.4854686197939,40.037126281085],[-82.4717992121353,40.0365450983078],[-82.4708379087801,40.0364879911404],[-82.4706050537803,40.0363832302351]]},"properties":{"VOLTAGE":138,"VOLT_CLASS":"100-161","OWNER":"OHIO POWER CO","STATUS":"IN SERVICE","TYPE":"AC; OVERHEAD","ID":"116448","SUB_1":"UNKNOWN113882","SUB_2":"NORTH NEWARK SUBSTATION","INFERRED":"Y","SOURCEDATE":1477353600000}},{"type":"Feature","geometry":{"type":"LineString","coordinates":[[-83.8804344662365,36.8336670853263],[-83.8863779689896,36.8358529787573],[-83.9033539719027,36.8422879420785],[-83.904418924672,36.8427069946605],[-83.9046938989805,36.8428149752746],[-83.9049399484352,36.8429119550374],[-83.9080169468796,36.8441229433338],[-83.9134319015807,36.8461259717421],[-83.9136159663824,36.8461939780804],[-83.9137119055564,36.8462319346788],[-83.9138089254037,36.8462689567217],[-83.9148339022446,36.8466679309975],[-83.9169209581442,36.847478957331],[-83.9176769802873,36.8477869888162],[-83.9183069687961,36.848042973776],[-83.9327812310166,36.8541944062407],[-83.9485927496236,36.8603691067489],[-83.9723129650251,36.8687759740163],[-83.9798659101025,36.8716119802993],[-83.9836065192,36.8728255853387],[-83.9872114018414,36.8740034186412],[-83.9924789753437,36.8757329597139],[-83.9966989012224,36.8771579249264],[-84.0091889996777,36.881278000106],[-84.014667999767,36.8831240000584],[-84.0313000000287,36.8897830000399],[-84.0442789787296,36.894928952269],[-84.0476569136924,36.8960739561942],[-84.0480819066533,36.8962539892209],[-84.0484419514192,36.8964069373247],[-84.0498379333707,36.8969989700359],[-84.0513629133971,36.8976389867003],[-84.0534679356023,36.8985759792782],[-84.0555389116583,36.8994479468007],[-84.0559929202029,36.8996389622476],[-84.0631989359176,36.903349984287],[-84.0661109147426,36.9048699696786],[-84.066908978041,36.9052859501725],[-84.0689639640849,36.9063589678295],[-84.0700679037376,36.9069349777105],[-84.0704799609584,36.9071499656936],[-84.0709239083718,36.9073809711506],[-84.0746689847913,36.9093309863281],[-84.0770569763111,36.910575972085],[-84.0774099243862,36.9107599917599],[-84.0791787071806,36.9115737846629],[-84.081270882579,36.9116852592492],[-84.0822793322153,36.9118310656736],[-84.0825690388944,36.9118739463562],[-84.0834809187394,36.9119983476762],[-84.0838189547808,36.9120283707705],[-84.0878623769775,36.9126360442784]]},"properties":{"VOLTAGE":161,"VOLT_CLASS":"100-161","OWNER":"NOT AVAILABLE","STATUS":"IN SERVICE","TYPE":"AC; OVERHEAD","ID":"117373","SUB_1":"UNKNOWN109505","SUB_2":"TAP155041","INFERRED":"Y","SOURCEDATE":1411084800000}},{"type":"Feature","geometry":{"type":"LineString","coordinates":[[-83.409520775144,38.2008630920594],[-83.4158761437767,38.1994057640561],[-83.4180890428678,38.1973356332912],[-83.4187314981961,38.1970144056488],[-83.4252988099471,38.1968716380588],[-83.4396112676187,38.1965861027452],[-83.4471065696008,38.1976211677837],[-83.4636319272618,38.1920889219585],[-83.4710915373812,38.1838440886483],[-83.4894371809468,38.1739574291509],[-83.5240940309962,38.1692817880995]]},"properties":{"VOLTAGE":138,"VOLT_CLASS":"100-161","OWNER":"NOT AVAILABLE","STATUS":"IN SERVICE","TYPE":"AC; OVERHEAD","ID":"107778","SUB_1":"RODBURN","SUB_2":"TAP137343","INFERRED":"Y","SOURCEDATE":1425945600000}},{"type":"Feature","geometry":{"type":"LineString","coordinates":[[-85.3596169995611,37.3386639999653],[-85.3586659998822,37.3388480002747],[-85.3555854189565,37.3398561996934],[-85.3545600001445,37.340192999741],[-85.3511849999776,37.3404900001461],[-85.3505459995699,37.3406669996847]]},"properties":{"VOLTAGE":69,"VOLT_CLASS":"UNDER 100","OWNER":"KENTUCKY UTILITIES CO","STATUS":"IN SERVICE","TYPE":"AC; OVERHEAD","ID":"107911","SUB_1":"UNKNOWN124806","SUB_2":"TAP155483","INFERRED":"Y","SOURCEDATE":1432598400000}},{"type":"Feature","geometry":{"type":"LineString","coordinates":[[-94.856226716032,41.4680500630075],[-94.8538959777386,41.4657929710672],[-94.8528217318976,41.46482513318],[-94.8506731988933,41.4631015500813],[-94.8482013298788,41.4609142856966],[-94.8467759307967,41.4594639410816],[-94.843172027319,41.4564682828583],[-94.8412043503342,41.4546917580198],[-94.8350383869875,41.4500328522747],[-94.8345909127883,41.4497409827428],[-94.8334949681417,41.4490189767484],[-94.8162529740728,41.4377299918194],[-94.8153449569837,41.4371459777813],[-94.8119049484346,41.4348819322311],[-94.8074689777301,41.4320289637729],[-94.806184925863,41.4312129411448],[-94.8045129805579,41.4301149717663],[-94.8042799575732,41.4299999337821],[-94.8040419049212,41.4298479856694],[-94.8015099125631,41.4282259791525],[-94.7881634312828,41.419513351967],[-94.7849429125988,41.4176189580953],[-94.7793109258233,41.4140129927709],[-94.7781999793114,41.4133029860238],[-94.7773829615605,41.4127989897045],[-94.7720677602801,41.4096028602517],[-94.7680559336286,41.4070199740615],[-94.7581699739268,41.4009129647007],[-94.7431919140371,41.3916469839542],[-94.7370242609594,41.3877231290748],[-94.7285818768512,41.3824945801703],[-94.7185708069832,41.3755391738393],[-94.7108794908094,41.3698530217019],[-94.7068484429057,41.3666922492039],[-94.697179631161,41.3592285048391],[-94.6910950300262,41.3544829449016],[-94.6798860540319,41.3458401422765],[-94.6784314543132,41.344712425261],[-94.6754271825759,41.3423498657111],[-94.6699795633344,41.3381098932064],[-94.663276994946,41.3333842099996],[-94.6602156801882,41.3311925758815],[-94.6522011196324,41.3255311078106],[-94.6419048337634,41.3182465110282],[-94.6381399872211,41.3155795120116],[-94.6334695795837,41.3122590001009],[-94.6276797022189,41.3084402029778],[-94.6207489608501,41.3040159018389],[-94.6171623741962,41.301723288913],[-94.6060460926611,41.2946199628999],[-94.6024309853952,41.2922413007817],[-94.5946445969216,41.2872961918661],[-94.5910437486142,41.2849976342066],[-94.5886866815981,41.2834731753078],[-94.5849626257563,41.2810472266829],[-94.5810326796446,41.2785484519406],[-94.5728687014093,41.2731564561114],[-94.5709508566682,41.2717331128403],[-94.5663968482337,41.2687391616906],[-94.5646684303382,41.2674602000454],[-94.5569451727678,41.2601002850019],[-94.5555985712075,41.2587200903223],[-94.5491336826702,41.2533310836679],[-94.5471181587184,41.2516370997671],[-94.5439142364092,41.2489423601784],[-94.5369074373802,41.2431093321996],[-94.5298479629395,41.2371509802755],[-94.5277779750304,41.2354509388239],[-94.5240708973474,41.232396955748],[-94.5208359741777,41.2298379773342],[-94.5126109096048,41.2233369867301],[-94.5107449290966,41.2218609797544],[-94.5086959617651,41.2202399357799],[-94.5007611051312,41.2141080280913],[-94.4924519061454,41.2084079569197],[-94.4901289526522,41.2067899587091],[-94.4895599597512,41.2063929722987],[-94.4816899093786,41.200910937911],[-94.4802369742381,41.1999009381197],[-94.4705780493513,41.1941439303249],[-94.4701640158369,41.1939029479001],[-94.4609735183534,41.1884423059169],[-94.4529569356899,41.1837619427862],[-94.4490469285843,41.1814239720249],[-94.4458355457666,41.1795036319221],[-94.4408629170198,41.1765299917993],[-94.437881947581,41.174746964893],[-94.4313396098932,41.1715409273005],[-94.427574763351,41.1698233543333],[-94.4235885836008,41.1679573600482],[-94.4234248638436,41.167884479282],[-94.4139509613627,41.163553829705],[-94.4058793568881,41.1598390686648],[-94.4013539346425,41.1572693910065],[-94.3966003412131,41.154492021094],[-94.3865799701887,41.1494789557317],[-94.3839189806541,41.1481099892318],[-94.3769229012213,41.1445139950123],[-94.3761319346137,41.1441069573022],[-94.3756909516407,41.1438809426846],[-94.3752369430961,41.1436359876681],[-94.3749859538057,41.1434919633056],[-94.3732221629493,41.1426367673201],[-94.3654547891154,41.1392000612749],[-94.3566191010163,41.1352669317168],[-94.3539139026916,41.1317919892889],[-94.3510619313275,41.1280759426941],[-94.3505034029013,41.1152607872515],[-94.3494815225532,41.1151127082534],[-94.3487981938795,41.1154180139322]]},"properties":{"VOLTAGE":161,"VOLT_CLASS":"100-161","OWNER":"WAPA-- WESTERN AREA POWER ADMINISTRATION","STATUS":"IN SERVICE","TYPE":"AC; OVERHEAD","ID":"111700","SUB_1":"CRESTON","SUB_2":"ANITA","INFERRED":"Y","SOURCEDATE":1438300800000}},{"type":"Feature","geometry":{"type":"LineString","coordinates":[[-81.434232330748,41.2099194917204],[-81.436016942756,41.209949746754],[-81.4372885287019,41.2099653929443],[-81.4385898264259,41.2099519829863],[-81.4400159037361,41.2099788042512],[-81.4402119897929,41.2088858402872],[-81.4407051756637,41.2083739963316],[-81.4406516980565,41.2068138521996],[-81.4406273348477,41.2053757146754],[-81.4406071326353,41.2042884862283],[-81.4405964372935,41.2038432176805],[-81.4406059441641,41.2030456610594],[-81.440565538841,41.2023339317514],[-81.4405893073651,41.2019637577272],[-81.4405940603512,41.2000144998323],[-81.4405904949379,41.1979355242869],[-81.4405726687694,41.1953306770746],[-81.4405797986978,41.1945178143218],[-81.4405584080143,41.1938229827731],[-81.4403088452485,41.193635190037],[-81.4403088452485,41.1929564461992],[-81.4403409312739,41.1885779779415]]},"properties":{"VOLTAGE":-999999,"VOLT_CLASS":"NOT AVAILABLE","OWNER":"NOT AVAILABLE","STATUS":"IN SERVICE","TYPE":"OVERHEAD","ID":"113504","SUB_1":"TAP148087","SUB_2":"DARROW","INFERRED":"N","SOURCEDATE":1470009600000}},{"type":"Feature","geometry":{"type":"LineString","coordinates":[[-83.6977748775598,38.4514883469007],[-83.6984740372437,38.4516554277518],[-83.7002559354413,38.4505526830454],[-83.7018476602932,38.4495566449869],[-83.7036941473597,38.4484363502652],[-83.7066017244398,38.4465034402656],[-83.7075692100009,38.445855678233],[-83.7091297633124,38.4448229898646],[-83.7109892759506,38.4435865297877],[-83.7134415868447,38.4419781306775],[-83.715286007786,38.4407524581135],[-83.7167338234277,38.4398004718943],[-83.7185593788498,38.438609380842],[-83.7209796198883,38.4369996739305],[-83.7232971825915,38.4354053412573],[-83.7254569130959,38.4339161733276],[-83.7271048715863,38.4328003491107],[-83.7290985035946,38.4302122927492],[-83.7297250794036,38.4285735458786],[-83.730386328386,38.4269796612125],[-83.7309006138861,38.4270724838852]]},"properties":{"VOLTAGE":138,"VOLT_CLASS":"100-161","OWNER":"NOT AVAILABLE","STATUS":"IN SERVICE","TYPE":"AC; OVERHEAD","ID":"114939","SUB_1":"UNKNOWN121422","SUB_2":"TAP137340","INFERRED":"Y","SOURCEDATE":1411084800000}},{"type":"Feature","geometry":{"type":"LineString","coordinates":[[-95.8293518626532,36.0809570098196],[-95.8292052881416,36.0808675419284],[-95.8283753319556,36.0808713491057],[-95.8283924637264,36.0773069162943],[-95.8295964712101,36.0756079806457],[-95.8295869526614,36.0718293969525],[-95.8241189524427,36.0684695980187],[-95.8061968519572,36.0574288990748],[-95.8062539587581,36.0550875098402],[-95.8064347977096,36.0525605217374],[-95.8063919678335,36.0471781809859],[-95.8066489488868,36.0471448691618],[-95.8069024525617,36.0470358880334]]},"properties":{"VOLTAGE":138,"VOLT_CLASS":"100-161","OWNER":"PUBLIC SERVICE CO OF OKLAHOMA","STATUS":"IN SERVICE","TYPE":"AC; OVERHEAD","ID":"114979","SUB_1":"UNKNOWN118409","SUB_2":"UNKNOWN119537","INFERRED":"Y","SOURCEDATE":1417392000000}},{"type":"Feature","geometry":{"type":"LineString","coordinates":[[-83.2329819627585,33.1101663408515],[-83.2398795419203,33.1040151873692],[-83.240592582372,33.0991470646815],[-83.2409205797402,33.0964530570293],[-83.2409146382828,33.0956018278819],[-83.2429052052395,33.0940636233239],[-83.243136942735,33.091923033216],[-83.2415326046382,33.0910120223624],[-83.2437905623256,33.0890456000909],[-83.2453295390024,33.0875421289152],[-83.2479974940737,33.0852818950962],[-83.2491442977385,33.0843011152171],[-83.2484609690648,33.0814134752774],[-83.2453235966468,33.0777988123738],[-83.2446200648623,33.0766994483198],[-83.2429610597889,33.0759227142393],[-83.2420721381877,33.0765998666965],[-83.2413400839947,33.0770898030107],[-83.2412251912665,33.077764311191]]},"properties":{"VOLTAGE":115,"VOLT_CLASS":"100-161","OWNER":"GEORGIA POWER CO","STATUS":"IN SERVICE","TYPE":"AC; OVERHEAD","ID":"115084","SUB_1":"UNKNOWN113534","SUB_2":"UNKNOWN113536","INFERRED":"Y","SOURCEDATE":1409097600000}},{"type":"Feature","geometry":{"type":"LineString","coordinates":[[-92.0472078760097,41.9421207249333],[-92.0474883381262,41.9422427107161],[-92.047576278701,41.9422515501209],[-92.0541840164364,41.9421493332774],[-92.062849578892,41.9420712230798],[-92.0754525461712,41.9422922117682],[-92.0825888795692,41.9421596193153],[-92.0849121986767,41.9429419139426],[-92.0866567655861,41.9427261747149],[-92.0917740186021,41.9426147891981],[-92.097030151161,41.9424902403154],[-92.1014858848017,41.9425608670454],[-92.1060478693776,41.9423540888647],[-92.1189417704346,41.9423299300435],[-92.1293842337599,41.9423511922922],[-92.1380065333515,41.9423361581772],[-92.1489868207323,41.9423009442569],[-92.1525458560565,41.942430371238],[-92.155288771945,41.942419546689],[-92.1604156369345,41.9423994337366],[-92.1622710092375,41.9423894470831],[-92.1727435769046,41.9422440818295],[-92.1791581525994,41.9422612741998],[-92.182038714644,41.9421964402973],[-92.1915756788578,41.9424245580545],[-92.1985172305528,41.9425882617765],[-92.2013667755673,41.9426554806819],[-92.2172225622531,41.9424751901968],[-92.2261688266755,41.9424433680444],[-92.2290877440878,41.9424714751075],[-92.2381544043178,41.9424381889667],[-92.2456401554119,41.9424869662267],[-92.2544382553045,41.9425821820034],[-92.2623433399733,41.9427174877207],[-92.2740668916236,41.9429181522412],[-92.2791913329585,41.9430001942853],[-92.2871426808643,41.9428014777622],[-92.2947875873756,41.9425850979426],[-92.2973651952856,41.9424051680769],[-92.3085999295723,41.942277958746],[-92.315175238126,41.9421669726888],[-92.342514095664,41.9418397069899],[-92.351176003773,41.9418415712349],[-92.357013418186,41.9418486426697],[-92.3742784738048,41.9419052161246],[-92.3907259106997,41.941954718107],[-92.4005896191319,41.9420472392162],[-92.4122472155757,41.9422551148817],[-92.4186021781699,41.9423656090029],[-92.4242381579568,41.9424849429734],[-92.4295176188654,41.9425888070116],[-92.4357775091598,41.9426992998865],[-92.4448865842443,41.942747917252],[-92.4513900958471,41.9427965352486],[-92.4546730474435,41.942838522213],[-92.4636959642107,41.9427766462549],[-92.4692636109506,41.9427324482461],[-92.4834798303091,41.9426484728137],[-92.4992587930719,41.9425954366965],[-92.5085045351488,41.9426086960639],[-92.5115349505558,41.9425976457003],[-92.5175125955779,41.9424893629933],[-92.520664824334,41.9424142272911],[-92.5230232343315,41.9405169720223],[-92.5253191871622,41.9385826260968],[-92.5313229767523,41.938589697893],[-92.5396322601797,41.9384942249026],[-92.5492155073937,41.9383669282507],[-92.5557610646434,41.9383278979104],[-92.5590910547229,41.9383341952622],[-92.566251059627,41.9383782573289],[-92.5736985981856,41.9382816219779],[-92.5761585833872,41.938233001207],[-92.5788532768129,41.9382484713044],[-92.5812003653429,41.9382639407299],[-92.5860460603434,41.9382064813176],[-92.5921781967297,41.9380937701612],[-92.5953512205864,41.9380340987608],[-92.6056015064247,41.9380317780048],[-92.6149173629077,41.9379548689165],[-92.6196019199092,41.9378599623029],[-92.6287950746094,41.9346184197608],[-92.6397075445762,41.9347488192869],[-92.6437926647717,41.9348350137271],[-92.6469240957324,41.9348770072703],[-92.6513271126391,41.9349433107686],[-92.6621355981201,41.9352239982447],[-92.6710664142145,41.935376495759],[-92.6770321754237,41.9355400451655],[-92.6844864064311,41.9357301150827],[-92.6886398587754,41.9357676868828],[-92.6975974141226,41.9356549707479],[-92.6988214639186,41.9356461310968],[-92.6986550878432,41.9375012722037],[-92.6985077273057,41.9399022231898],[-92.6978564846573,41.9491869340105],[-92.6982005663606,41.9551715161158],[-92.6983299731688,41.9561989790373],[-92.6983194053878,41.9566774492065],[-92.7081059790798,41.9565709413302],[-92.7115429333568,41.9565489630151],[-92.7237419650836,41.9565979298891],[-92.7275079722492,41.9565659310766],[-92.7301249443349,41.9565439527598],[-92.7369519608312,41.956486968761],[-92.7372749051758,41.9637179681935],[-92.7373499154004,41.9653899801948],[-92.7374089338162,41.966712957845],[-92.7373190843215,41.9701055489192],[-92.7373606781158,41.9713778729287],[-92.7451387472915,41.9713778729287],[-92.7474026464363,41.971373454912],[-92.7497051632568,41.9713076648294],[-92.7523973243318,41.9712426808099],[-92.755600266579,41.9711343512554],[-92.7580523088768,41.9710514658213],[-92.7609746183276,41.9709527527898],[-92.7632927209182,41.9708998571018],[-92.7659617045606,41.970831533245],[-92.7684321623218,41.9708276588482],[-92.7708587813987,41.970823785119],[-92.7732197336285,41.9708199781781],[-92.7757738236443,41.970793463162],[-92.7787520083057,41.9707916598734],[-92.7810390291876,41.9707956671814],[-92.78337545741,41.9708061529696],[-92.7864704230584,41.9708200449665],[-92.7891790233031,41.9708322672498],[-92.7918102786018,41.9708422861809],[-92.7948501784216,41.9708537731195],[-92.7984104695905,41.9708615866945],[-92.8019183018418,41.9708691337828],[-92.8042829371641,41.9708742771563],[-92.8071261050384,41.9708903731545],[-92.8099013602772,41.9709060677507],[-92.8130760055929,41.9709239676937],[-92.8160367638362,41.9709406647741],[-92.8188227090268,41.9709563600258],[-92.821430248802,41.9709711870259],[-92.8242973118628,41.9709872829996],[-92.8276780316031,41.9709918907218],[-92.8312377855794,41.9710635551517],[-92.8338169385917,41.9710956802602],[-92.8368762411233,41.971101558285],[-92.8399269198281,41.9711446359557],[-92.8424710394426,41.9712204397353],[-92.8434769719995,41.9725789610251],[-92.8434536158021,41.9744359352367],[-92.843429630784,41.976353294291],[-92.8433887574385,41.9783321659951],[-92.8433488722399,41.9809317466691],[-92.8432824867404,41.9832752717076],[-92.8432085553926,41.9854700737961],[-92.8432398167644,41.9873421630225],[-92.8432243657416,41.9891223902191],[-92.8431695694075,41.9912662471698],[-92.8430943804183,41.9930812821135],[-92.8431068661024,41.9946687359437],[-92.8431152204345,41.9965202591668],[-92.8431152204345,41.9983189877958],[-92.8430400314453,42.0007946532765],[-92.8429062722995,42.0032051361968],[-92.8427849997361,42.0054446432609],[-92.8427557146578,42.0064013942491],[-92.8429125614048,42.0073723479547],[-92.8433089870413,42.0097963316764],[-92.8434109458261,42.0116189811079],[-92.8433904642376,42.0135556432493],[-92.8433687250077,42.0155940939926],[-92.8433715996166,42.0178611946886],[-92.8433739352364,42.0197260578501],[-92.8433950456456,42.0215656397527],[-92.8434201975752,42.0237732687859],[-92.8434474174266,42.0261511847584],[-92.8434659227214,42.0276840301441],[-92.8434912552125,42.0297867528211],[-92.8435189233232,42.032082439254],[-92.8435491067168,42.0343529547226],[-92.8436182769937,42.0363908728809],[-92.8436859201345,42.0383883609212],[-92.8437708109289,42.040432887267],[-92.843845460929,42.0425036328482],[-92.8438805850566,42.0441069322603],[-92.8461575448073,42.0440880522237],[-92.8487256494398,42.0440667712316],[-92.8511447217701,42.0440466910413],[-92.8539346204463,42.0440234747309],[-92.856859174787,42.0440061297045],[-92.8591808706388,42.0439798459765],[-92.8591741233927,42.0446268772315],[-92.8591651501213,42.0454872451379],[-92.8606731519888,42.0454806408383],[-92.8611764753475,42.0454784400721],[-92.861682382261,42.0457855019316]]},"properties":{"VOLTAGE":115,"VOLT_CLASS":"100-161","OWNER":"NOT AVAILABLE","STATUS":"IN SERVICE","TYPE":"AC; OVERHEAD","ID":"119395","SUB_1":"MARSHALLTOWN","SUB_2":"UNKNOWN131065","INFERRED":"Y","SOURCEDATE":1438300800000}},{"type":"Feature","geometry":{"type":"LineString","coordinates":[[-82.464008576427,29.6960565006346],[-82.4640014384138,29.6972057809122],[-82.4639657456526,29.703551803254],[-82.459696992745,29.7035589420115],[-82.4602537874227,29.704629699163],[-82.4641156520156,29.7117752209969],[-82.4684914814102,29.7198844237854],[-82.4713825258958,29.7252810412364],[-82.4753514669757,29.7326192988343],[-82.4762723182953,29.7343110960354],[-82.4769647406146,29.7355317588347],[-82.4777999321821,29.7368737753706],[-82.4796701877727,29.7394792852355],[-82.480412579778,29.7404144128006],[-82.4814976152838,29.7416279378102],[-82.4805767630658,29.742820048042],[-82.4806124549287,29.7446617512128],[-82.4807766382166,29.7520928083691],[-82.4808765748936,29.7559403960397],[-82.4730671841588,29.7560189180042],[-82.4686271099501,29.7562045158394],[-82.4674778296301,29.7582532322826],[-82.4611246690563,29.7591383916405],[-82.4552212266734,29.7599378911665],[-82.4550616041322,29.768326878801],[-82.455195448618,29.7704713682631],[-82.4551478603658,29.7730411857293],[-82.4553858061182,29.7734694888577],[-82.4553025251049,29.7738174849216]]},"properties":{"VOLTAGE":138,"VOLT_CLASS":"100-161","OWNER":"NOT AVAILABLE","STATUS":"IN SERVICE","TYPE":"AC; OVERHEAD","ID":"100404","SUB_1":"GE ALACHUA","SUB_2":"TAP151115","INFERRED":"N","SOURCEDATE":1425600000000}},{"type":"Feature","geometry":{"type":"LineString","coordinates":[[-84.594337346439,36.985205478341],[-84.5932213792431,36.9845082958593],[-84.5908918860146,36.9841418593364],[-84.5903208162087,36.9840680960666],[-84.588947867061,36.9853767991967],[-84.5872870033733,36.9868020962909],[-84.5858950180264,36.9879537547692],[-84.5852240097469,36.9886152456834],[-84.5854167468843,36.9895456152475],[-84.585088381207,36.9919512502111],[-84.5848385381669,36.994256948041],[-84.5847457386048,36.9951920757461],[-84.5846267657285,36.9967077916672],[-84.5846576992154,36.997397836336],[-84.5867825571204,36.998423384066],[-84.587366119797,36.9991384121797],[-84.5880253628413,36.9997961856738],[-84.5877213549828,37.0053771792609],[-84.5840487097247,37.0072449287181],[-84.5839707620092,37.0086763337836],[-84.5839802796596,37.0112985001703],[-84.5837851637833,37.0143870409995],[-84.583632877783,37.0174898582039],[-84.5834472795571,37.0198264892886],[-84.5832362787716,37.0222274603408],[-84.5828095852999,37.0252278649697],[-84.5825859155739,37.0271552283376],[-84.5822337553213,37.0306292417216],[-84.5817102737676,37.0352073238108],[-84.5812974368091,37.0394332471169],[-84.5810063566059,37.0424790036909],[-84.5802035250499,37.0497132172669],[-84.5798518058701,37.0538263513022]]},"properties":{"VOLTAGE":69,"VOLT_CLASS":"UNDER 100","OWNER":"NOT AVAILABLE","STATUS":"IN SERVICE","TYPE":"AC; OVERHEAD","ID":"101725","SUB_1":"UNKNOWN125401","SUB_2":"TAP155086","INFERRED":"Y","SOURCEDATE":1433462400000}},{"type":"Feature","geometry":{"type":"LineString","coordinates":[[-93.0725977847003,36.2211813847801],[-93.0719969770652,36.22110454389],[-93.0713402457105,36.221173547781],[-93.0690631009069,36.2213234543502],[-93.0607183322291,36.2219730466469],[-93.0499822042475,36.2215447441299],[-93.0322909106028,36.2216898908574],[-93.0122082603493,36.2217731723342],[-93.0011794576549,36.2218564529975],[-92.9929941120923,36.2219159401667],[-92.9821318732212,36.2220111180937],[-92.9713529153635,36.2220230162323],[-92.9694255511754,36.2220468103301],[-92.9671531656462,36.2220943999531],[-92.9516271828404,36.2236767413338],[-92.9409790951466,36.2246523198833],[-92.9290698931681,36.225806359322],[-92.9084042740244,36.2279359758464],[-92.8939133561402,36.2293874479061],[-92.8707849948653,36.2317074217443],[-92.8667161171084,36.2321000331491],[-92.857400527425,36.2330280229541],[-92.830976612987,36.2390599566686],[-92.8075865113844,36.2442947706541],[-92.785505113217,36.2450443007139],[-92.7667668573632,36.2457462418648],[-92.758652894628,36.2452227613314],[-92.7474932226681,36.2444851277042],[-92.7392245960921,36.2439497489946],[-92.7283028698846,36.2435095488086],[-92.72486454927,36.2434500621265],[-92.708600932835,36.2426529433173],[-92.704567746941,36.2424744833525],[-92.6978219749773,36.2427481206393],[-92.6907430780619,36.2425220721367],[-92.6903028784199,36.2426529433173]]},"properties":{"VOLTAGE":161,"VOLT_CLASS":"100-161","OWNER":"ENTERGY ARKANSAS INC","STATUS":"IN SERVICE","TYPE":"AC; OVERHEAD","ID":"103259","SUB_1":"UNKNOWN107930","SUB_2":"UNKNOWN121832","INFERRED":"Y","SOURCEDATE":1427673600000}},{"type":"Feature","geometry":{"type":"LineString","coordinates":[[-82.6726035846734,38.4966091638789],[-82.6733359469885,38.4970894372627],[-82.6738392694489,38.4964065038739],[-82.6765266892159,38.4951380001375],[-82.6787621063762,38.4944582543077],[-82.6798533564271,38.494151964708],[-82.6825421470232,38.4892026862929],[-82.683577212843,38.4872574771341],[-82.6864036990024,38.4841026028714],[-82.6868379769501,38.4835947819882],[-82.6910836458499,38.4818974037937],[-82.6917030719675,38.4816597951801],[-82.6935083380406,38.4806572416736],[-82.6991062966331,38.4810126111169],[-82.7036063262005,38.4817847157246],[-82.7048793368745,38.4777217870193],[-82.7050637457309,38.4766867206545],[-82.7055931759285,38.4756159641191],[-82.7063863820361,38.4737547557701],[-82.7068950503708,38.4722229412686],[-82.7075800256564,38.4699052572857],[-82.7092694431938,38.4643908559766],[-82.7102865292333,38.4625253668156],[-82.7109532336843,38.4611087487863],[-82.7113988268113,38.4601619529032],[-82.7123389478921,38.4585492798624],[-82.7133561668822,38.4566338127291],[-82.7141949265579,38.4549681909806],[-82.7147838440919,38.4536475897588],[-82.7151169681453,38.452600627202],[-82.71575645005,38.4508531640212],[-82.7165479807997,38.4490627793427],[-82.7178617040206,38.4460912350677],[-82.7196761930967,38.4422336617881],[-82.7203600580646,38.439888010823],[-82.7205718826052,38.4391209796541],[-82.7206908563798,38.4376278691905],[-82.7207036178467,38.4364626161573],[-82.7207835427542,38.4356657389017],[-82.7210358777209,38.4340586768995],[-82.7211553365857,38.431958851826],[-82.7213635633736,38.4298827736979],[-82.7216366916441,38.4263492226548],[-82.7219162779033,38.4230953111678],[-82.7220471489654,38.4218044531258],[-82.7221601731978,38.4202756492766],[-82.7223743252734,38.4179556749964],[-82.722564680977,38.4161532332411],[-82.7226241683135,38.415362061837],[-82.7227074493268,38.4146541732173],[-82.7229513437231,38.413280033993],[-82.7231179057498,38.4123282500852],[-82.723302313708,38.411192056666],[-82.723278520031,38.411192056666],[-82.7234569793454,38.4096156642487],[-82.7237008737416,38.4077953761162],[-82.7239269231048,38.406569953982],[-82.7242600471582,38.4043986957123],[-82.7246604720944,38.401371395993],[-82.726512432596,38.3974404711173],[-82.727020073258,38.3963064218865],[-82.7330129195713,38.3924693983188],[-82.7343487817724,38.3916010350501],[-82.7365013410259,38.3902017879785],[-82.7356636144128,38.3895449097077]]},"properties":{"VOLTAGE":69,"VOLT_CLASS":"UNDER 100","OWNER":"KENTUCKY POWER CO","STATUS":"IN SERVICE","TYPE":"AC; OVERHEAD","ID":"105204","SUB_1":"BELLEFONTE","SUB_2":"PRINCESS","INFERRED":"Y","SOURCEDATE":1425513600000}},{"type":"Feature","geometry":{"type":"LineString","coordinates":[[-93.304219332879,41.0494334839076],[-93.3041622898585,41.0496001811483],[-93.3031569052739,41.0499066882692],[-93.3003011834436,41.050729409138],[-93.2938802647446,41.0507079002532],[-93.280965639554,41.0506523361662],[-93.2684755698448,41.05080021024],[-93.2634811389861,41.0505658587888],[-93.2596938417482,41.050399953222],[-93.2556758571454,41.0502057277811],[-93.2526664111121,41.050492966154],[-93.2507245229624,41.0506588728411],[-93.2471893828248,41.0506912547426],[-93.243058748587,41.050751953829],[-93.2411597109747,41.0507721416823],[-93.2382790833531,41.0508247791098],[-93.2365517128933,41.0508530292],[-93.2338212835872,41.0508530292],[-93.2296316309336,41.0508894749892],[-93.2250986421784,41.050913795204],[-93.2227490087213,41.0509177921186],[-93.219262197946,41.0509339830076],[-93.214911657025,41.0509784909959],[-93.2123421159863,41.0509865532388],[-93.2098476741053,41.0510189343016],[-93.2066343114008,41.0510512482818],[-93.2038019224117,41.0510755677592],[-93.2012270813128,41.0511159439386],[-93.1968496807648,41.0511362671684],[-93.1926439482676,41.0511847719183],[-93.1894628341835,41.0512575289761],[-93.1858365150446,41.0513182282174],[-93.1827573597452,41.0513829906781],[-93.1801502691276,41.0514558830041],[-93.1779347541424,41.0515124490194],[-93.1751774652093,41.0515771442227],[-93.1717280243498,41.0516540332036],[-93.1687830773539,41.0517066699255],[-93.1658647195921,41.051763235725],[-93.1619273147686,41.0518441890902],[-93.1593631636215,41.0518967579166],[-93.1560318512219,41.0519776426968],[-93.1560586210174,41.0545990513132],[-93.1560854806444,41.0575924362581],[-93.1561337201751,41.060537187846],[-93.1561390202353,41.0625150712408],[-93.1534246707728,41.0625190667733],[-93.1510750373157,41.062539385803],[-93.1486074550618,41.0625635669235],[-93.1460861535538,41.0625797549463],[-93.1427065117919,41.0625918790278],[-93.138876364915,41.0626161949162],[-93.1351427869311,41.0626404430634],[-93.131634416589,41.0626606950007],[-93.1275467227202,41.0626687551345],[-93.1258730724126,41.0626646912017],[-93.1235931473232,41.0626808791995],[-93.1211684147083,41.0626849431315],[-93.1176601341977,41.0627011311244],[-93.1151388326898,41.0626849431315],[-93.1129287075963,41.0627011311244],[-93.1103806362928,41.0627051950551],[-93.1081811113197,41.0627051950551],[-93.1056651997035,41.0627172507039],[-93.1031547678104,41.0627213830431],[-93.0996785571555,41.0627172507039],[-93.0976883396435,41.0627294431695],[-93.0953387061864,41.0627132551835],[-93.091133064419,41.0627051950551],[-93.0880645981732,41.0627051950551],[-93.0848084747629,41.06276175072],[-93.081734620422,41.0628103830396],[-93.0789022314328,41.0628345627059],[-93.0746321795613,41.0628386950376],[-93.071869410905,41.0628264362149],[-93.0697719354464,41.0628264362149],[-93.0678675061458,41.0628183747458],[-93.065689630571,41.0628305671926],[-93.0607060468693,41.0628264362149],[-93.0580453268292,41.0628103830396],[-93.0542366496876,41.062790062739],[-93.0505029818722,41.0627941950736],[-93.0464474476906,41.0627779386941],[-93.0425743613431,41.0627375710271],[-93.0398063815598,41.0627172507039],[-93.0354986013446,41.0626606950007],[-93.0324356157204,41.0626242550555],[-93.0292813612632,41.06259993917],[-93.0248986606551,41.0625190667733],[-93.0217282374211,41.0624786312149],[-93.0200384156419,41.0624705697031],[-93.0165676847101,41.062450386117],[-93.0105648715888,41.0624260701672],[-93.0084566163468,41.0624098821066],[-93.0034087132707,41.0623532577292],[-93.0004207369727,41.0623451298241],[-92.9969875556199,41.0623451298241],[-92.994128307902,41.0623653818524],[-92.9923258382844,41.0623775737059],[-92.9871760662552,41.0623775737059],[-92.9824982690762,41.0624098821066],[-92.97846950469,41.0624260701672],[-92.9754064292342,41.062450386117],[-92.9706589227891,41.0624624418125],[-92.9667375070794,41.062498883202],[-92.9624406854124,41.0625595707164],[-92.95973163601,41.0625918790278],[-92.9564915026117,41.06261213098],[-92.9540185295678,41.0625959429651],[-92.9510359440598,41.0626080670436],[-92.9474954140304,41.0626202588521],[-92.9448293040987,41.0626363791287],[-92.940500232913,41.0626404430634],[-92.9369060725629,41.0626849431315],[-92.9354308601017,41.0635707388309],[-92.9315952343999,41.0658882586664],[-92.9291759806099,41.0659893791868],[-92.9255227120124,41.0660379400363],[-92.9230818995539,41.066070247316],[-92.9201100030995,41.0661188758344],[-92.9160706385929,41.0661471857308],[-92.9143111084459,41.0661592421032],[-92.9123745203564,41.0661471857308],[-92.9106257699928,41.0661592421032],[-92.9060177719114,41.0661511817198],[-92.9024021427243,41.0661673702141],[-92.8980097403111,41.0661475927798],[-92.8937654700882,41.0661268678157],[-92.8903590594292,41.0661390589719],[-92.8873602126179,41.066130932212],[-92.8837768329495,41.0661107477174],[-92.8813199406474,41.0663452916767],[-92.8786377508721,41.0663614787686],[-92.8747753535782,41.0663614787686],[-92.8720180664418,41.0663452916767],[-92.8690944086198,41.0663493560594],[-92.8662674104206,41.0663533520362],[-92.8628662989234,41.0663655431504],[-92.8596798847791,41.0663897899151],[-92.857727216846,41.0663776672111],[-92.8540257994477,41.0663372326707],[-92.8509895827206,41.0663372326707],[-92.8477065098517,41.0663210462501],[-92.8444449067181,41.0663291729865],[-92.8406523094201,41.0663250422286],[-92.8371760987651,41.0663897899151],[-92.8345315484002,41.066430290797],[-92.8316025015848,41.0664706582292],[-92.8287272638549,41.0667133282709],[-92.8258894858724,41.0666971412655],[-92.8230516180583,41.0666971412655],[-92.8202299199194,41.0666931453096],[-92.8173868418767,41.066701272],[-92.8150478983714,41.0666809542562],[-92.8126500253835,41.0666729616649],[-92.8103808809758,41.0664342867688],[-92.8079561483609,41.0661956800896],[-92.8047699138797,41.0658720721353],[-92.8024896303625,41.0659893791868],[-92.7985039851099,41.0662279872919],[-92.7966424063466,41.0662643568345],[-92.7941909039362,41.0662603608523],[-92.789797424443,41.0662845399273],[-92.7865466001945,41.0663290382069],[-92.7815630155945,41.0663573480128],[-92.779031025033,41.0663614787686],[-92.776466873886,41.0663857939405],[-92.7739938119088,41.0664099729695],[-92.7714779002926,41.0664140366709],[-92.7694824725519,41.0664301560176],[-92.7675136349437,41.0664463430886],[-92.7633884813275,41.0664665938539],[-92.7616289511805,41.0664868452902],[-92.7593061773504,41.066511091333],[-92.7562913414253,41.0665515928174],[-92.7531531668118,41.0665677798586],[-92.7500739216809,41.0665919588206],[-92.7470913352746,41.066596090239],[-92.7436581539217,41.0666041498905],[-92.7413782297306,41.0666485802257],[-92.7373978854365,41.0666930769043],[-92.7327737167817,41.0667011372212],[-92.7301236866935,41.066757893311],[-92.72605746256,41.0667739441681],[-92.7239707659865,41.0667861352043],[-92.7215713137603,41.0668346047098],[-92.7213689754291,41.0668386920899],[-92.7187135545509,41.0668629386801],[-92.7137032019521,41.0668063858649],[-92.710919053392,41.0667861352043],[-92.7080330358787,41.0667658852147],[-92.7044871159577,41.0667416379113],[-92.7018918831019,41.0667311400676],[-92.6998737279846,41.0674696416724],[-92.6983126356838,41.0680237852021],[-92.6957753441638,41.0689498728669],[-92.6924171721372,41.0701631676947],[-92.6900514588365,41.0702278452319],[-92.6876321161133,41.0702925897527],[-92.68415590456,41.0702925897527],[-92.6797196652592,41.0702966532142],[-92.6773431721751,41.0702763359041],[-92.674462454722,41.0702602852247],[-92.6681592458679,41.0703451438356],[-92.6652517586193,41.0703815801796],[-92.6621726033199,41.0704462561476],[-92.6587822716061,41.0705433732593],[-92.6557299759338,41.070393633744],[-92.6521304265903,41.070397766278],[-92.6485094084099,41.0703896386899],[-92.6458594672549,41.070393633744],[-92.6429572800665,41.0703855752342],[-92.6395133189302,41.070393633744],[-92.6362302460614,41.0704017613315],[-92.6333549176017,41.0704098882408],[-92.6305654698797,41.0704300700612],[-92.627164448214,41.0704462561476],[-92.6233717610845,41.0704705691317],[-92.6181951294282,41.0704826917583],[-92.6151910732866,41.0704947473358],[-92.6119777096838,41.0704745648581],[-92.607278532601,41.0704503873238],[-92.6038774211038,41.0704300700612],[-92.60187651364,41.0704260743321],[-92.6000687439622,41.0704017613315],[-92.5948974123661,41.070393633744],[-92.5932237611603,41.0703855752342],[-92.5880578185576,41.0703694568571],[-92.5853916196926,41.0703694568571],[-92.5824895223357,41.0703896386899],[-92.5798931216701,41.0703532707518],[-92.5766530781033,41.0703411481013],[-92.5726780329711,41.0703127722863],[-92.5699689835687,41.0703006489511],[-92.568257782784,41.0703047801365],[-92.5652697166545,41.0702925897527],[-92.5621905613551,41.0702925897527],[-92.5591114060557,41.0704098882408],[-92.5572177574368,41.070510932729],[-92.5547501751828,41.0705958587405],[-92.5547984147136,41.0731760936722],[-92.5548145843887,41.075246643255],[-92.5548037147738,41.0771108602604],[-92.5548077041919,41.0785446820358],[-92.5548091046655,41.0790478861446],[-92.5548359642925,41.0814416482667],[-92.5549164533419,41.0837828462634],[-92.5548896844448,41.0851980467372],[-92.55490576339,41.0874096571345],[-92.5549539130893,41.0889784709573],[-92.5549486130291,41.090191329096],[-92.5553252766277,41.0922589717617],[-92.554744591255,41.0928409190303]]},"properties":{"VOLTAGE":161,"VOLT_CLASS":"100-161","OWNER":"MIDAMERICAN ENERGY CO","STATUS":"IN SERVICE","TYPE":"AC; OVERHEAD","ID":"106824","SUB_1":"LUCAS CO","SUB_2":"OTTUMWA GENERATION STATION","INFERRED":"Y","SOURCEDATE":1438300800000}},{"type":"Feature","geometry":{"type":"LineString","coordinates":[[-92.3243639740132,43.0688270740255],[-92.3240552392197,43.0684392219576]]},"properties":{"VOLTAGE":69,"VOLT_CLASS":"UNDER 100","OWNER":"NOT AVAILABLE","STATUS":"NOT AVAILABLE","TYPE":"OVERHEAD","ID":"108858","SUB_1":"NEW HAMPTON","SUB_2":"NOT AVAILABLE","INFERRED":"Y","SOURCEDATE":1474848000000}},{"type":"Feature","geometry":{"type":"LineString","coordinates":[[-81.4411026388544,41.2882978650627],[-81.440887934315,41.288268076259],[-81.4411972637932,41.2887261218245],[-81.4402140002225,41.2889520003274],[-81.4401430000774,41.2988869998582],[-81.4368499999263,41.2988109998253],[-81.433161999765,41.2990909999705],[-81.4263400003597,41.2989129997426],[-81.4254170002698,41.3011779996989],[-81.4248772574128,41.302490493096],[-81.4221427506537,41.3019039417389],[-81.4178288636913,41.301885193663],[-81.4127948081453,41.3018610892753],[-81.407999619125,41.3018423411872],[-81.4054005908871,41.3018343057121],[-81.398202460584,41.3026485122104],[-81.3935249239165,41.3031225692809],[-81.3890969509129,41.3036046568134],[-81.3846582816693,41.3040787062584],[-81.3814816923992,41.3044161628224],[-81.3814389101339,41.3061060997883],[-81.3811465642044,41.3066256587058],[-81.3818845589564,41.3091537670321],[-81.3791892708459,41.3097830997883],[-81.3750536437718,41.3107605641058],[-81.37098575506,41.3117192671701],[-81.3659303070339,41.3117139109983],[-81.3613383348972,41.3116978431549],[-81.3608320767424,41.3116871321568],[-81.36093546834,41.3098366596993],[-81.3609925113605,41.3089047102952],[-81.3573631424412,41.3092555321451],[-81.3548603740759,41.309488519154],[-81.3518156970155,41.3066738659744],[-81.3503468356433,41.3052892581108],[-81.349953593636,41.3055092718039]]},"properties":{"VOLTAGE":-999999,"VOLT_CLASS":"NOT AVAILABLE","OWNER":"NOT AVAILABLE","STATUS":"IN SERVICE","TYPE":"OVERHEAD","ID":"110477","SUB_1":"CASE","SUB_2":"AURORA","INFERRED":"N","SOURCEDATE":1406592000000}},{"type":"Feature","geometry":{"type":"LineString","coordinates":[[-84.3108539862914,32.9286120628334],[-84.3105164811543,32.9288195391513],[-84.3111867384423,32.9304553879146],[-84.3165820667512,32.9367032560477],[-84.3258230549435,32.9471632567579],[-84.3288843697013,32.9506855499621],[-84.3385294138203,32.9574864078175],[-84.3527474154364,32.9662170648115],[-84.3548247362932,32.9675650748742],[-84.3599728787786,32.9686498496394],[-84.3600786464201,32.9685436659209]]},"properties":{"VOLTAGE":115,"VOLT_CLASS":"100-161","OWNER":"GEORGIA POWER CO","STATUS":"IN SERVICE","TYPE":"AC; OVERHEAD","ID":"114137","SUB_1":"UNKNOWN115678","SUB_2":"UNKNOWN115681","INFERRED":"Y","SOURCEDATE":1406505600000}},{"type":"Feature","geometry":{"type":"LineString","coordinates":[[-91.5791966487867,42.5559939701608],[-91.5794390025722,42.555609188854],[-91.5794318726438,42.5552520247931],[-91.5792179613168,42.5529986918469],[-91.5733353876962,42.5529619239137],[-91.5531492479287,42.5529671761933],[-91.5437941736953,42.5529881872926],[-91.5299968657031,42.5530512179009],[-91.5241570752463,42.5528831350344],[-91.5154366059638,42.5526940398623],[-91.5102670718966,42.5531037439106],[-91.5020528598706,42.5537550647439],[-91.4978673197044,42.5534556680282],[-91.4905158856099,42.5530459662901],[-91.488098683572,42.5530932387122],[-91.4778808323054,42.5531405130838],[-91.4657449054307,42.55327707976],[-91.4577517355585,42.5533506172186],[-91.4485178790911,42.5534294048461],[-91.4365245597678,42.5535607199844],[-91.4268628788497,42.5531772809117],[-91.4165024191335,42.5527623237262],[-91.4136502627165,42.5526887868979],[-91.4059565696004,42.5533821320168],[-91.4048656195868,42.5537498118689],[-91.4005160811856,42.5536552659982],[-91.3952609816893,42.5537130437164],[-91.3885227618623,42.549999375214],[-91.3830323603554,42.5500571569784],[-91.3744901509613,42.5501096848461],[-91.3586321589113,42.5501884778884],[-91.3561721737098,42.5501937310632],[-91.344207376795,42.5501884778884],[-91.3386100191754,42.5502357537984],[-91.3353442990629,42.5503197991839],[-91.3244205390696,42.5505141540353],[-91.3157285921957,42.5505876940876],[-91.3064947339318,42.5506244640812],[-91.2983946088452,42.5505929472287],[-91.2928400343893,42.5505561772165],[-91.2828147028679,42.5508083117392],[-91.2806827159327,42.5508555871796],[-91.2696448690001,42.5510341817151],[-91.2608673566971,42.5510394348186],[-91.2529526223256,42.5509869070716],[-91.2453444937403,42.5511444901801],[-91.2358682026391,42.5512705570422],[-91.226413304018,42.551275810126],[-91.2176643132253,42.5512705570422],[-91.211710435829,42.5473361127413],[-91.2019204081148,42.5474726927797],[-91.1940841074474,42.5476618037706],[-91.1811638372435,42.5477300938018],[-91.1688639112356,42.5477458532837],[-91.1623396027356,42.5477931310437],[-91.1566709413403,42.5458494699091],[-91.1537118279123,42.5448093231651],[-91.146445959247,42.5448566031491],[-91.1352441140794,42.5448776163168],[-91.1265093840418,42.5449879363237],[-91.1175179604118,42.5451245208379],[-91.1143164141465,42.5439530282634],[-91.1070719352664,42.5440213216899],[-91.0970323438881,42.5441158828157],[-91.0951115939954,42.5441320806861],[-91.0948200799059,42.543837015902]]},"properties":{"VOLTAGE":161,"VOLT_CLASS":"100-161","OWNER":"NOT AVAILABLE","STATUS":"IN SERVICE","TYPE":"AC; OVERHEAD","ID":"120017","SUB_1":"DUNDEE","SUB_2":"HICKORY CREEK","INFERRED":"Y","SOURCEDATE":1438819200000}},{"type":"Feature","geometry":{"type":"LineString","coordinates":[[-80.257428480259,35.3020893158094],[-80.2553514648293,35.3007561263563],[-80.2528846614147,35.2991447506623],[-80.2506534869974,35.2988939828499],[-80.2479774300206,35.2986185499821],[-80.245619108058,35.2983725878931],[-80.2436308407885,35.2968083520734],[-80.241030531553,35.2947481102019],[-80.2389246819994,35.2930719969642],[-80.2365859460049,35.2912173990113],[-80.2347605971954,35.2897701676567],[-80.2310845688819,35.2868665076762],[-80.2272236600964,35.2848468582703],[-80.2238390641257,35.2830735168643],[-80.2216382168324,35.2819171856462],[-80.2193090586755,35.2807065279857],[-80.2171295957776,35.2795750339893],[-80.2149373507515,35.2753304002275],[-80.2139343449059,35.2732968557605],[-80.2128581137882,35.2712144071096],[-80.2106902220894,35.2691346200765],[-80.2093686386097,35.2678693017127],[-80.2053656702452,35.2639837712864],[-80.2035533532955,35.2621369503266],[-80.2017412187037,35.261682267051],[-80.1963602373883,35.2603393049458],[-80.194689414079,35.2599261202917],[-80.1895018813668,35.256887140964],[-80.184415540278,35.2538826889026],[-80.1818961458934,35.2524075987798],[-80.1774087933513,35.2497601459978],[-80.1752839246664,35.2485217737767],[-80.1703163696043,35.2455868587707],[-80.1650969278349,35.242527634766],[-80.1593640809143,35.2391421561601],[-80.1572065153497,35.2378756908577],[-80.1515557753444,35.2362622532337],[-80.1489649253688,35.2355128581109],[-80.1420942507498,35.2335088693236],[-80.1391073560233,35.2324133191735],[-80.1363498946137,35.2313997567206],[-80.135197495343,35.2309561043074],[-80.134809507582,35.2309004856962]]},"properties":{"VOLTAGE":100,"VOLT_CLASS":"100-161","OWNER":"NOT AVAILABLE","STATUS":"IN SERVICE","TYPE":"AC; OVERHEAD","ID":"120024","SUB_1":"UNKNOWN114221","SUB_2":"TAP150528","INFERRED":"Y","SOURCEDATE":1404777600000}},{"type":"Feature","geometry":{"type":"LineString","coordinates":[[-82.7156659995824,38.5033430001744],[-82.7155161282536,38.5028928618397],[-82.7154376056163,38.501764996755],[-82.7150592711512,38.4994307458623],[-82.7145024782702,38.4973606150831],[-82.7142669112566,38.4964040719757],[-82.7115043572976,38.4913286811477],[-82.7095484401581,38.4877380751323],[-82.7064717974466,38.4822415201082],[-82.7041304069305,38.477872828685],[-82.7020459992644,38.4734470320793],[-82.6998654143707,38.4688979419183],[-82.6991971270881,38.4676025947006],[-82.6942294696181,38.4625467211653],[-82.6904032959897,38.4585420879605],[-82.6873454648985,38.455024905969],[-82.6859489448561,38.4524673239285],[-82.6850423713596,38.4506541750201],[-82.6840501363142,38.447477595312],[-82.6824725527415,38.4432302568403],[-82.6819371739001,38.4420024546496],[-82.6752699236755,38.4371983227253],[-82.672942319604,38.4355212316699],[-82.6702225101813,38.4321822759486],[-82.6679058233355,38.4292141682446],[-82.6660542715674,38.4271403412869],[-82.6639341720384,38.4246918763347],[-82.6623331433351,38.4226123737014],[-82.6597714913012,38.4194173010063],[-82.6584911270183,38.4175545948665],[-82.657095601411,38.4147409697936],[-82.6551753761344,38.410086744027],[-82.6544686759919,38.4085948218921],[-82.6523271606265,38.4059036521575],[-82.6497858967564,38.402976914986],[-82.6471661111472,38.3991007728779],[-82.6448532735824,38.3959241920473],[-82.6433399366205,38.3936684627307],[-82.641127039326,38.3906560657372],[-82.6403917853339,38.389706660894],[-82.6381931631676,38.38661574074],[-82.6328132795935,38.3790181420848],[-82.6300268529058,38.3751871901437],[-82.6276212175756,38.3715608911731],[-82.625165614356,38.367684749042],[-82.6218778522813,38.3630580638461],[-82.62020380941,38.3606389569529],[-82.6197021659008,38.3604967439015]]},"properties":{"VOLTAGE":138,"VOLT_CLASS":"100-161","OWNER":"KENTUCKY POWER CO","STATUS":"IN SERVICE","TYPE":"AC; OVERHEAD","ID":"106983","SUB_1":"CHADWICK","SUB_2":"RUSSELL","INFERRED":"Y","SOURCEDATE":1425513600000}},{"type":"Feature","geometry":{"type":"LineString","coordinates":[[-83.2602180000274,31.2078280000654],[-83.2606272050972,31.208187486284],[-83.2596218815981,31.2081517939585],[-83.2567554743075,31.2076673819635],[-83.2556859158757,31.2082365811689],[-83.2554624967797,31.2093465110727],[-83.2540126500471,31.2099522922867],[-83.2534041896641,31.2110581362268],[-83.2527291802883,31.2121842953647],[-83.2521159660208,31.2132860467039],[-83.2510321459356,31.214416244992],[-83.2506233370228,31.2158594631369],[-83.2502002673549,31.2172579411654],[-83.2504379472061,31.2196401846589],[-83.2500481520346,31.222225622645],[-83.2497296624355,31.2240061196733],[-83.2493921564001,31.2259735711523],[-83.2490974326301,31.2276726991925],[-83.2453230792172,31.227497909926],[-83.2418006664105,31.2273515746918],[-83.2414108712391,31.2287620771369],[-83.2409925545573,31.2302172712741],[-83.2388914660747,31.2302538539946],[-83.2370755926948,31.2303595370734],[-83.2312571929214,31.2306034220095],[-83.2274590709844,31.2307863347224],[-83.2234517907065,31.2314001069289],[-83.2194207428028,31.2320585870226],[-83.2173101465512,31.2323837612064],[-83.2109640979396,31.2319285170357],[-83.2087821979123,31.2318025118052],[-83.2057208831544,31.2341965832182],[-83.2044754408782,31.2351558196389],[-83.2048224537843,31.2363751753562],[-83.2032442602555,31.2386106176577],[-83.2023410770008,31.2398787007772],[-83.2014093731342,31.241199601951],[-83.2002304807492,31.2428618791299],[-83.1978726986741,31.2455360927905],[-83.1975922365576,31.2458327710336],[-83.1944596180241,31.2481980380377],[-83.1920875742955,31.2499333430172],[-83.1900530357041,31.2514451037032],[-83.1875573981655,31.2535013857088],[-83.1864355496993,31.2544238542633],[-83.1854468019139,31.2558217607792],[-83.1842916789513,31.2574593991153],[-83.1832031058799,31.2589547857568],[-83.1820147066242,31.2605557987673],[-83.1809451481924,31.2621405308706],[-83.1794049839429,31.2636236541856],[-83.1778933412036,31.2650539309561],[-83.1763959583211,31.2665491972681],[-83.1742663483282,31.2673293268741],[-83.1699928666889,31.268897692646],[-83.1689233082571,31.2693527578345],[-83.1691277118152,31.2695234070983],[-83.1686666137663,31.2696331103077]]},"properties":{"VOLTAGE":115,"VOLT_CLASS":"100-161","OWNER":"GEORGIA POWER CO","STATUS":"IN SERVICE","TYPE":"AC; OVERHEAD","ID":"107000","SUB_1":"UNKNOWN111791","SUB_2":"UNKNOWN111792","INFERRED":"Y","SOURCEDATE":1402272000000}},{"type":"Feature","geometry":{"type":"LineString","coordinates":[[-95.8426088178323,35.9876906410703],[-95.8424674778038,35.9879119306772],[-95.8424446363411,35.9882545727611],[-95.8340389520055,35.9882637341111],[-95.8329253644467,35.9884350549386],[-95.8063454593563,35.9884478200334],[-95.801924556094,35.9884540906438],[-95.8019316950056,35.9920696821736],[-95.8017675117178,35.9920589738542],[-95.8017460967797,35.9928905959459],[-95.8002755896939,35.9928120741411],[-95.7987551138204,35.9927299821218],[-95.7984231791364,35.9923445089178],[-95.7977057719741,35.9923587858983],[-95.7976558031864,35.992012574754],[-95.7864318864123,35.9921267888252],[-95.7840048352457,35.9912797011319],[-95.7801025186171,35.9905944163138],[-95.7781703969512,35.9906515233065],[-95.7781608793008,35.9903183979939]]},"properties":{"VOLTAGE":138,"VOLT_CLASS":"100-161","OWNER":"PUBLIC SERVICE CO OF OKLAHOMA","STATUS":"IN SERVICE","TYPE":"AC; OVERHEAD","ID":"109171","SUB_1":"UNKNOWN119540","SUB_2":"TAP149292","INFERRED":"Y","SOURCEDATE":1417392000000}},{"type":"Feature","geometry":{"type":"LineString","coordinates":[[-96.3654627348349,42.3293590767197],[-96.3635215833037,42.3290228963313],[-96.3629583611802,42.3291306211],[-96.3600357858281,42.3296427130183],[-96.3573024549636,42.3299760417457],[-96.3542514609501,42.3303787141997],[-96.3514401320645,42.3300573189117],[-96.348019007001,42.329600208697],[-96.344263905383,42.3290190119191],[-96.3405028281716,42.3284461418422],[-96.3368056436349,42.327877255299],[-96.3331665783004,42.3273190309256],[-96.3294869971499,42.3273391647958],[-96.3258156301945,42.327349258958],[-96.3220520826161,42.3273551697437],[-96.3183524501702,42.3273549711679],[-96.314668228323,42.3273639363013],[-96.3108875516688,42.3273794770139],[-96.307260580353,42.3273695807682],[-96.3034282541632,42.327364534021],[-96.2994654782211,42.327390568033],[-96.2961952189214,42.327396545228],[-96.2926589370251,42.328244474995],[-96.2893092989937,42.3290827928875],[-96.28512728202,42.3290256789755],[-96.2809708670319,42.3289882892585],[-96.2762108740044,42.3289643810797],[-96.2713402094322,42.3289234721724],[-96.2665847070828,42.3288962427203],[-96.2617832118892,42.3288792413247],[-96.2566499688612,42.3288485591071],[-96.2514199772771,42.3287974877921],[-96.2467612243821,42.3287736472809],[-96.2419597291885,42.328736189674],[-96.2370991248491,42.3287128797705],[-96.2321767164183,42.3286837906936],[-96.2271189318741,42.3286586883123],[-96.2219427493755,42.3286503861548],[-96.2169244008723,42.3286044290673],[-96.2120301097098,42.3285794581502],[-96.2070281114431,42.3285412712232],[-96.2025939355725,42.3285208827153],[-96.198016301446,42.3284801720917],[-96.193449806429,42.3284515477923],[-96.1887343689413,42.3284515477923],[-96.1838037858414,42.3284393950297],[-96.1787022533429,42.3284393950297],[-96.1736889354052,42.3284638347052],[-96.1686425585669,42.3284230582967],[-96.1633755572913,42.3284026690864],[-96.1584063466342,42.3283740447518],[-96.152995973341,42.3283292842119],[-96.146587212441,42.3285657772711],[-96.1450209099116,42.3286228922648],[-96.1394837843318,42.3288226591863],[-96.1363400401635,42.3289408706976],[-96.133913331255,42.3289500361681],[-96.129904329805,42.3290221591629],[-96.1250217167413,42.329074092981],[-96.1207865204011,42.3290884378643],[-96.1170505160676,42.3290653930733],[-96.1143635652213,42.3290192370543],[-96.1095043083549,42.3289500361681],[-96.1061154139456,42.328895247209],[-96.1007024364364,42.3287972892209],[-96.0986745786157,42.3287626893293],[-96.0939986678988,42.3286905647087],[-96.0893189842577,42.3286011748791],[-96.0855399524188,42.3285204842427],[-96.081402220592,42.3284627721109],[-96.0766053984345,42.3283503362404],[-96.0716527158802,42.3282523780679],[-96.0671211644294,42.3281600648028],[-96.0620396643618,42.3280620399214],[-96.0570805148358,42.3279628858716],[-96.0504158239114,42.3278333810167],[-96.0452715316053,42.3277248617202],[-96.0400987627048,42.3276102342285],[-96.0365361341195,42.327547074722],[-96.0330183305686,42.3274837829899],[-96.0279270397626,42.3273933952463],[-96.0228723993219,42.3272787651582],[-96.0183721990746,42.3271974751041],[-96.0132973474384,42.3271642676882],[-96.0081693137406,42.3271522481681],[-96.0037792469471,42.3271401602397],[-96.0006323586753,42.3271281387225],[-95.996702858128,42.3273481671229],[-95.9910287385691,42.3276585822462],[-95.9860067078715,42.327670537249],[-95.9811722454053,42.3276826901602],[-95.9763867393254,42.3277067323162],[-95.9718254536388,42.3277730781523],[-95.9677776449685,42.3278242817964],[-95.9654623271553,42.3278574888638],[-95.9609743439958,42.3278815302888],[-95.9570408010297,42.3278574888638],[-95.9543219599908,42.3278152503158],[-95.9510283768331,42.3288609781018],[-95.9473474401249,42.3300030502474],[-95.9419830605742,42.3316785647824],[-95.9373483834272,42.3331098570524],[-95.9314296526164,42.3336312852314],[-95.9260448813088,42.3341314577901],[-95.9224129027836,42.3344658776832],[-95.9169058707658,42.3344990812444],[-95.9126013235873,42.3345442371563],[-95.90817047328,42.3345683417673],[-95.9030383980618,42.3345502800774],[-95.9011505696276,42.3345373442413],[-95.8999567265813,42.334529163054],[-95.8948451338499,42.3344990812444],[-95.8898965844443,42.3344809518007],[-95.8845362473124,42.3344538588942],[-95.8811040541064,42.3344297542393],[-95.8782058204035,42.3344297542393],[-95.8726743533117,42.3344176677094],[-95.8692625518626,42.3344086371755],[-95.8645584340458,42.3344086371755],[-95.8593449705646,42.3344116911815],[-95.8546287263897,42.3344176677094],[-95.8502426121835,42.3344327418385],[-95.8454244981571,42.3344628900857],[-95.8389538433341,42.33450213591],[-95.8340696133028,42.334522855172],[-95.8279893663022,42.3344962922017],[-95.8245839428917,42.3344845377135],[-95.8202309774177,42.3344803548125],[-95.8156412142383,42.3345053897928],[-95.8110457027393,42.3345428433001],[-95.8067716982805,42.3345553933178],[-95.8024356202356,42.3345553933178],[-95.7975639666183,42.3345595768779],[-95.7917111730477,42.3345595768779],[-95.7857962160594,42.3345553933178],[-95.7811952248372,42.3345345419191],[-95.775878006839,42.3345178740764],[-95.7716152313212,42.3345011398234],[-95.7686888785533,42.3344845377135],[-95.763422416267,42.3344511362553],[-95.7584999180046,42.3344094327179],[-95.7535943979011,42.3343511289999],[-95.7494218132379,42.334288575244],[-95.7442794972254,42.334271973078],[-95.7389059548589,42.3342177857451],[-95.7331151450429,42.3341843828172],[-95.7286606690435,42.3341677819518],[-95.725565164406,42.3341427468371],[-95.719655866804,42.3341427468371],[-95.7140398691422,42.3341510482697],[-95.7088129318301,42.3341593477091],[-95.7036705259861,42.3341802663023],[-95.6993796332,42.3342052349959],[-95.6957709210406,42.3342302700858],[-95.691401066341,42.3342594887456],[-95.6867616272247,42.3342034420316],[-95.682228098582,42.3341626686798],[-95.6795588454451,42.3341300632606],[-95.6747716325662,42.3340851726761],[-95.6703043115566,42.3340403478018],[-95.6660852839932,42.3340484500292],[-95.6611436516152,42.3340403478018],[-95.6570623357849,42.334044466318],[-95.65159132621,42.3340484500292],[-95.646715809837,42.3340403478018],[-95.6416363758944,42.334044466318],[-95.6376764215607,42.3340525672167],[-95.6333910992276,42.3340484500292],[-95.6283061855619,42.3340647859652],[-95.6238994999356,42.3340566837399],[-95.6199341566085,42.334044466318],[-95.6150752590682,42.334044466318],[-95.6097420510579,42.3340036921991],[-95.6051424073086,42.3339791882696],[-95.5990702451456,42.3340403478018],[-95.5945146188453,42.3340729539316],[-95.590207376721,42.3358790452142],[-95.5856186025866,42.3377747928963],[-95.581184429411,42.339645981708],[-95.5771418300711,42.3413377739238],[-95.5724980790414,42.3432781746998],[-95.5683616066526,42.3449901859668],[-95.5648539549627,42.346449458102],[-95.5592505337149,42.3487973418614],[-95.557551820411,42.3495228549964],[-95.5524668160154,42.3516545331676],[-95.5504979784072,42.3524656516944],[-95.5470564427222,42.3539003869009],[-95.5425671120898,42.3557873597019],[-95.5402948235786,42.3567206361683],[-95.5353959510082,42.3588016870753],[-95.5321751313885,42.360134385747],[-95.5283365403479,42.3617399339451],[-95.5248895249397,42.3631662932365],[-95.521960927282,42.3644050469645],[-95.5178466432807,42.366116549189],[-95.5135558403261,42.3672860847215],[-95.5090499806925,42.368475976031],[-95.5040641512025,42.3697798646807],[-95.4997347206907,42.3709410380918],[-95.4949310704387,42.3708555569709],[-95.4916164658051,42.3707862687294],[-95.4885665057524,42.3707577307201],[-95.4840053997289,42.3706762320673],[-95.4786281742696,42.3706069442917],[-95.4757823105512,42.3701587620348],[-95.4726937238397,42.3697105772437],[-95.4673826143854,42.3689200547272],[-95.4650883171497,42.3689119583212],[-95.4589664781515,42.3693397742017],[-95.4557787174326,42.3695557378169],[-95.4519897115991,42.36981643372],[-95.4488736364399,42.3700202522974],[-95.4437004183817,42.3700120876738],[-95.4386761409976,42.3699957617418],[-95.4338061043478,42.3685247578808],[-95.4293278229934,42.367167878262],[-95.4242482992194,42.3656642848212],[-95.4200347513792,42.3644010651767],[-95.4160197312168,42.3631581290496],[-95.4106479845825,42.3631418670481],[-95.4057393212738,42.3630888329813],[-95.4009301005688,42.3630603578506],[-95.3958175187923,42.3630521943137],[-95.390732515295,42.3630440287844],[-95.3863808065641,42.3630827928032],[-95.3815871267135,42.3631399421579],[-95.3770094018571,42.3631459823305],[-95.3730636418032,42.3631550757762],[-95.3698474035914,42.3631580626741],[-95.3642874608034,42.3631610502357],[-95.3587804287857,42.3631640358058],[-95.3549038390086,42.3631640358058],[-95.3508520777511,42.3631339676964],[-95.3472445334016,42.363094739744],[-95.3427198989785,42.3630767532882],[-95.3380158709932,42.3630496707126],[-95.3326596661117,42.3630225901166],[-95.3276662009418,42.3629743349998],[-95.3229539982874,42.3629351733235],[-95.3179484058613,42.3629893359067],[-95.3132240759506,42.3630285639249],[-95.3080104337046,42.3630315508288],[-95.3039056718453,42.3629532938988],[-95.2986880770121,42.3630255770208],[-95.2936742200853,42.3630375910119],[-95.2885136682727,42.3630315508288],[-95.2836668979887,42.3630164842202],[-95.2789670022537,42.3630375910119],[-95.2741529306461,42.3630496707126],[-95.2698484732992,42.3630646722652],[-95.2645941373709,42.3630827928032],[-95.2595191051732,42.3630706460695],[-95.2543504694213,42.3630737657226],[-95.2494059624345,42.3630405779154],[-95.2444736716372,42.3630074558026],[-95.2398267774022,42.3629532938988],[-95.2350411805925,42.3629020518189],[-95.2299144063329,42.3628628900974],[-95.225121714629,42.362821271781],[-95.2205093148027,42.3628462297645],[-95.2153726581766,42.3628587747965],[-95.2108222421049,42.3628712527864],[-95.2057757763333,42.3628920290755],[-95.2010168612841,42.3628670717739],[-95.197165603998,42.3628253877481],[-95.1922995199355,42.3628170907652],[-95.1872192784075,42.3627878847127],[-95.1832383025978,42.362767042677],[-95.1785471214194,42.3627628623213],[-95.172778859317,42.3627295409342],[-95.1680593803088,42.3627003361686],[-95.1633511302417,42.3623962656887],[-95.1581523101979,42.3620712870854],[-95.153568207303,42.3620421477266],[-95.1480029635566,42.3619962807556],[-95.1435823549417,42.3625337322093],[-95.1383779653432,42.3625212528248],[-95.1336753746623,42.3625128887617],[-95.1285724048594,42.3624837502716],[-95.1236612253695,42.3624712722047],[-95.1190996701883,42.3624587928078],[-95.1140361364263,42.3624545447279],[-95.1096324152405,42.3626503536996],[-95.1045239657143,42.362587893811],[-95.099404107584,42.3626837421685],[-95.0949778386846,42.3627712907358],[-95.089869208597,42.3628795497622],[-95.0869315388532,42.3628545931194],[-95.0815907849945,42.3628335519783],[-95.076660112063,42.3628008950513],[-95.0719225769176,42.3627642562158],[-95.0668817714306,42.3626460399204],[-95.0616863640866,42.3625237751196],[-95.0570922000606,42.3624056917881],[-95.0518638254439,42.362275262218],[-95.0474351310932,42.3623159509628],[-95.0424163334324,42.362364869685],[-95.0375574358921,42.3624015757935],[-95.0324007468352,42.3624504287365],[-95.0279554336517,42.3624708732836],[-95.0227877851483,42.3624830871731],[-95.0176420564361,42.3624952326929],[-95.0127997768302,42.3624993486814],[-95.006914913404,42.3624096737024],[-95.0008538014173,42.3623200662994],[-94.9952172314373,42.3622466539657],[-94.9898454857013,42.3621733742993],[-94.9858359452621,42.3621081918315],[-94.9814292596359,42.362034779914],[-94.9783792995832,42.3619858602711],[-94.9736749122718,42.3619043502377],[-94.969130425081,42.3619777623075],[-94.9649002584081,42.3620306652226],[-94.9602895653808,42.3621081918315],[-94.9554692055662,42.3621651442706],[-94.9503787223457,42.3621488806845],[-94.9451171998951,42.3621121750921],[-94.9403797545812,42.3620877478301],[-94.9359454008442,42.3620632561733],[-94.9308855501749,42.3620199779094],[-94.9256803520926,42.3619751742778],[-94.9209240421578,42.3619347501557],[-94.9162527128488,42.3618899457996],[-94.9111324055608,42.3610427717195],[-94.9063093508004,42.3613654337612],[-94.9015166590966,42.361688293277],[-94.8967118401364,42.3617420580093],[-94.8918706394072,42.3617464388914],[-94.8868352229136,42.3617599797977],[-94.8819940221845,42.3617554661626],[-94.8768737148965,42.3617913761037],[-94.8720992589929,42.3618226403039],[-94.867276114401,42.3618899457996],[-94.8623500228774,42.3619347501557],[-94.8572357343019,42.3620064370591],[-94.8536321434379,42.3619078682097],[-94.8490881054048,42.3618047842465],[-94.8443197571468,42.3617016337372],[-94.839933553109,42.3616926728353],[-94.8357717482292,42.361683778973],[-94.8302753163318,42.3616702380501],[-94.8247910116907,42.361652383277],[-94.8198709388796,42.3616164732564],[-94.81484163093,42.3615716680096],[-94.8095271078776,42.3615133888152],[-94.8045403800724,42.3615133888152],[-94.7999963420392,42.361499981274],[-94.7948396529822,42.3614954669564],[-94.790192578186,42.3615044942637],[-94.7853938677697,42.3615133888152],[-94.7804130688454,42.361499981274],[-94.7755839064393,42.361499981274],[-94.7710157028267,42.3614730307733],[-94.7659951094336,42.3614722349096],[-94.7608687834332,42.3614767492289],[-94.7559244552111,42.3614767492289],[-94.7510589101377,42.3614677882949],[-94.746217619577,42.3614811288019],[-94.7415645260684,42.3615170402274],[-94.737178232199,42.3615618441856],[-94.7320457976548,42.3615932412544],[-94.727022598249,42.3616291512882],[-94.7221025254379,42.3615573312],[-94.7170550724178,42.3614722349096],[-94.7127173774054,42.3612794749672],[-94.707827576921,42.3610508698036],[-94.7029681403916,42.3608311597839],[-94.698302829795,42.3606294368212],[-94.6932189042761,42.3607056389246],[-94.6883777044452,42.3612391838164],[-94.6836820298937,42.3614856431205],[-94.6786406854176,42.3617546703025],[-94.6740602647171,42.361732234212],[-94.6688975569477,42.3616963912778],[-94.6639713755927,42.3616739551665],[-94.6588449597608,42.361651586088],[-94.6539309056621,42.3616380451583],[-94.6496903194301,42.3616291512882],[-94.6447095196075,42.3616022678839],[-94.6394800670125,42.3615708708196],[-94.6357793673681,42.361548435991],[-94.6318238156775,42.361530447765],[-94.626485127944,42.3615260668678],[-94.6213042742059,42.3615708708196],[-94.6165661102398,42.3615573312],[-94.6115064392335,42.3615573312],[-94.6065985844086,42.361548435991],[-94.6016943210481,42.3615486351226],[-94.5968930064159,42.3615446518262],[-94.592102739265,42.3615243410597],[-94.5872300076694,42.3615040302867],[-94.5822200126,42.361475553774],[-94.5771386032622,42.3614431623142],[-94.5726065128222,42.3614390462564],[-94.5674042791804,42.3613984896985],[-94.5626414124423,42.3613862762618],[-94.5577467610554,42.361321359151],[-94.5532091010607,42.3613254752164],[-94.5483034012941,42.3613741292002],[-94.5432275606127,42.3614390462564],[-94.5387229586205,42.3614918832478],[-94.5339326034348,42.3615324390817],[-94.5287303688946,42.3615689472088],[-94.523929053364,42.361605453987],[-94.5191332175567,42.3616501921689],[-94.5142386568996,42.3616704371814],[-94.5095911329457,42.3616339297771],[-94.5046305461153,42.3616217827633],[-94.4997798232441,42.3615689472088],[-94.495011565716,42.3615567331415],[-94.4898916177541,42.3615608491915],[-94.4851837270131,42.3615648311593],[-94.4801737328421,42.3615851432402],[-94.4754658421011,42.3615973559745],[-94.4706205989531,42.361605453987],[-94.4653908768636,42.3616136847529],[-94.4607214340167,42.3616501921689],[-94.4552984843095,42.3616591530769],[-94.4510374155908,42.3616472722402],[-94.4460027177495,42.3616353900737],[-94.4409895785766,42.3615916482025],[-94.436454434763,42.3615638361652],[-94.4314412066569,42.3615956301684],[-94.4264816978048,42.3616392399463],[-94.4210064661481,42.361710793769],[-94.4154558658391,42.3617464388914],[-94.4095721702227,42.3616948639419],[-94.4042741761715,42.3616353900737],[-94.3995994332645,42.3616313410694],[-94.3962733310935,42.3632909463002],[-94.3926786326526,42.3650814626976],[-94.3888797471476,42.3669553570914],[-94.3855322650728,42.3686147553163],[-94.3819214867883,42.3703932401345],[-94.378335169629,42.3721952272172],[-94.3779237142794,42.3724019641412],[-94.3731952521184,42.3723582291026],[-94.3685956982006,42.3723264398824],[-94.3658742439625,42.3723131282247],[-94.3637383277963,42.372302680914],[-94.3589561463813,42.3720922338001],[-94.354045056723,42.3722907350606],[-94.3491768167038,42.3722669760788],[-94.3442872866123,42.3722272892677],[-94.3392632787229,42.3722351868124],[-94.3341317415955,42.3722470663105],[-94.3293065317767,42.372286753109],[-94.3244438613123,42.3723344701462],[-94.3194305433747,42.3723900846724],[-94.3145731729704,42.3724257887741],[-94.3097159822291,42.3724770901152],[-94.3051645780106,42.3724886377393],[-94.3032498378471,42.3724978917648],[-94.3003451174096,42.3725119320779],[-94.2998923036243,42.3724737306853],[-94.2956518683094,42.3721159941754],[-94.2907272140904,42.3722790546684],[-94.285550402771,42.3722013401854],[-94.2808991058929,42.3721353717297],[-94.276384532601,42.372104246721],[-94.2720696547968,42.3721198427421],[-94.266908563995,42.3721314567979],[-94.2617684039392,42.3721664316844],[-94.2566810648222,42.3722013401854],[-94.2520665090392,42.3722285502203],[-94.2471840756385,42.3722285502203],[-94.2420229848367,42.3722518453191],[-94.2373874075777,42.3722751390819],[-94.2325784572655,42.3722906686948],[-94.2276854237445,42.3723100481862],[-94.2228449416675,42.3723255771267],[-94.2180675213235,42.3723450886753],[-94.2132954010397,42.3723683830672],[-94.2082500132464,42.372387761871],[-94.2059078465859,42.372400571788],[-94.203299128221,42.3724148390936],[-94.198842316602,42.3724265858263],[-94.1938336699038,42.3723605519051],[-94.1889459364429,42.3722906686948],[-94.1844260630909,42.372240164256],[-94.181712547265,42.3722107840598],[-94.1794121163325,42.3721858769164],[-94.1742300049531,42.3721120779151],[-94.1694316538629,42.3720421937646],[-94.1649275010284,42.371980075708],[-94.1601974218998,42.3719256547476],[-94.1552938780899,42.371855771717],[-94.1527646857805,42.3718206307417],[-94.1502641209826,42.371785887945],[-94.1453028146016,42.3717159377288],[-94.1404886540608,42.3716538850524],[-94.1358740982778,42.371595682241],[-94.1310102600035,42.3715294476825],[-94.1258578828599,42.3714485473318],[-94.1212864462106,42.3714105848765],[-94.1172876936397,42.3713547571091],[-94.1164985470188,42.3713883002323]]},"properties":{"VOLTAGE":345,"VOLT_CLASS":"345","OWNER":"MIDAMERICAN ENERGY CO","STATUS":"IN SERVICE","TYPE":"AC; OVERHEAD","ID":"109217","SUB_1":"LEHIGH","SUB_2":"RAUN","INFERRED":"N","SOURCEDATE":1438300800000}},{"type":"Feature","geometry":{"type":"LineString","coordinates":[[-84.3035773809618,37.5744037369435],[-84.298304999676,37.5743039997515],[-84.2958245787,37.5755122827107],[-84.2949768960586,37.5758959712514],[-84.2939804973218,37.5759584318736],[-84.2917973423481,37.5759614071369],[-84.2906110002344,37.5759529996505],[-84.2905052936783,37.5765859356979],[-84.2903549121065,37.5779108198095],[-84.2902273728957,37.5789825288253],[-84.2901226769443,37.5799780949924],[-84.2899132841431,37.5818416891346],[-84.2899075735529,37.5821043817468],[-84.2901340981248,37.5820948636826],[-84.2902139996761,37.582032999795]]},"properties":{"VOLTAGE":69,"VOLT_CLASS":"UNDER 100","OWNER":"NOT AVAILABLE","STATUS":"IN SERVICE","TYPE":"AC; OVERHEAD","ID":"110267","SUB_1":"UNKNOWN129944","SUB_2":"TAP155090","INFERRED":"Y","SOURCEDATE":1437955200000}},{"type":"Feature","geometry":{"type":"LineString","coordinates":[[-80.257428480259,35.3020893158094],[-80.2553418887884,35.3041502307303],[-80.2509146667764,35.3086469662949],[-80.2469216373722,35.3127200051626],[-80.2429476253025,35.3167618053155],[-80.239201773637,35.3205862153082],[-80.2353609197402,35.3245034543584],[-80.2309210099232,35.3290023409923],[-80.2270041244174,35.3330277308023],[-80.2252580627114,35.3347772999512],[-80.2227329568383,35.3364113031513],[-80.219338897116,35.3386138810658],[-80.2144115659174,35.3417995279593],[-80.2102760053186,35.3445563967824],[-80.2049614409438,35.3479649137863],[-80.2039427891408,35.3501824790645],[-80.2038344532158,35.3508069011382],[-80.2039489039729,35.3519970887853],[-80.2041845087158,35.3549027599229],[-80.2050374653662,35.3573136208684],[-80.2053987551971,35.3574818660685]]},"properties":{"VOLTAGE":100,"VOLT_CLASS":"100-161","OWNER":"NOT AVAILABLE","STATUS":"IN SERVICE","TYPE":"AC; OVERHEAD","ID":"112388","SUB_1":"UNKNOWN114426","SUB_2":"TAP150528","INFERRED":"Y","SOURCEDATE":1404777600000}},{"type":"Feature","geometry":{"type":"LineString","coordinates":[[-81.8301978690907,30.8104133712005],[-81.8301051737332,30.8111360073014],[-81.8322514223218,30.8121525872411],[-81.837349651715,30.8146143817317],[-81.8412784982888,30.8165433563326],[-81.8450932579232,30.8184110560948],[-81.8530436446317,30.8222688132882],[-81.8553752830371,30.8234322342139],[-81.8591044781407,30.8252079531425],[-81.8597747354287,30.8255141077275],[-81.8621562860279,30.826665243317],[-81.8645663581373,30.8279082079309],[-81.8710692750555,30.8302532662105],[-81.8755614219063,30.8319125278686],[-81.8782852324253,30.832904398225],[-81.8799466126444,30.8335044137315],[-81.880787998994,30.8338472779411],[-81.8821427743251,30.8342881013334],[-81.8834191141555,30.8347840247478],[-81.8855154487537,30.8355370900791],[-81.8886100389063,30.836577902004],[-81.8913980223743,30.8375207448624],[-81.8976228550165,30.8397859797252],[-81.8982574590692,30.8400920878181],[-81.8990988463171,30.8403920739587],[-81.9025303316507,30.8416128322311],[-81.9027925166445,30.841691654188],[-81.9130340996043,30.8454482001326],[-81.9225340002278,30.8488430003181],[-81.9276253000169,30.8507168999948],[-81.9372812002761,30.8544195996904],[-81.9412679998638,30.8556190000643],[-81.9664285533306,30.8473879510429],[-81.9732618445591,30.8472094020061],[-81.9831539999414,30.8467580002391],[-81.9835430001038,30.8467580002391],[-81.9835869995864,30.8467140001491],[-81.9850479998016,30.8467209999368],[-81.9916763996868,30.8465719998259],[-81.9942009998085,30.8468150003432],[-81.9975943067425,30.8471583869429],[-82.0042850003011,30.8477690003072]]},"properties":{"VOLTAGE":115,"VOLT_CLASS":"100-161","OWNER":"GEORGIA POWER CO","STATUS":"IN SERVICE","TYPE":"AC; OVERHEAD","ID":"115544","SUB_1":"UNKNOWN111393","SUB_2":"UNKNOWN111565","INFERRED":"Y","SOURCEDATE":1397088000000}},{"type":"Feature","geometry":{"type":"LineString","coordinates":[[-84.4468450000135,34.4579180000442],[-84.4475551002793,34.4579086998313],[-84.4485842003873,34.4623204997634],[-84.4496607998143,34.4669602003094],[-84.4501214999094,34.4690292996371],[-84.4516167995988,34.4703286997581],[-84.4546842004426,34.4730574003032],[-84.4578607995941,34.475902599959],[-84.4602194997474,34.4780153001075],[-84.464922400347,34.482227400047],[-84.4674869997534,34.4845609001824],[-84.4713956000973,34.4871633999464],[-84.4739772998334,34.4889247001825],[-84.4757788001688,34.4901411997016],[-84.4819173999335,34.4943290997308],[-84.4839067002656,34.4956950998626],[-84.4862129001788,34.497237800012],[-84.4903793996542,34.5000709997634],[-84.495286100144,34.503382500332],[-84.4971006997129,34.5047046998523],[-84.499678100112,34.5065290001692],[-84.5007087004066,34.511296299847],[-84.4996340997311,34.5147182001042],[-84.4980457004423,34.5192894999055],[-84.4985341000893,34.521756199893],[-84.4990999003777,34.5246828002157],[-84.5002058998673,34.5305591002651],[-84.5012872001782,34.5363041999235],[-84.5023736999379,34.541947799812],[-84.5037023998713,34.5425359000931],[-84.5105723001426,34.5456099998825],[-84.5120582995738,34.5462267000999],[-84.5139072004134,34.5484840003285],[-84.5139041003274,34.5532182001069],[-84.5139202996469,34.5549755999015],[-84.5139262680537,34.5567924796703],[-84.5139323999538,34.558659200308],[-84.5139505998214,34.5624480001706],[-84.5139676004382,34.5647024997694],[-84.513991200079,34.5683587000677],[-84.5140081997974,34.5703761997845],[-84.5140453999317,34.5744388999555],[-84.5140725003072,34.5777295998521],[-84.5141029001947,34.5816666001559],[-84.514143499554,34.5853582000308],[-84.5141740000528,34.5899466999523],[-84.5140891002753,34.5932521999154],[-84.5152619002861,34.5934648003211],[-84.5176593995748,34.5939049002299],[-84.5216224000957,34.5946128001292],[-84.5241664999472,34.5950476000186],[-84.5289600001348,34.5958449997344]]},"properties":{"VOLTAGE":230,"VOLT_CLASS":"220-287","OWNER":"GEORGIA POWER CO","STATUS":"IN SERVICE","TYPE":"AC; OVERHEAD","ID":"115545","SUB_1":"UNKNOWN110333","SUB_2":"UNKNOWN110437","INFERRED":"Y","SOURCEDATE":1397088000000}},{"type":"Feature","geometry":{"type":"LineString","coordinates":[[-83.5413892753984,38.1668618079355],[-83.5459803132873,38.166219422177],[-83.5694513171644,38.1577675762131],[-83.5978906351799,38.1469743411494],[-83.6185369522231,38.1459031023295],[-83.621669252753,38.145741575224],[-83.6311573540052,38.1452716306847],[-83.6505666181386,38.1427160898312],[-83.6544067695528,38.1421355022869],[-83.6595820977536,38.1413978689456],[-83.6628479076977,38.1409219772047],[-83.6644623716044,38.1407458967423],[-83.6679459026306,38.1377620517581],[-83.6702123404143,38.1357882902681],[-83.6707441493508,38.1353064493306],[-83.6736030718785,38.1342428299937],[-83.6765976238444,38.1330649959446],[-83.6796742665559,38.1319264238757],[-83.6819549803661,38.1310376957943],[-83.6838930506758,38.130302441821],[-83.686230871287,38.1293851601961],[-83.6898536007581,38.1280252983175],[-83.6976094536985,38.1251009396698],[-83.7058138363587,38.1222265520129],[-83.7110486500992,38.1205704473249],[-83.7186438887585,38.1181719499397],[-83.7256585399614,38.1158591139856],[-83.7319688706591,38.1137556700199],[-83.7379651126041,38.1114809061944],[-83.742124410286,38.1101008181551],[-83.7497196498435,38.107312090019],[-83.7553637306377,38.1051705748259],[-83.7625211501904,38.1026388291315],[-83.7657952893137,38.1014586161742],[-83.769926033146,38.0988602441109],[-83.7755510786393,38.0952339463385],[-83.7779590927084,38.0937206088131],[-83.7848785656103,38.0892852932175],[-83.7872865796794,38.0878005098206],[-83.7913126275602,38.0852306917606],[-83.7945011060331,38.0830701411269],[-83.7989459386179,38.0802147880084],[-83.8035906472517,38.0769692031876],[-83.8067029818261,38.0749133486991],[-83.8109574578089,38.0718486028992],[-83.814931032399,38.0688726181089],[-83.8241346668452,38.0622347776819],[-83.8352089997515,38.0538789997813],[-83.8506403028212,38.0492937552225],[-83.8627827523632,38.0457639411398],[-83.8652554954385,38.0450617150098],[-83.8780333799748,38.0419938963172],[-83.8828340002094,38.0408119997845]]},"properties":{"VOLTAGE":138,"VOLT_CLASS":"100-161","OWNER":"EAST KENTUCKY POWER COOP, INC","STATUS":"IN SERVICE","TYPE":"AC; OVERHEAD","ID":"118311","SUB_1":"UNKNOWN121859","SUB_2":"TAP137344","INFERRED":"Y","SOURCEDATE":1425945600000}},{"type":"Feature","geometry":{"type":"LineString","coordinates":[[-79.5316413999889,35.2204286001205],[-79.5310558996463,35.2198106998186],[-79.5307314245724,35.2194691090639],[-79.5305904241071,35.2193369228951]]},"properties":{"VOLTAGE":230,"VOLT_CLASS":"220-287","OWNER":"PROGRESS ENERGY CAROLINAS INC","STATUS":"IN SERVICE","TYPE":"AC; OVERHEAD","ID":"124218","SUB_1":"TAP147619","SUB_2":"WEST END","INFERRED":"Y","SOURCEDATE":1397001600000}},{"type":"Feature","geometry":{"type":"LineString","coordinates":[[-83.684878595069,33.7860729581995],[-83.684970719098,33.7862070809052],[-83.6846830003906,33.7869093001016],[-83.6844711003915,33.7880255997475],[-83.6841124004036,33.7897881002929],[-83.6837989997606,33.7912115003439],[-83.6841340003946,33.792410500003],[-83.68462480034,33.7942432997232],[-83.6851197001963,33.7960662001641],[-83.6855601001627,33.7977315999625],[-83.6859530996247,33.7992094000139],[-83.6870835997654,33.7988104000978],[-83.6895965002288,33.7978686000965],[-83.6920236996175,33.7969531998602],[-83.6965739998065,33.7960781997315],[-83.6989076001324,33.7962123000457],[-83.7012250999536,33.7963380003298],[-83.7024939002238,33.7964523003691],[-83.702299800342,33.795609400152],[-83.7021625997504,33.7949738002491],[-83.7032855998567,33.7948175999261],[-83.7047568004419,33.7947108003527],[-83.7064453996141,33.7944889000939],[-83.7075341999593,33.7943385002131],[-83.708624600204,33.7941922000478],[-83.7096656002946,33.7940494001489],[-83.7102525999254,33.7939687001054],[-83.7114116997298,33.7938123001154],[-83.7124542000069,33.7935529002103],[-83.7139627004393,33.7934721996988],[-83.7148141003094,33.7933592999295],[-83.7155175000415,33.7932637997327],[-83.7164314001975,33.7935394997754],[-83.7166011153108,33.7935514160842],[-83.7168631556758,33.7935969372348]]},"properties":{"VOLTAGE":115,"VOLT_CLASS":"100-161","OWNER":"GEORGIA POWER CO","STATUS":"IN SERVICE","TYPE":"AC; OVERHEAD","ID":"110923","SUB_1":"UNKNOWN116149","SUB_2":"UNKNOWN116150","INFERRED":"Y","SOURCEDATE":1397088000000}},{"type":"Feature","geometry":{"type":"LineString","coordinates":[[-81.2216946517539,41.5999421738905],[-81.2208986545807,41.5980936680225],[-81.2203287633644,41.5967425726966],[-81.2183666631209,41.5950737517183],[-81.2159930446456,41.5931630300537],[-81.2139747098653,41.5914327768659],[-81.2121812234005,41.5894024892692],[-81.2115615134153,41.5882077242383],[-81.2114038752526,41.5881162522526]]},"properties":{"VOLTAGE":138,"VOLT_CLASS":"100-161","OWNER":"NOT AVAILABLE","STATUS":"IN SERVICE","TYPE":"AC; OVERHEAD","ID":"113231","SUB_1":"UNKNOWN112912","SUB_2":"TAP148482","INFERRED":"Y","SOURCEDATE":1406764800000}},{"type":"Feature","geometry":{"type":"LineString","coordinates":[[-82.7741909995943,38.5690180001133],[-82.774669620181,38.5698949310027],[-82.7748977931615,38.5709950326588],[-82.7755442810271,38.5760047442814],[-82.7791475062767,38.5820917408368],[-82.7816954329513,38.5862089049543],[-82.7830359457307,38.5885051990873],[-82.7870955160429,38.5917079970242],[-82.7924005277331,38.5943682183065],[-82.8011566493525,38.5987967457534],[-82.806299244741,38.6014293073262],[-82.8120135791802,38.6052282506556],[-82.8152719726333,38.6073810711085],[-82.8201491607711,38.611559930033],[-82.828177982082,38.6182790253205],[-82.8338109911403,38.6174990626556],[-82.8403709519772,38.6151591258792],[-82.8447917950524,38.6123845298843],[-82.8524082609018,38.6073666278772],[-82.8589510630186,38.6030959552068],[-82.8646588694006,38.602123368029],[-82.8747734494439,38.6003554917535],[-82.8775951475828,38.5998439782356],[-82.883208898558,38.5983418492522],[-82.8864383429027,38.5972685891683],[-82.891641834186,38.5956082947262],[-82.8956437389452,38.5955998702908],[-82.8975105279372,38.5956082947262],[-82.9015526772211,38.5950477400965],[-82.9039371653113,38.5947194372813],[-82.9082071273513,38.5940821351653],[-82.9128313849393,38.5934112662435],[-82.9154384755569,38.5930590838795],[-82.9185926401825,38.5925978599848],[-82.9225087558321,38.592002525719],[-82.9257917388695,38.5915664321499],[-82.929611285626,38.5910716357221],[-82.9330658468826,38.5908620482962],[-82.9442131310748,38.5902079299102],[-82.9504358508794,38.5898473762347],[-82.9552504605779,38.5895886330946],[-82.9590269789306,38.5887667582892],[-82.9638361098041,38.5877508629251],[-82.9659041214197,38.5872992949592],[-82.972719638582,38.5857552642541],[-82.9778346467081,38.5853787476976],[-82.9807555188544,38.5851598732509],[-82.9850170367308,38.5848604558596],[-82.9902076821054,38.5844469291781],[-82.9955720616561,38.5840779903054],[-83.0019879192468,38.584178546349],[-83.0076420045783,38.5842624599787],[-83.0103462039764,38.5842964467264],[-83.0162572083774,38.5843882951292],[-83.0220267281212,38.5844561280485],[-83.026074176567,38.5845140598389],[-83.0305910863769,38.5845979730765],[-83.0330157291603,38.5849585531115],[-83.038626965751,38.5858139667038],[-83.0427467285772,38.586426133794],[-83.0482506173898,38.5872224768637],[-83.0536446413448,38.5880707722885],[-83.0607175267343,38.5890674927919],[-83.0669295565871,38.5896796321451],[-83.0733776636965,38.5903337553442],[-83.0775269819938,38.5907123509428],[-83.0814135430706,38.5910884877609],[-83.0851256513192,38.5914658857498],[-83.0904793409179,38.5920444442723],[-83.0939555515729,38.5914825270556],[-83.0991482630727,38.5907026606718],[-83.1043839140432,38.5899060760412],[-83.1071922272844,38.5891106762417],[-83.1110035993718,38.5880527258548],[-83.1144154008209,38.587130280997],[-83.1193050207439,38.5858148802537],[-83.1220302398213,38.5851858552345],[-83.1304979393525,38.5827612689517],[-83.1378766112647,38.5833239559337],[-83.1401217706543,38.5832979739786],[-83.1463310157297,38.5831478402276],[-83.1491205541815,38.5819233747129],[-83.160729123272,38.5818982349258],[-83.1633174391002,38.5825599420881],[-83.1667614002364,38.5827360592358],[-83.1725630796674,38.5831059881063],[-83.1795609557307,38.5835076551094],[-83.1832087446049,38.5837424747783],[-83.1943452490137,38.5843547297479],[-83.1997633478183,38.5855959362148],[-83.2032930082327,38.5855539450816],[-83.2078608516209,38.5855129369948],[-83.2115972143821,38.5852772797779],[-83.221475718067,38.584716154348],[-83.2255232572427,38.5845056326974],[-83.2290932520133,38.5835839863325],[-83.2350718995552,38.5819980917936],[-83.2416781101546,38.582183339258],[-83.2453393737581,38.5812935431492],[-83.2519054296643,38.5816290701173],[-83.2564115587925,38.581033574681],[-83.2604643081968,38.5804556317868],[-83.265458671682,38.5797617422074],[-83.2709861852882,38.5769301446662],[-83.2740846543662,38.575266079826],[-83.278796767189,38.572830272744],[-83.2813373815773,38.5727631318651],[-83.2857490088359,38.5726490753111],[-83.2901006277352,38.5725148619792],[-83.2931648710009,38.5724141491415],[-83.2972411562656,38.5722995301754],[-83.2995066175807,38.57223582878],[-83.3023926350939,38.5721687582802],[-83.3046779491767,38.5720932577152],[-83.313134958756,38.571840772254],[-83.3194756273575,38.5716813431139],[-83.3279916562509,38.5719842568433],[-83.3391308556055,38.5701715312453],[-83.3426928553701,38.5696363442392],[-83.3514905061051,38.56980244881],[-83.361060618153,38.570087670685],[-83.364880075078,38.5703812506958],[-83.3674845605812,38.5735359592745],[-83.3696436613666,38.5761772298362],[-83.3729696737061,38.5801277538198],[-83.3734604233458,38.5886326452888],[-83.3725297687114,38.5911219797808],[-83.3708319528245,38.5956011326574],[-83.3642765868701,38.6001039467019],[-83.3601594282599,38.6030037797245],[-83.3581101016023,38.6057034262969],[-83.3521959530978,38.6137866647296],[-83.3523380665757,38.6183875832261],[-83.3553394277715,38.6214484507113],[-83.3567234621297,38.6227979396917],[-83.3589470619525,38.6250179306728],[-83.360113883675,38.6262094487058],[-83.366518960584,38.6304923777684],[-83.3704242084153,38.6330737312647],[-83.3735355234018,38.6351521497611],[-83.3781060608376,38.6379931680452],[-83.380005010415,38.63914966769],[-83.3844253504336,38.6417810867223],[-83.3871853334142,38.6434976362587],[-83.392238626382,38.6443942386548],[-83.3961519572542,38.6451161290903],[-83.4041985265801,38.6465657822528],[-83.413653384777,38.6482738669807],[-83.4219226455636,38.6464736619282],[-83.4292745485787,38.6448048941018],[-83.4332227340839,38.643933344748],[-83.4411835143003,38.6442015742767],[-83.4459149409017,38.6509216486554],[-83.4502574868167,38.6512161601742],[-83.4588754735966,38.6481063303391],[-83.4650659447808,38.6413942713424],[-83.4673699438215,38.637222157915],[-83.471921618433,38.63028157073],[-83.4758055725987,38.6270630373011],[-83.4827658101499,38.6210963357469],[-83.4937629858581,38.6170559802172],[-83.5001599788279,38.6128715712212],[-83.5032364391814,38.6108021930351],[-83.5075816800422,38.6068869817812],[-83.5125516991831,38.6025174871586],[-83.5146304007506,38.6006405930051],[-83.5186323064081,38.5959701527414],[-83.5233208815739,38.5898150772776],[-83.5257133655684,38.5866870650945],[-83.5286852620229,38.582812391279],[-83.5308203777902,38.5800530347934],[-83.5334086037868,38.5767224823473],[-83.5356590632365,38.573754025673],[-83.5365306985567,38.5712871951666],[-83.5375821765968,38.5684602510307],[-83.5390412202812,38.564509225893],[-83.5403797100546,38.5606258389435],[-83.5413453091535,38.5579999418848],[-83.5431799375599,38.556045033332],[-83.5448348148747,38.5543159940574],[-83.5484933844306,38.5519330799203],[-83.5513231674071,38.5500879532353],[-83.5545846798108,38.5479483373408],[-83.5584175216336,38.5466469717881],[-83.5622128138775,38.5453974342199],[-83.5665044253158,38.5439290856613],[-83.5713887451786,38.5422498522759],[-83.5755488432594,38.5416381519121],[-83.5800254178147,38.5409743822752],[-83.5838878142103,38.5408988489397],[-83.5883724736033,38.5408149549272],[-83.59161251717,38.5407729383237],[-83.5953247152501,38.5407142679302],[-83.5995304477473,38.5414358666706],[-83.6041438357204,38.5422582836712],[-83.6081564304315,38.5429463517524],[-83.6126947192469,38.5437603912254],[-83.6156773056532,38.5442806657961],[-83.6192715549365,38.5449267713135],[-83.6232197404418,38.5455980916742],[-83.6257168772686,38.5460268778712],[-83.629997619092,38.5463204852087],[-83.6326181844388,38.5464958481005],[-83.6380362832434,38.5468231769697],[-83.6430573266925,38.5471335717449],[-83.646984132294,38.5473853732958],[-83.6525309596788,38.547746138699],[-83.6583244644407,38.5486103557797],[-83.6618649046385,38.5491138752946],[-83.667347412649,38.5511947258157],[-83.6706090157826,38.5524113551071],[-83.6748147482797,38.5539886290476],[-83.6787307740978,38.5553394567226],[-83.6841487830709,38.5571265650503],[-83.6893630541376,38.5577893433423],[-83.6927640758033,38.558259150051],[-83.6964118646775,38.5587877491733],[-83.6992228728646,38.5592323306899],[-83.7027311533752,38.5597609943049],[-83.7074947396638,38.5604656831839],[-83.7130415670486,38.5617491670301],[-83.7180089810753,38.5629488300083],[-83.7225687396259,38.5641065402324],[-83.726538484698,38.5651048583134],[-83.7309989794097,38.5653405803095],[-83.7348639809197,38.5655158272726],[-83.7386834378447,38.5657004836898],[-83.7424171056601,38.5658933603502],[-83.7459683256412,38.5660443723234],[-83.749058260724,38.5661953846818],[-83.7524485026063,38.5663631843255],[-83.7566328551997,38.5670594502218],[-83.763295479999,38.5681583759886],[-83.7680026520878,38.568914184985],[-83.7719643123223,38.5695759422265],[-83.776328238141,38.5702730900375],[-83.7797856740065,38.5708509750941],[-83.7859734493466,38.5726468278895],[-83.7904581087395,38.5744502908838],[-83.7946558462306,38.5761688733495],[-83.7984645233723,38.5769237553462],[-83.8035473709129,38.5767820349149],[-83.8075089413158,38.5766469872703],[-83.81115673019,38.5768063337584],[-83.8151907048049,38.5769908923367],[-83.819857812032,38.5771502387643],[-83.8252329713661,38.5777960481674],[-83.8296613063907,38.5783756276675],[-83.8338670388879,38.5789124356935],[-83.8383007638042,38.579473537649],[-83.8451886860767,38.5807232560643],[-83.8507568044321,38.5817883360324],[-83.8546836091353,38.5818973922512],[-83.8588464021619,38.5820735812464],[-83.8650798119184,38.5822915522071],[-83.867987299167,38.5823754680417],[-83.8744220213786,38.5826362743185],[-83.8781690740917,38.5822077767196],[-83.8823640268055,38.5817380556526],[-83.8855478358355,38.5813782333093],[-83.8888657633374,38.5809748683237],[-83.8944554403613,38.5803374442064],[-83.8977491133505,38.5792806293248],[-83.9027783305704,38.577637545897],[-83.9074775085514,38.5761110752848],[-83.9125013367779,38.5755146913499],[-83.9177048280611,38.5749107892894],[-83.9224469446145,38.5743487379962],[-83.9268967493744,38.5738295940211],[-83.9299571298843,38.5734512598676],[-83.9345678229116,38.5730746802117],[-83.9398705780337,38.5725705559773],[-83.9441299399534,38.572151129245],[-83.9503762845517,38.5715727630149],[-83.9545798619905,38.5711781930719],[-83.9574015601294,38.5713374821598],[-83.9648795857121,38.5717065567097],[-83.9685165049714,38.5718911276877],[-83.9728617458322,38.5715304827508],[-83.9759275162338,38.5712544657599],[-83.9795243706314,38.5708929748235],[-83.9843308065591,38.5704063952162],[-83.9908298481451,38.5697781482997],[-83.9980316417779,38.5690474919824],[-84.0047156455826,38.568384747271],[-84.0131093248327,38.5675815930659],[-84.0278377402101,38.5664938101568],[-84.0447885022604,38.5659529822996],[-84.0643960003225,38.5654230001893],[-84.0899909997219,38.5649049998385],[-84.0952220001141,38.5649149998345],[-84.1094630003981,38.5627440001585],[-84.1163088797187,38.5625420222446],[-84.1249252001237,38.5624488970064],[-84.1296197392047,38.5627412656527],[-84.1330041420376,38.5629253686726],[-84.1380064106972,38.5632118842931],[-84.1445676157009,38.5636128891886],[-84.1505506649877,38.5639509571546],[-84.1541168868341,38.5641002881454],[-84.1584395799813,38.5640410762672],[-84.1639530798691,38.5639077592796],[-84.1713972389656,38.5637802727165],[-84.1761748389726,38.5637135441222],[-84.1818809376574,38.5635704637591],[-84.1861510793604,38.5635159568792],[-84.1892790131797,38.5634232388957],[-84.1933785648103,38.5638137767691],[-84.1978132778734,38.5642214532289],[-84.2014208222229,38.5646044711078],[-84.2031961456509,38.5647267921886],[-84.2082143315591,38.5650725482289],[-84.2125294788579,38.565544344259],[-84.2169181083469,38.5660204912703],[-84.2199490241155,38.5663300312472],[-84.2236182827251,38.56631619434],[-84.2266615054131,38.5662905567213],[-84.232459950909,38.5662071847039],[-84.2390592435824,38.5661265511811],[-84.2436414609135,38.5658132876817],[-84.248519941727,38.5654491698264],[-84.2523635633331,38.5651585906541],[-84.2573481351816,38.565409344324],[-84.2616487297728,38.5656282789557],[-84.267792667327,38.566031378222],[-84.2713449652866,38.5662578257409],[-84.2761042396618,38.5665313326597],[-84.280833061149,38.5668622943061],[-84.2844067390123,38.5670937260589],[-84.2881811014083,38.5673123753126],[-84.291874074643,38.5678227860983],[-84.2967792354204,38.5689916547823],[-84.3007516754383,38.5698301922161],[-84.3049883998128,38.5707775808594],[-84.3065518870221,38.5708032702547],[-84.3107546856216,38.5708723261302],[-84.315187242728,38.570941575784],[-84.3191210551887,38.5710208701692],[-84.321978685939,38.571095458124],[-84.3274251724049,38.5712485668659],[-84.3307043816198,38.5713257532134],[-84.3356584107487,38.5714591259697],[-84.3394312451104,38.5715320278772],[-84.3450708675658,38.5712292527077],[-84.3482041023436,38.5710116702804],[-84.3539226876108,38.5707092426824],[-84.3584357337667,38.5704332941753],[-84.3636730017046,38.5709281618688],[-84.3680192307122,38.5713295458071],[-84.3713328463008,38.5716662430453],[-84.3750515122509,38.5720290652115],[-84.3807447650271,38.5726007557312],[-84.3847798176203,38.5729660312846],[-84.3900461011419,38.5732302421309],[-84.3931006426025,38.573720526255],[-84.4000625860544,38.5744259912432],[-84.4037994878048,38.5748021431391],[-84.4080641497847,38.5752751387113],[-84.413493926688,38.5757767859569],[-84.4180993196551,38.5762523742649],[-84.4216194579274,38.5766264799845],[-84.4253450409053,38.5770068340182],[-84.4293356268919,38.5773913287457],[-84.4331540058386,38.5774651382895],[-84.43886333756,38.5775880358117],[-84.443955887804,38.5776799630209],[-84.4475263317323,38.5777973817761],[-84.4513796551435,38.5778367797533],[-84.4543713154325,38.5779143796809],[-84.4568358434145,38.5779457717453],[-84.4611745256754,38.5780246363375],[-84.4669439555877,38.5781525892138],[-84.4716619065616,38.5782703590308],[-84.4774217253986,38.578411233108],[-84.4815094192675,38.5785102521096],[-84.4848659734283,38.5785903218644],[-84.4863256468318,38.5786251420708],[-84.490696580408,38.5787048493314],[-84.4959193845716,38.5791841402068],[-84.4984567659231,38.5793825256647],[-84.5035089809125,38.5798438351507],[-84.5081754593189,38.5802459417453],[-84.5115373144382,38.5806036637391],[-84.5164793061423,38.5809942500855],[-84.5218378466436,38.5814324450435],[-84.5269640828124,38.5819558878882],[-84.5311875121207,38.5824364912941],[-84.5371800844478,38.5830876602402],[-84.543936582296,38.5839938657977],[-84.5482737383192,38.5846064697252],[-84.5539573791218,38.5846647517929],[-84.5581630217875,38.584773734126],[-84.5633557332874,38.5848241521183],[-84.5660057633755,38.5848324380802],[-84.5692351169904,38.5848744303375],[-84.5758763618859,38.5849499862845],[-84.5797708281371,38.5850673938569],[-84.5838263623188,38.5856963496945],[-84.5881823829631,38.5860653497695],[-84.5934072541501,38.5863588637815],[-84.5973875993425,38.5865768926562],[-84.6016571122248,38.5868702641413],[-84.606517357238,38.5871805568994],[-84.6107980990615,38.5874488582915],[-84.6141455811362,38.5874908483166],[-84.6205474250085,38.5877587272464],[-84.6252359121393,38.5879348323467],[-84.6322847226792,38.5881696368369],[-84.637391734901,38.5881780628463],[-84.6454168335934,38.588454785786],[-84.6507813038738,38.5886728792152],[-84.6540246712072,38.5888325501035],[-84.6582378597212,38.5889998748764],[-84.6642170462523,38.5886145287799],[-84.6696533808572,38.588245190019],[-84.6774671068615,38.5877591492515],[-84.6820376451956,38.5874237906561],[-84.688632626854,38.5869536831001],[-84.6932996442496,38.5866685267855],[-84.697036546,38.5863003717308],[-84.7003592345729,38.5877168778124],[-84.7045864368054,38.5894779743021],[-84.7083093248373,38.5911047766805],[-84.7123465333872,38.5928074437477],[-84.7155512731633,38.5941906812378],[-84.7184191447079,38.59471108225],[-84.7247137297352,38.5959348382474],[-84.7300062440631,38.5969247812046],[-84.7362504336031,38.5981154312617],[-84.7420009988944,38.5992054572066],[-84.7439577873997,38.5992516477962],[-84.7448442566001,38.5992725740689],[-84.7509564836248,38.5993895369864],[-84.7544465283351,38.5995157668601],[-84.7578121563786,38.599582391993],[-84.7621391614392,38.5996833482582],[-84.7647140034364,38.5996582841925],[-84.7719881105512,38.5996247259495],[-84.7774674735599,38.6000183666622],[-84.782470282107,38.6003206701489],[-84.785031199319,38.6000435710124],[-84.791214213588,38.5992725740689],[-84.7955991599844,38.5987354267942],[-84.8001513726867,38.5981154312617],[-84.8033593463978,38.5977129332767],[-84.8082913668022,38.5973771297205],[-84.8136267307692,38.5969918292893],[-84.8186693337851,38.5967737632367],[-84.8234114503384,38.5964132418333],[-84.8273457119567,38.5961193476688],[-84.8319731136483,38.5957759547545],[-84.8361144369396,38.5954992593301],[-84.8404349741301,38.5952304263421],[-84.8460997503118,38.5949453738109],[-84.8512496121726,38.5947022357452],[-84.8574433163935,38.5943923272482],[-84.862160819108,38.5941152747339],[-84.8664770443852,38.5939060458447],[-84.869102370803,38.5937546697674],[-84.874191057393,38.5934951690838],[-84.8795415130567,38.5931005791401],[-84.8854638362303,38.5927232592545],[-84.8904130135584,38.5923462877469],[-84.8952303199993,38.5920360882275],[-84.8988244785527,38.5917844452121],[-84.9059484789802,38.5913148569999],[-84.9114094274239,38.5909458831996],[-84.9143351495745,38.5910041608241],[-84.9181224477106,38.5910628596849],[-84.9233827134182,38.5915664321499],[-84.9279640306373,38.5913483489142],[-84.9334357588644,38.5910716357221],[-84.938607000629,38.5907865666777],[-84.9435637247037,38.5905097832123],[-84.9493036000431,38.5902666287198],[-84.9531445267034,38.590048542238],[-84.9559662248424,38.5898808688335],[-84.9603329354385,38.5897047692082],[-84.9649645592119,38.5894359847369],[-84.9698386382804,38.5892267422106],[-84.975156934257,38.5889328888412],[-84.9810148482248,38.5884799941965],[-84.9858889272933,38.5880946453099],[-84.9887074813288,38.5878761302265],[-84.9954911990284,38.5873398807205],[-85.000104676833,38.5869456782547],[-85.0041355073444,38.5866433886595],[-85.0091458608415,38.5862995298101],[-85.0142206244429,38.5863079560389],[-85.0171313447282,38.586426133794],[-85.0204894269233,38.5860907696752],[-85.0246919245871,38.5857460648479],[-85.030067174651,38.5852931501028],[-85.0356386158747,38.5850675342965],[-85.0415147656427,38.5852847939745],[-85.0447473531926,38.5846146847898],[-85.0487921075909,38.5837676841409],[-85.0588740796876,38.5825171767347],[-85.0653971062917,38.5815023867507],[-85.0703463743496,38.580882594212],[-85.0745381829598,38.5802694669479],[-85.0764672341841,38.5805700509433],[-85.0802491334454,38.5811593459677],[-85.0898267006118,38.582198437116],[-85.0944293986331,38.5827100770682],[-85.0982274756543,38.5830622399737],[-85.1060948310811,38.5839856499599],[-85.1111020395765,38.5833726903315],[-85.1160083690621,38.5827863382147],[-85.1200423436769,38.5823167620789],[-85.1234058157637,38.5829792378253],[-85.1276812584253,38.583871189899],[-85.1314787057275,38.5846268342922],[-85.1363534136168,38.585596778846],[-85.1402055692182,38.5864089302707],[-85.1450024830038,38.5873746377023],[-85.148325309019,38.5880743266652],[-85.1517684778411,38.5887993561364],[-85.1591258857323,38.5902926790703],[-85.1651850223237,38.5914712928932],[-85.1683891332791,38.5921253288541],[-85.1725138377376,38.5929555906629],[-85.1802006569451,38.5940603437842],[-85.1863824971161,38.5955272820746],[-85.1907904475703,38.5965552092743],[-85.1961834968532,38.5979793158648],[-85.1984818922032,38.598440008121],[-85.2018969221974,38.5992700466568],[-85.2064137412775,38.6003348522323],[-85.2126214592169,38.6018215642611],[-85.2137869253817,38.602087558822],[-85.2177552412341,38.6029932486857],[-85.2238084489446,38.6045783277961],[-85.2286900738616,38.6054682572537],[-85.233484741859,38.6063385887587],[-85.2385106362106,38.6072507491829],[-85.2431321090213,38.6080664463013],[-85.2457337576449,38.6084987058569],[-85.2483308392336,38.6093806678839],[-85.253719832623,38.6110938510513],[-85.2571381019421,38.6122406767789],[-85.259711415905,38.6133858697562],[-85.2681768337154,38.6170635760154],[-85.2733355053541,38.6192717159708],[-85.2763582760981,38.6224840818983],[-85.2799186588952,38.6259470469469],[-85.2828628665776,38.6269811688896],[-85.2870168767757,38.6285679342293],[-85.288974844769,38.6293910367847],[-85.2925577752797,38.631745348259],[-85.2956471713733,38.6339826739834],[-85.2980788210159,38.6355845408102],[-85.3025312308901,38.6385831381607],[-85.3059151845654,38.6410908779643],[-85.3097796470861,38.6441667739551],[-85.3129618391486,38.646394380725],[-85.3171149303701,38.6492864492921],[-85.321329286694,38.6512538327263],[-85.3256202693117,38.6532898426783],[-85.3295470749132,38.6551406666632],[-85.3333230533784,38.6569131546542],[-85.3367922571742,38.6585258743108],[-85.3417494304065,38.6608239519161],[-85.3454399997495,38.6625799999241],[-85.349582560021,38.6639491527393],[-85.3531751034036,38.6651893330051],[-85.3582963081085,38.6670211552064],[-85.3624904523385,38.6683965446649],[-85.3670389819481,38.6699462327028],[-85.3739874506708,38.6723331547964],[-85.3771315541652,38.6734274537039],[-85.3801270763116,38.674434630905],[-85.3841803647051,38.6758251307259],[-85.390203029696,38.6778537799236],[-85.3944967072595,38.6793705831441],[-85.3982051324154,38.6815557920183],[-85.4014291859701,38.6835247440414],[-85.4040916460468,38.6850685712612],[-85.405757269009,38.6873052647494],[-85.40857455103,38.6909220448775],[-85.4110587080992,38.6941390769986],[-85.4140282761205,38.6980509109169],[-85.4180894310609,38.7034126926607],[-85.4175308424475,38.7079494677324],[-85.4170930206461,38.7121373197146],[-85.4172643419471,38.7160015638649],[-85.4193011613611,38.7187807750532],[-85.4233557630915,38.7233683756558],[-85.4264014732146,38.7269090141037],[-85.4302381697082,38.7310274773399],[-85.4373899604173,38.7391271666561],[-85.4374542061298,38.7405762591562],[-85.438273216344,38.7418300766579]]},"properties":{"VOLTAGE":765,"VOLT_CLASS":"735 AND ABOVE","OWNER":"NOT AVAILABLE","STATUS":"IN SERVICE","TYPE":"AC; OVERHEAD","ID":"114236","SUB_1":"JEFFERSON","SUB_2":"HANGING ROCK","INFERRED":"Y","SOURCEDATE":1411084800000}},{"type":"Feature","geometry":{"type":"LineString","coordinates":[[-81.5711880003379,41.3610770002281],[-81.5711815369594,41.3602751739857],[-81.5712195662386,41.3587837730007],[-81.5711054792992,41.3572495217917],[-81.5683388874131,41.3553227367854],[-81.5646691122723,41.35535128189],[-81.5558749622719,41.3511478388102],[-81.5495051460345,41.3454310069638],[-81.5391993532948,41.3361873751739],[-81.5318312806046,41.3360374679417],[-81.5277812189596,41.3324324448297],[-81.5241589799687,41.3324253062112],[-81.5157451173709,41.3322753903211],[-81.5135774780987,41.3312902181507],[-81.5116665333173,41.3219517591254],[-81.5011801028487,41.3193456052336],[-81.497320184905,41.3192438558717],[-81.4867529437901,41.3189600277934],[-81.479729507962,41.3188475680079],[-81.4702960000245,41.3188743439079],[-81.4602278862376,41.3188207920969],[-81.4569265146864,41.3187779500767],[-81.4509227250963,41.3194045128285],[-81.4435142479813,41.3200417798585],[-81.4406264392273,41.3200953306662],[-81.4378170650758,41.319961452215],[-81.434308912126,41.3190082259415],[-81.4298666783673,41.3174873179789],[-81.4272284332773,41.3165661881436],[-81.4191199888929,41.3123236426817],[-81.4125719127671,41.3104847942255],[-81.409594974069,41.309636764103],[-81.4015435727051,41.3051107727348],[-81.3929871025558,41.3002809178341],[-81.3864271426172,41.2966649881638],[-81.3836106376389,41.2950935593134],[-81.375018516051,41.2902406378185],[-81.3698727496095,41.2874010441246],[-81.3653687189458,41.2830878379998],[-81.3585829629689,41.276523717139],[-81.3540908161181,41.2721517357522],[-81.3494501193603,41.2676722719386],[-81.34718027786,41.2654882551047],[-81.3450233339296,41.2633622287316],[-81.3428960999806,41.2615711332017],[-81.3401924943689,41.2593243768449],[-81.337881058176,41.2573902279467],[-81.3353319430302,41.2552282019123],[-81.3302455965516,41.2510334890939],[-81.3263179393472,41.2477588350161],[-81.3179337867307,41.2408158458092],[-81.3131920771142,41.2368525616706],[-81.307772979383,41.2323349281551],[-81.3000365040015,41.2258774321072],[-81.2951759526628,41.2217836298895],[-81.2912067016641,41.2185119800158],[-81.2894300460346,41.2170101837009],[-81.2859005024012,41.2132063741049],[-81.2796911189853,41.2064653540239],[-81.2750920160218,41.2014896067635],[-81.2708553751906,41.1968935222714],[-81.2682919992897,41.1958990018864],[-81.2652615829844,41.1946864221163],[-81.262010123627,41.1934201638131],[-81.2469840119544,41.1874480323375],[-81.2381042974232,41.1839135040877],[-81.231021440734,41.1778027559552],[-81.2285218434217,41.1756076840864],[-81.2229304272594,41.1707190481471],[-81.2183610342773,41.1666844188027],[-81.2132628039858,41.162229041288],[-81.2096358111104,41.1591503578375],[-81.2072970427766,41.1571318239284],[-81.2078888645639,41.1527375382217],[-81.208509209658,41.1509657822127],[-81.2099459841066,41.1470006328308],[-81.2108871948439,41.1445736400959],[-81.2137999596947,41.1366888703156],[-81.2151832556378,41.134449458916],[-81.2167305507141,41.1319307009047],[-81.2196967940705,41.1272527511816],[-81.2221858505513,41.1230240291308],[-81.2236497451383,41.1206615586929],[-81.2241167702714,41.1202155801566],[-81.2265283389741,41.120792527088],[-81.2265426150006,41.120028720094],[-81.2269705023333,41.11965136972]]},"properties":{"VOLTAGE":345,"VOLT_CLASS":"345","OWNER":"AMERICAN TRANSMISSION SYSTEMS, INC.","STATUS":"IN SERVICE","TYPE":"AC; OVERHEAD","ID":"114362","SUB_1":"JUNIPER","SUB_2":"HANNA","INFERRED":"N","SOURCEDATE":1443744000000}},{"type":"Feature","geometry":{"type":"LineString","coordinates":[[-83.7852969999713,34.4761910001841],[-83.7848922936645,34.4741266891065],[-83.7781386237129,34.4742193931912]]},"properties":{"VOLTAGE":115,"VOLT_CLASS":"100-161","OWNER":"GEORGIA POWER CO","STATUS":"IN SERVICE","TYPE":"AC; OVERHEAD","ID":"116778","SUB_1":"UNKNOWN111182","SUB_2":"TAP151228","INFERRED":"Y","SOURCEDATE":1401408000000}},{"type":"Feature","geometry":{"type":"LineString","coordinates":[[-85.2991961877871,34.5409154909437],[-85.2996392548515,34.5405855650844],[-85.2999571515626,34.5400642917265],[-85.3009583778456,34.5384637437177],[-85.3022240223343,34.5397045386519],[-85.3034540153842,34.5408596608211],[-85.3049068319472,34.5418801681317],[-85.3065765323624,34.5425653936437],[-85.3096574564445,34.5435516201706],[-85.3106509572162,34.544689558879],[-85.3121317024013,34.5451280886693],[-85.3134555783816,34.5453884653558],[-85.3157563183344,34.5468332456764],[-85.3155661737349,34.549135445138],[-85.3137788218652,34.5509755926879],[-85.3123242221464,34.5502003872678],[-85.3126284518888,34.5495974443147],[-85.3135489995778,34.5486240000558]]},"properties":{"VOLTAGE":115,"VOLT_CLASS":"100-161","OWNER":"GEORGIA POWER CO","STATUS":"IN SERVICE","TYPE":"AC; OVERHEAD","ID":"116780","SUB_1":"UNKNOWN110420","SUB_2":"UNKNOWN110422","INFERRED":"Y","SOURCEDATE":1400544000000}},{"type":"Feature","geometry":{"type":"LineString","coordinates":[[-83.7393650004305,34.9368870002019],[-83.7393518616712,34.9372508347879],[-83.7403679415975,34.9385465441744],[-83.7415147470588,34.939881201022],[-83.7426318416405,34.9402075553382],[-83.7433211126698,34.9403634247847],[-83.7435885034007,34.940124749252],[-83.7460306624338,34.940280618856],[-83.7479380418018,34.9407677122203],[-83.7492512224403,34.9418393067015],[-83.7502970132463,34.9428962746555],[-83.7513665716781,34.9439678420579],[-83.752245987307,34.9447228008556],[-83.7537849630854,34.9458333087548],[-83.7555140825651,34.9469340606555],[-83.7561439336316,34.9474600788276],[-83.7569758131106,34.9482783217913],[-83.7579205901595,34.949198834996],[-83.7587524687402,34.9504310409885],[-83.7585326159558,34.950727157674],[-83.7586086727177,34.9521687607748],[-83.7589319179979,34.953773975934],[-83.7595528505903,34.9555164841477],[-83.7601661726556,34.9569392891757],[-83.7609814880991,34.9586214469738],[-83.7618091293265,34.9602930232478],[-83.7625640267789,34.9613505476539],[-83.7639691787328,34.962458601844],[-83.7664678759333,34.9637202862492],[-83.767990478119,34.9634056690436],[-83.7702391571079,34.9634588923104],[-83.774567012873,34.9635868890608],[-83.7759192154292,34.9639568413543],[-83.7794138693952,34.9640196213554],[-83.7828881289094,34.9641458003398],[-83.7839721870482,34.9641234690803],[-83.7873528609744,34.9638734018453],[-83.7907924571967,34.9633358830229],[-83.7916973786914,34.9634110321565],[-83.7927713990552,34.9636346511996],[-83.7943204009305,34.9642204407675],[-83.7953502610133,34.9644635419802],[-83.7974869182896,34.9656786868103],[-83.7981871748165,34.9664790852658],[-83.7994300524026,34.9671153221772],[-83.8008060791784,34.9676707178398],[-83.8019070409159,34.9679297758038],[-83.8024395667079,34.968011671904],[-83.8037897893771,34.968135734954],[-83.8056812523949,34.9681525661313],[-83.8071034561696,34.9683588913197],[-83.8104550534267,34.968855612153]]},"properties":{"VOLTAGE":69,"VOLT_CLASS":"UNDER 100","OWNER":"TENNESSEE VALLEY AUTHORITY","STATUS":"IN SERVICE","TYPE":"AC; OVERHEAD","ID":"118904","SUB_1":"UNKNOWN116503","SUB_2":"TAP151237","INFERRED":"Y","SOURCEDATE":1408665600000}},{"type":"Feature","geometry":{"type":"LineString","coordinates":[[-92.2674757296018,35.3302590988217],[-92.2672412935672,35.3301439663352],[-92.2672888827177,35.3293254316813],[-92.267422133417,35.3192555530587],[-92.2676791153687,35.3094521728128],[-92.2676505606207,35.3013524882714],[-92.2676791153687,35.2984019562227],[-92.2689640242286,35.2851626348616],[-92.2693637727334,35.2807939452483],[-92.2697540053844,35.2808415342197],[-92.2701823077388,35.2760350227439],[-92.2705725403898,35.2649943241466],[-92.2708771105936,35.2566566926744],[-92.2709342182928,35.2557524966877],[-92.2736182496145,35.2558000871668],[-92.2859724114077,35.2521547517665],[-92.3014484263241,35.2474814908097],[-92.3164199940893,35.2441787991848],[-92.3227588777383,35.242760639699],[-92.3311060278499,35.2429414788979],[-92.3440217417986,35.2432746041497],[-92.366912157321,35.2438076030269],[-92.3688442789869,35.2438266392389],[-92.3791521037157,35.2423989622922],[-92.3834256158977,35.2417803019353],[-92.3883844132841,35.2425131763458],[-92.38860327343,35.2426600149938]]},"properties":{"VOLTAGE":161,"VOLT_CLASS":"100-161","OWNER":"ENTERGY ARKANSAS INC","STATUS":"IN SERVICE","TYPE":"AC; OVERHEAD","ID":"120252","SUB_1":"UNKNOWN108014","SUB_2":"GREENBRIER","INFERRED":"Y","SOURCEDATE":1426464000000}},{"type":"Feature","geometry":{"type":"LineString","coordinates":[[-81.5711880003379,41.3610770002281],[-81.5727557365785,41.3603064361591],[-81.5722812886662,41.358756890113],[-81.5717220002653,41.3570559999718],[-81.5701814147058,41.3542061712371],[-81.5694800002505,41.3529720001127],[-81.5701696773183,41.3504646837763],[-81.5709613769513,41.3489192820823],[-81.5713645049182,41.3477707288825],[-81.5716113619582,41.3454107701879],[-81.5718366594315,41.3428010508099],[-81.5714396040759,41.3403442627507],[-81.5706671427631,41.3346651758097],[-81.5699764281411,41.3297545351645],[-81.5702741316229,41.3282043597289],[-81.5718428182811,41.3257840859169],[-81.574856596889,41.3211503300874],[-81.5752749126724,41.3185869863205],[-81.5757883016539,41.3156593666863],[-81.575465057272,41.3111891389753],[-81.5751608266314,41.3061258419934],[-81.5747139893377,41.2990765642545],[-81.5745523671467,41.2972766267924],[-81.5737347493212,41.2943623357302],[-81.5719378896825,41.2881404632245],[-81.5704737830931,41.2836111937874],[-81.5693043993754,41.2803890778349],[-81.5738678491036,41.2774668890843],[-81.5829567219756,41.2773740046732],[-81.5953921247082,41.2772596868264],[-81.6051655156234,41.2771453687795],[-81.6098335463186,41.2771024987008],[-81.6163935062573,41.27470176311],[-81.6191886196537,41.2737371559076],[-81.6222689490512,41.2730011876871],[-81.6255679436601,41.2731083678773],[-81.6291806757804,41.2727796809529],[-81.6317190946861,41.2727010822182],[-81.6337251117672,41.272672500223],[-81.637556509099,41.2730154792895],[-81.6421484821341,41.2726224820387],[-81.6442020335685,41.2724224109438],[-81.6488795711344,41.2698500047035],[-81.6503341708532,41.2689925141075],[-81.6572934337323,41.2689567849194],[-81.6637678300385,41.2689925141075],[-81.6674851404309,41.2689925141075],[-81.671582739124,41.268971076732],[-81.6745435611477,41.2691229747331],[-81.6748912406037,41.2713720237538],[-81.6750813852032,41.2732155478916],[-81.6753380787957,41.2753734056844],[-81.6753761071766,41.2783599917568],[-81.6754236433265,41.2812607092065],[-81.675490194116,41.2840255573168],[-81.6774771956593,41.2853900770073],[-81.6775342386798,41.2877404142036],[-81.6776102972382,41.2926908471847],[-81.6836283475835,41.2944266241678],[-81.6854632347047,41.2960980689118],[-81.6904640166526,41.2976766166628],[-81.6930119433272,41.2984480196875],[-81.6953887400419,41.2994122609759],[-81.7009694608624,41.3016478178973],[-81.7041448616613,41.3024477429197],[-81.7069114544458,41.3030048271857],[-81.7103720712457,41.3034262086662],[-81.7138707164266,41.3035619066927],[-81.7174073899884,41.303569049148],[-81.720848993047,41.3037547412391],[-81.7238057286345,41.3038261608219],[-81.7268765511613,41.3041404079464],[-81.7308220336358,41.3041975436859],[-81.7341400428844,41.3041404079464],[-81.7377147457254,41.3044403701889],[-81.7412894485664,41.3050617140378],[-81.744616965584,41.3062972438426],[-81.7483247691057,41.3067257448075],[-81.753268508033,41.3098751472338],[-81.7559685491296,41.3117390070009],[-81.7574231488484,41.3125102436848],[-81.7585259826749,41.3141669450867],[-81.7609883448188,41.3151309532733],[-81.7641637456177,41.3161092286926],[-81.767576827166,41.3172231596989],[-81.7707617357339,41.3181085793222],[-81.7740797449825,41.3190868100516],[-81.7770554952095,41.3201578490567],[-81.7798981438575,41.3212431508252],[-81.7830450240445,41.322649732155],[-81.7857260513998,41.3240991216757],[-81.7888539169472,41.3258126439715],[-81.7918106516363,41.3269478281415],[-81.7950335903817,41.3278902299471],[-81.7983801202423,41.3287540862384],[-81.8018217233009,41.3293252243141],[-81.8097317037879,41.3311671109705],[-81.8127835116751,41.3320380631494],[-81.8153694667307,41.3339726757127],[-81.8153884813703,41.336621076269],[-81.8161870845562,41.3392693677955],[-81.8182501446579,41.3415963490207],[-81.8183452169577,41.3435378157743],[-81.8186114183191,41.3485696583229],[-81.8187540258704,41.3504680959851],[-81.8201705972083,41.3522737018939],[-81.8219579490779,41.3523093847754],[-81.8256182173481,41.3522951118949],[-81.8321686704161,41.3528945897384],[-81.8339560222858,41.3524449817047],[-81.8362472535714,41.3522879747792],[-81.8380821415909,41.3507963921226],[-81.8399265355828,41.34934759589],[-81.8410864142266,41.3476489672147],[-81.8421512187739,41.346000254834],[-81.8432920809813,41.3437876330971],[-81.8470854499322,41.3429097012256],[-81.8570965198002,41.346407084197],[-81.8639131751279,41.3489836077617],[-81.8665656800747,41.3501255248359],[-81.870016790004,41.3492690887394],[-81.872222457657,41.3493190481527],[-81.8738957225873,41.3490763888458],[-81.8773753540269,41.3490121563204],[-81.8817011248022,41.3487766326969],[-81.8849811056699,41.3446726910838],[-81.8880138989174,41.3409967671443],[-81.8899533661074,41.3384484800553],[-81.8953249267905,41.3384627559714],[-81.8989376589107,41.3384484800553],[-81.9094621177602,41.3418604489627],[-81.9130178059616,41.3424314728046],[-81.9201481979024,41.3435735041183],[-81.9238750160637,41.3442087509409],[-81.9256433532938,41.3465712430488],[-81.9290754485834,41.3512174639631],[-81.9380787569247,41.3566768862237],[-81.9460552882012,41.3615007780232],[-81.9504285951264,41.364155192834],[-81.9503715521059,41.3671876587867],[-81.9503810589765,41.3730452688106],[-81.9503430305956,41.378110499213],[-81.9503145090854,41.3861712489049],[-81.9502855635703,41.3881200559795],[-81.955959508856,41.3901271347276],[-81.9797241702028,41.3987623442634],[-82.0060905322755,41.4083744939771],[-82.0281574675668,41.4163938402385],[-82.0456481153063,41.4227521298299],[-82.0501875719315,41.4244240522395],[-82.0581355412736,41.4274294861798],[-82.060781044751,41.4289315788133],[-82.0645959202681,41.4321592866746],[-82.0667533142544,41.4339213478514],[-82.0678578827278,41.4363115666882],[-82.067837850297,41.4389439329027],[-82.0677149607661,41.4490349352872],[-82.0676647449417,41.4518187477541],[-82.0685002832588,41.4535809107624],[-82.064465644789,41.4565326381612],[-82.0643087773808,41.4647831418896],[-82.0660771137125,41.4743148010944],[-82.0584618551989,41.4823173201683],[-82.0584618551989,41.4876375403079],[-82.0560660438445,41.4912588861241],[-82.0559372263311,41.4929325861558],[-82.0545829217172,41.4944100403212],[-82.0544117926556,41.4994622469343],[-82.0538984036741,41.5014381619508],[-82.0544064647476,41.5018526799876]]},"properties":{"VOLTAGE":345,"VOLT_CLASS":"345","OWNER":"NOT AVAILABLE","STATUS":"IN SERVICE","TYPE":"AC; OVERHEAD","ID":"121264","SUB_1":"AVON LAKE","SUB_2":"JUNIPER","INFERRED":"Y","SOURCEDATE":1443139200000}},{"type":"Feature","geometry":{"type":"LineString","coordinates":[[-85.7274730004123,37.9947390001974],[-85.7276099997813,37.9941569998934],[-85.7279909169028,37.9936700109216],[-85.7277179494307,37.9920821380185],[-85.7283778859744,37.9870077851891],[-85.7293329999373,37.9817710000012],[-85.7300209998504,37.9779940002134],[-85.7294968948659,37.9775836059224]]},"properties":{"VOLTAGE":69,"VOLT_CLASS":"UNDER 100","OWNER":"NOT AVAILABLE","STATUS":"IN SERVICE","TYPE":"AC; OVERHEAD","ID":"122569","SUB_1":"UNKNOWN129154","SUB_2":"TAP138391","INFERRED":"Y","SOURCEDATE":1437004800000}},{"type":"Feature","geometry":{"type":"LineString","coordinates":[[-91.4299456965805,41.8386854762268],[-91.4298525565569,41.8387631380452],[-91.4296530416306,41.838701230795],[-91.4277043541326,41.838555444673],[-91.4268492765597,41.8384914738622],[-91.4246808674314,41.8383091717928],[-91.4223968100917,41.8383391558403],[-91.41993102357,41.8383598363319],[-91.417621940963,41.8383792251233],[-91.4149959497919,41.8384012642221],[-91.4129662064074,41.838418263704],[-91.4106903246351,41.8384374717746],[-91.4084937766788,41.8384558198269],[-91.40595692174,41.8384771601812],[-91.4034069639745,41.838498576156],[-91.4009135102404,41.8385194567077],[-91.3991179576505,41.8385255477318],[-91.3977246508819,41.8385232461131],[-91.3962241247942,41.838561755214],[-91.3928407101081,41.836984267909],[-91.3906844839317,41.8359875603301],[-91.3892478981293,41.8353261576666],[-91.3856667642492,41.8336710826715],[-91.3803201713411,41.8312026486837],[-91.3778889708562,41.8311951520046],[-91.3737123437742,41.8311410687936],[-91.3685145118772,41.8310959547931],[-91.3659711818819,41.831057206259],[-91.3636503897353,41.8310429551728],[-91.36111775598,41.8311162888953],[-91.3593116311175,41.8311562629677],[-91.353240638561,41.8312176962563],[-91.3485947405578,41.8312950291172],[-91.346381842365,41.8313307212784],[-91.3416467147046,41.8312771830292],[-91.3392434590115,41.831265284742],[-91.3339253642575,41.8311939016655],[-91.3311116512431,41.8311760562187],[-91.3270606194177,41.8311344148152],[-91.3246514150807,41.8311106208629],[-91.3197794677144,41.8310689800862],[-91.3172512913995,41.831057083099],[-91.3125934961087,41.8310332877791],[-91.3102199836346,41.8310213907852],[-91.3052814118168,41.8309309711499],[-91.3028900543097,41.830873864263],[-91.3000275618771,41.8308595870313],[-91.2976005116087,41.8308524490836],[-91.2954375822036,41.8308238952768],[-91.2932389600373,41.8308096187033],[-91.2912830428979,41.8308096187033],[-91.2894984470595,41.8307953421266],[-91.2867097188881,41.8307846338554],[-91.2814332637425,41.8307584602303],[-91.2770598148835,41.8307287169445],[-91.2747100969847,41.8306989743141],[-91.2697477305917,41.8306751788611],[-91.2671898110578,41.8306632818007],[-91.2615861796043,41.8306454362059],[-91.2589533064397,41.8306513847381],[-91.2542491122661,41.8306870759194],[-91.2519933832989,41.8307013531896],[-91.2467954498923,41.8307667882944],[-91.2423220643562,41.8308322240017],[-91.2396511187933,41.8308798127739],[-91.2349397857081,41.8308857612843],[-91.2325008381521,41.8308857612843],[-91.2267127996388,41.8308679150821],[-91.223815805611,41.8308500702137],[-91.221608856062,41.8308262748169],[-91.2207225063375,41.8271619050659],[-91.2204036592089,41.8259329132778],[-91.2186333402953,41.8252666639595],[-91.216401405005,41.8244433707093],[-91.215173602946,41.8233345421633],[-91.2127560712264,41.8233012287109],[-91.2105574490601,41.8232536403298],[-91.2080114259156,41.8232250871503],[-91.2033809951049,41.8231477539128],[-91.1983008452051,41.8230823190534],[-91.1960879470123,41.8230644726842],[-91.1914301517214,41.8229871412609],[-91.1888841276785,41.8229811920166],[-91.181588700847,41.8229811920166],[-91.1788689767642,41.8229811920166],[-91.174186198427,41.8229954689971],[-91.1716711078709,41.8229942787468],[-91.1692738008216,41.8229228951502],[-91.1672155673679,41.8228753058185],[-91.1652703572483,41.8228098706806],[-91.1634262749718,41.8228336650405],[-91.161855831209,41.8228396142986],[-91.1593633449604,41.8228931522404],[-91.1569422442342,41.8229883301725],[-91.1545032957799,41.8229407408894],[-91.1521000409852,41.8228515108046],[-91.149667042073,41.8228515108046],[-91.1475195780638,41.8228693572332],[-91.1448486333992,41.822857460061],[-91.1393180520463,41.8228576977099],[-91.1352824856168,41.8228957690547],[-91.1321273211663,41.8229528756948],[-91.1275409096011,41.8229945170646],[-91.1226630153875,41.8231134897714],[-91.1198671483046,41.8231908230502],[-91.1178089139525,41.8232741041145],[-91.1154532483083,41.8233216931499],[-91.1130440439714,41.8233871277647],[-91.1104325848466,41.8233276416931],[-91.1055130501263,41.8232384121475],[-91.1031216908225,41.8232027201605],[-91.0991004022161,41.823125386896],[-91.0950791127113,41.823048054877],[-91.0910102349544,41.8230123627839],[-91.0868461779982,41.8229945170646],[-91.0849961470779,41.8235762951265],[-91.0837350327933,41.8239897273031],[-91.080976643424,41.8231551310368],[-91.0788244201404,41.8231372846879],[-91.0761867877015,41.8231158689287],[-91.0740167193848,41.823101593314],[-91.0693874779436,41.8231051620506],[-91.0644762697076,41.8231051620506],[-91.0597792144456,41.8231004030656],[-91.0550916759357,41.8230861261086],[-91.0495903616947,41.8229957073149],[-91.045088422309,41.8228957690547],[-91.0427042019167,41.8228576977099],[-91.0377787176544,41.8227530022318],[-91.0351660700584,41.8226863767129],[-91.0326961890157,41.8227101711188],[-91.0279134722048,41.8227339661851],[-91.0230022648672,41.822772036934],[-91.0179768430294,41.822800590985],[-91.0156306950356,41.8228386616943],[-91.0132464746434,41.8228862510533],[-91.0108289420255,41.8229671526815],[-91.0081068392038,41.8230575728543],[-91.0032241848175,41.8231813050927],[-90.9975372732489,41.8233478671377],[-90.9952732160007,41.8233502462863],[-90.9926534303915,41.8233323999918],[-90.9898765986094,41.8233288312678],[-90.9872580023697,41.8233074162421],[-90.9852592535575,41.8232788630866],[-90.9824848032092,41.8232598271962],[-90.9796722795643,41.8232312726806],[-90.9776925678495,41.8232312726806],[-90.9750466080279,41.8232074791379],[-90.9703352749428,41.8231313361269],[-90.9683032148032,41.8230837469501],[-90.9661759772609,41.8230456750476],[-90.9634110436648,41.8229838088273],[-90.9608400356772,41.8229183738004],[-90.9582583206698,41.8229124258885],[-90.9554089157925,41.8229243230505],[-90.9525595118136,41.8229064773067],[-90.9508046591943,41.8229183738004],[-90.9486452978975,41.8228767337199],[-90.9462241971713,41.8228469901192],[-90.9443920121824,41.8228053499923],[-90.9412332769286,41.822751811977],[-90.9384849998945,41.8227577612426],[-90.9368788642687,41.8227280169173],[-90.9351418566826,41.8228469901192],[-90.9335119255833,41.8228172471742],[-90.931923635889,41.8228112979141],[-90.9292764857996,41.8227934528081],[-90.9261474937649,41.8227994007311],[-90.9221559492759,41.8227696577639],[-90.9195444901511,41.8227756070279],[-90.9168081104045,41.8210344359741],[-90.9149461821966,41.8210106409456],[-90.9131080476656,41.820963052201],[-90.9105249447611,41.8208916676789],[-90.907993197643,41.8208583563029],[-90.9039481153597,41.8207489010738],[-90.9016543139941,41.8207013107958],[-90.8993176836507,41.8206156511518],[-90.8954962692966,41.8206584809882],[-90.8934166200066,41.8206679993207],[-90.8908420430124,41.8211581681052],[-90.886406728078,41.8221242292962],[-90.8843651511863,41.8225477733202],[-90.8828042241756,41.8225477733202],[-90.8763225721769,41.8225668087529],[-90.8698980278773,41.8224716301942],[-90.8676934570672,41.8224359391187],[-90.8647726693626,41.8224240411965],[-90.859621135737,41.8223764521634],[-90.854808675707,41.822340759696],[-90.8524292145892,41.8223229137896],[-90.8499843192878,41.8222931712705],[-90.8472003485941,41.8222693760404],[-90.8451480637842,41.8222872219617],[-90.8427983458854,41.8222634280682],[-90.8380394236497,41.8222812739913],[-90.8339170080985,41.8222872219617],[-90.8271950307101,41.8222277362072],[-90.8220553952705,41.8222336841827],[-90.8199317258366,41.8222574787567],[-90.8150062415742,41.8211331841767],[-90.8125791922042,41.8205799590419],[-90.8102711139138,41.8200921691178],[-90.8078500131876,41.8195508421506],[-90.8050838893237,41.8195329961361],[-90.7994981046999,41.8195210990135],[-90.7941205226095,41.8194973040921],[-90.7916934732395,41.8194794580627],[-90.78692860236,41.8195032529906],[-90.7846383708993,41.8194913558625],[-90.7794570940547,41.8194854069628],[-90.7771371202733,41.81946756093],[-90.7720569712718,41.8194616120282],[-90.7688506468676,41.818801311953],[-90.767071999673,41.8184265469118],[-90.7600050009436,41.8184324952403],[-90.7528071311519,41.8184324952403],[-90.7504752591846,41.8184384442378],[-90.750372941972,41.8219041286913],[-90.750372941972,41.823165242783],[-90.7507488967999,41.8247642408786],[-90.7508642341942,41.8256405428422]]},"properties":{"VOLTAGE":115,"VOLT_CLASS":"100-161","OWNER":"MIDAMERICAN ENERGY CO","STATUS":"IN SERVICE","TYPE":"AC; OVERHEAD","ID":"123654","SUB_1":"EAST CALAMUS","SUB_2":"SUTLIFF","INFERRED":"N","SOURCEDATE":1476057600000}},{"type":"Feature","geometry":{"type":"LineString","coordinates":[[-91.9018985471156,42.5859093262209],[-91.900572216938,42.5865488036776],[-91.9023625341464,42.5901754388176],[-91.9041225125527,42.5923503882645],[-91.9057912239228,42.5944123762268],[-91.9082632079217,42.597466875704],[-91.9101843449883,42.5998406717564],[-91.9121930677951,42.6023224886913],[-91.914099113165,42.6046774553136],[-91.9156765548039,42.6066262380437],[-91.9168450833255,42.609285038243],[-91.9177503156372,42.6113447469045],[-91.9190628440989,42.6143310507674],[-91.9203013513811,42.6171486406906],[-91.9216337326105,42.6201798822533],[-91.9230195635993,42.6233324667748],[-91.9243544008227,42.6261244889282],[-91.9257050178524,42.6290539049174],[-91.9268923076887,42.6321666970296],[-91.9281891578536,42.6350984153263],[-91.9296531431705,42.6374311930649],[-91.9308516296085,42.6393163491722],[-91.9326510458524,42.6421832267538],[-91.9345411757704,42.6451793513292],[-91.9362511189137,42.647903637132],[-91.9380751480981,42.6506208760859],[-91.9399197639739,42.653798016198],[-91.9414569610881,42.6562466970196],[-91.9433777729645,42.6592508888438],[-91.9452031541135,42.6621942639592],[-91.946895432785,42.6648508721249],[-91.9488457686916,42.6677764821199],[-91.9507033050361,42.6707347817524],[-91.9525766517296,42.6737179741755],[-91.9544439797107,42.6766915772385],[-91.9562830107604,42.6796199332583],[-91.9581863611844,42.6826505753216],[-91.9597846437379,42.6851953882978],[-91.9607591361581,42.6875094491118],[-91.961977700841,42.6904028936785],[-91.9631931214204,42.693288875937],[-91.9645080753333,42.6964107543263],[-91.9658341683557,42.699559146127],[-91.9668995702827,42.7020884787484],[-91.9682025766023,42.7051817932268],[-91.9694930074063,42.7082450511762],[-91.9707225306373,42.7111634702779],[-91.9720475456814,42.7143085411835],[-91.9732009834045,42.7170461637597],[-91.9745094694474,42.7201516683041],[-91.9758508329313,42.7233351526752],[-91.9771068573616,42.7263159498034],[-91.9784133671108,42.7294163712788],[-91.9795686005662,42.7321576842389],[-91.9820103113399,42.7348952457432],[-91.984495770068,42.7376817750321],[-91.9869075669428,42.7403856437555],[-91.9892474087634,42.7430088418926],[-91.9915726978763,42.7456154372102],[-91.9938474118388,42.7481652557568],[-91.9962041419867,42.750806991222],[-91.9986904091985,42.7535937941827],[-92.0011139740035,42.756310094711],[-92.0035552356197,42.7590461947997],[-92.0059878734091,42.7617723471109],[-92.0084798000072,42.7645651873273],[-92.0106304566289,42.7669751437],[-92.0130469247432,42.7696829443201],[-92.0153965582004,42.7723157829453],[-92.0177712546539,42.7749765342759],[-92.0192795260159,42.7766664541548],[-92.021450125237,42.7790984899152],[-92.0233746759017,42.7813274919057],[-92.0254173550262,42.7836933492572],[-92.0274669511785,42.7860671592852],[-92.0293194569574,42.7882125817146],[-92.031229544746,42.7904245772421],[-92.0335762137627,42.7931421626913],[-92.0359229726109,42.7958595642161],[-92.0380218862723,42.7982898573186],[-92.0404037692481,42.8010478310401],[-92.0422634624476,42.8032011711656],[-92.0443535717209,42.8056210922877],[-92.0466796693176,42.8083140881911],[-92.0490615522934,42.8110716803051],[-92.0512360142702,42.8135888879616],[-92.0536325397851,42.8163631798272],[-92.0556539288375,42.8187029890375],[-92.0566671386464,42.8216039552422],[-92.0578281213196,42.8249278356954],[-92.0587673099492,42.8276166322552],[-92.0599070034484,42.8308792518884],[-92.0608919154276,42.8336987502143],[-92.0618088276348,42.8367570572141],[-92.0631873705917,42.8393155678423],[-92.0645183773987,42.8417345527194],[-92.0660362975652,42.8443229377259],[-92.0675915508166,42.8472087382738],[-92.0691097629356,42.8502088551059],[-92.0706055477151,42.8529840067899],[-92.072416132713,42.8561595588069],[-92.0738349471441,42.8590347097101],[-92.075269915979,42.8616968018595],[-92.0771457626839,42.8649329540441],[-92.0786876310376,42.8677929700295],[-92.0803715230377,42.870916134153],[-92.0819544443998,42.8738517788209],[-92.0836500136003,42.8769964919266],[-92.0852066152229,42.8798830703003],[-92.086822504756,42.8828794380264],[-92.0882421123995,42.8855118698001],[-92.0898129074036,42.8884245737151],[-92.0914574522959,42.8914735738041],[-92.0929658125912,42.8942701679652],[-92.0951857302196,42.8971137542373],[-92.0974345727019,42.8999942578673],[-92.0996536809482,42.9028366589479],[-92.1018792570646,42.9056871539103],[-92.1041010602568,42.9085328461893],[-92.1063599638703,42.9114256446971],[-92.1085654177243,42.9142500849704],[-92.110799887162,42.9171113682096],[-92.1127634247101,42.9196256372529],[-92.1150479303091,42.9225509380118],[-92.1172156549212,42.9253264548322],[-92.119456412566,42.9282013647799],[-92.1215217292357,42.93085087011],[-92.1237575461463,42.9337190768163],[-92.1259748577621,42.9365634740435],[-92.1281185973561,42.9393133687192],[-92.1301430406804,42.9419100511809],[-92.1324494651724,42.9448682910108],[-92.134614045681,42.9476443802955],[-92.1367614683677,42.9503984490957],[-92.1381987728223,42.9522417692062],[-92.1402106397326,42.9548217313128],[-92.1419760987605,42.9570857502025],[-92.1441535251777,42.9598778553247],[-92.1464163813783,42.9627794861659],[-92.1486056655573,42.9655865828754],[-92.150784708942,42.96838033994],[-92.1530479235705,42.9712818320287],[-92.1551858250134,42.9740226842639],[-92.157113070624,42.9761029537645],[-92.1598284980648,42.9790340509907],[-92.1617077736392,42.9810623658319],[-92.1639652399482,42.9834988451959],[-92.1660055825547,42.9857008906789],[-92.1684582536733,42.9883478562924],[-92.1704985073466,42.9905496636846],[-92.1729279112009,42.9931712538228],[-92.1753980087377,42.9958366888208],[-92.177936378236,42.9985756568023],[-92.1802613080228,43.0010842348407],[-92.1826531622983,43.0036648432837],[-92.1850449267423,43.0062454727434],[-92.1875144852899,43.0089096837274],[-92.1900598616474,43.0116556891916],[-92.1925520577401,43.0143440327013],[-92.1948585720637,43.0168321313224],[-92.1969877589501,43.0191288739628],[-92.1991066152107,43.021361037118],[-92.2015548836861,43.0239402683248],[-92.2040943311628,43.0266153340315],[-92.2064784599268,43.0291266407126],[-92.2085373087265,43.0312954681817],[-92.2104566491625,43.0333169358017],[-92.212331522992,43.0352917839555],[-92.2146197116837,43.0377017532679],[-92.2168442098218,43.0400445927545],[-92.2195201113901,43.0428626719975],[-92.2217642826329,43.0452258642627],[-92.224728633239,43.048347583799],[-92.2270372136876,43.0507785723024],[-92.2288451630285,43.0526821617805],[-92.2303295392039,43.0545426321731],[-92.2321061373413,43.0567692409878],[-92.2339583736257,43.0590906778191],[-92.2356260061191,43.0611806702945],[-92.2379282983608,43.0640658363135],[-92.2400594624391,43.0667363322151],[-92.242002966658,43.0691716442246],[-92.2442322258671,43.0719650882849],[-92.2463459617306,43.0746134539643],[-92.2483520794231,43.0771268642772],[-92.2497988161882,43.0789394819942],[-92.2520671521121,43.0804748338785],[-92.255060427572,43.0825008489622],[-92.2584238107256,43.0847772891739],[-92.2616509185523,43.0869612709254],[-92.2650254399171,43.0892450890924],[-92.2682663817991,43.091438293119],[-92.2716266199509,43.0937121702063],[-92.2747983017245,43.0958584443186],[-92.2782676851833,43.0982059500379],[-92.2810825561261,43.1001106898429],[-92.2841172448189,43.1021639322507],[-92.2871155517427,43.1041925742621],[-92.2906243712425,43.106566585206],[-92.2932553570466,43.1083465891648],[-92.2966103849698,43.1106162308181],[-92.2994849040474,43.1125609819787],[-92.302030460068,43.1154444502423],[-92.3039419851611,43.1176097661706],[-92.3065119753575,43.1205206662676],[-92.3088521774024,43.1231713912993],[-92.3112867007556,43.1259287388049],[-92.3134456218779,43.1283738928756],[-92.3160148035905,43.1312834947996],[-92.3179698071433,43.1334974818757],[-92.3197588020316,43.1355288880772],[-92.321751624658,43.1377917537004],[-92.3243411981275,43.140732240161],[-92.326371121175,43.1430369927758],[-92.3289838711789,43.1457883658425],[-92.3313240723255,43.148445270794],[-92.3337307488032,43.1512419477945],[-92.338011685561,43.1561796620205],[-92.339754430687,43.1580426933152],[-92.341905985624,43.160359112988],[-92.3442540766737,43.1628363398224],[-92.3465975117554,43.1653592330213],[-92.3492777045759,43.1682391628018],[-92.3516259806786,43.1707215026789],[-92.3540027782917,43.1732314746768],[-92.3636240529882,43.1835476247358],[-92.3659893395892,43.1859685451888],[-92.3687022526455,43.188888178324],[-92.3708080833346,43.1911542417658],[-92.3724928736499,43.1937919499396],[-92.374436019441,43.1968340627142],[-92.3776174030197,43.2018142700442],[-92.379477454647,43.2047257447002],[-92.3814184435831,43.207763973747],[-92.3831696202963,43.2105047401998],[-92.3850233837166,43.2134060450647],[-92.3866667616973,43.2159779788304],[-92.3886282331202,43.2190476592614],[-92.3904902610411,43.2219613886752],[-92.3922329028608,43.2246883587623],[-92.394216653401,43.2277922922355],[-92.3959936997978,43.2305728668286],[-92.397600785841,43.2330870712223],[-92.3997344643039,43.2364252641651],[-92.40144045486,43.2390941942484],[-92.4033598851276,43.2420967467874],[-92.4049782001119,43.2446284707707],[-92.4065589664157,43.2471010682909],[-92.4085101063145,43.2501529540885],[-92.4103726732246,43.2530660471578],[-92.4119267586661,43.2554967568042],[-92.4137055127602,43.2582785552303],[-92.4156933048209,43.2613872529406],[-92.4174784369535,43.2641787901678],[-92.4193913104178,43.2671698378458],[-92.4212622307617,43.2700954603253],[-92.4242696106699,43.2726583312171],[-92.4271095446091,43.2750785783177],[-92.4300024791501,43.2775437911805],[-92.4329640449788,43.2800675671901],[-92.4354888499163,43.2822188732098],[-92.4388012078634,43.2850412360965],[-92.4413463147264,43.2872097608247],[-92.4443367155774,43.2897575903249],[-92.447243125746,43.2922337822915],[-92.4502298444026,43.2947781322141],[-92.4530826242504,43.2972083531765],[-92.4560555088516,43.2997408571713],[-92.4589566180617,43.3022546899808],[-92.4615127742027,43.3044692767051],[-92.4639342728825,43.3065672937468],[-92.4666178999623,43.3088922597032],[-92.4687740363073,43.311721554736],[-92.4706366032174,43.3141655440606],[-92.4728512198873,43.317071259929],[-92.4750080748845,43.3199011551909],[-92.4772125405917,43.3227933302515],[-92.4794258996202,43.3256971311628],[-92.4815449364423,43.3284768301403],[-92.4837149059443,43.3313234447777],[-92.4859016748404,43.334191880299],[-92.4878700632909,43.3367736772382],[-92.4900480286973,43.3396303558381],[-92.4919881202164,43.3421748779052],[-92.4943804236495,43.3453123462442],[-92.4961457030144,43.3476273367281],[-92.4983041749791,43.3504578341636],[-92.5004513281712,43.3532735667014],[-92.5026850789567,43.3562024927936],[-92.5047560550127,43.3589178351672],[-92.5070892493001,43.361977044181],[-92.5088455464104,43.3642796442927],[-92.5109443693419,43.3667440492889],[-92.5128551757828,43.3689947480921],[-92.5148722529217,43.3713704792442],[-92.5173647194074,43.3743060422277],[-92.5195712503414,43.3769046753261],[-92.5218691408382,43.3796108631227],[-92.5243148041992,43.3824884417632],[-92.5265877224294,43.3852074380468],[-92.5288653101024,43.3879320572239],[-92.5311945518027,43.3907290779738],[-92.5335146306869,43.3935594570282],[-92.5358510589094,43.3962944702212],[-92.5381840744321,43.3991479561011],[-92.5400418793729,43.4014202313159],[-92.5423311460429,43.4042201551676],[-92.5446926372618,43.4071206471079],[-92.5468117630171,43.4097231602168],[-92.5492950657885,43.4127239482812],[-92.5511853008093,43.4150595318451],[-92.5534525587549,43.4178605857166],[-92.5557363457017,43.4206637949701],[-92.5580349548507,43.42348494573],[-92.5603578194107,43.4263358466894],[-92.5626817601524,43.4291878522539],[-92.5648445440305,43.4318419312383],[-92.5671244682216,43.4346397311879],[-92.5693720530624,43.4373797380516],[-92.5711593411517,43.4395585441735],[-92.5732590632968,43.4413821901731],[-92.5752126304435,43.4430460491727],[-92.5775534604109,43.4450395549756],[-92.580168006147,43.4476606558742],[-92.5827203004305,43.4502193627246],[-92.5852438468284,43.4527488772346],[-92.5879366726567,43.4553104186894],[-92.6006192630093,43.4679179140453],[-92.6091567194173,43.4765629137279],[-92.6108676605889,43.4784286536909],[-92.6109051212345,43.4809353482987],[-92.6111785396609,43.4810084492832],[-92.6121344396497,43.4815487748564]]},"properties":{"VOLTAGE":345,"VOLT_CLASS":"345","OWNER":"MIDAMERICAN ENERGY CO","STATUS":"IN SERVICE","TYPE":"AC; OVERHEAD","ID":"124724","SUB_1":"PIONEER PRAIRIE PHASE I","SUB_2":"HAZLETON","INFERRED":"N","SOURCEDATE":1438300800000}},{"type":"Feature","geometry":{"type":"LineString","coordinates":[[-83.5397158083472,34.505287764982],[-83.5389075150344,34.5050240219525],[-83.5396086707749,34.5039565439134],[-83.5402741741784,34.502864569015],[-83.5426212609117,34.50105273907],[-83.5431560405767,34.5004455216939],[-83.5439641524299,34.5000243852169],[-83.5448376248049,34.4993094281519],[-83.5458061703779,34.498285950146],[-83.548539485971,34.4961997788781],[-83.5499893327036,34.495264413085],[-83.5514332370806,34.4956806768424],[-83.5520096096416,34.4965523747977],[-83.5558837901371,34.4951762626982],[-83.5570543632242,34.4947746890973],[-83.5603581108194,34.4959598171088],[-83.5606789782591,34.4964838148642],[-83.5624734600572,34.4990254017921],[-83.5629963559093,34.4994563371414],[-83.5653381659387,34.5027280657797]]},"properties":{"VOLTAGE":115,"VOLT_CLASS":"100-161","OWNER":"GEORGIA POWER CO","STATUS":"IN SERVICE","TYPE":"AC; OVERHEAD","ID":"128010","SUB_1":"UNKNOWN110332","SUB_2":"TAP153139","INFERRED":"Y","SOURCEDATE":1408665600000}},{"type":"Feature","geometry":{"type":"LineString","coordinates":[[-94.7566603793464,35.2531988876458],[-94.7566658321201,35.2331291259884],[-94.7566301402573,35.2051371466704],[-94.756668210859,35.1873768499789],[-94.7566983511335,35.176258738973],[-94.7446297251415,35.164751665837],[-94.742026595196,35.1623579283538],[-94.7051654860519,35.1274219700181],[-94.6897330861392,35.1126002049164],[-94.656171849258,35.1125603492386]]},"properties":{"VOLTAGE":161,"VOLT_CLASS":"100-161","OWNER":"NOT AVAILABLE","STATUS":"IN SERVICE","TYPE":"AC; OVERHEAD","ID":"128031","SUB_1":"TAP149548","SUB_2":"TAP149655","INFERRED":"Y","SOURCEDATE":1412640000000}},{"type":"Feature","geometry":{"type":"LineString","coordinates":[[-81.2269705023333,41.11965136972],[-81.2256360406057,41.1197574620464],[-81.2222096172788,41.119714630871],[-81.2126156298073,41.119407681079],[-81.2105597759908,41.1193577121204],[-81.2096817554456,41.1202571482293],[-81.2093899997093,41.123466000139],[-81.2090464390289,41.129744059925],[-81.2094747422816,41.1363399251677],[-81.2081898334217,41.1423361668272],[-81.2047348553468,41.1464050451726],[-81.2062053624326,41.1568841920443],[-81.2105026691899,41.1605604591447],[-81.2095032952329,41.1720960862008],[-81.2092534521928,41.1753083578734],[-81.2053259998043,41.1806699998483],[-81.2019723013879,41.1853806171206],[-81.2018937787505,41.1910056626917],[-81.1964614685981,41.1973302699727],[-81.1983959707995,41.2060890660404],[-81.1982222698612,41.2203658321522],[-81.1981627843214,41.2262906898191],[-81.1977463783563,41.231596888175],[-81.1964257767353,41.2382355839976],[-81.1957357340531,41.2460283191861],[-81.1953431226632,41.2504422188757],[-81.2005779373022,41.2561410278094],[-81.2102742401895,41.256236206794],[-81.2234683519262,41.2581635699626],[-81.2305472479433,41.2592343271646],[-81.2430870079624,41.2595079650611],[-81.2502015958424,41.2596983218578],[-81.2566737301907,41.2605787231822],[-81.2632172482648,41.260650106973],[-81.2694633332499,41.2643501688985],[-81.282288628172,41.2643025792584],[-81.2933293272557,41.2642192983177],[-81.3071064060859,41.2696087772375],[-81.3227394653786,41.271000761879],[-81.3329949416826,41.2712268111147],[-81.3540650686054,41.2714171681852],[-81.3589786555802,41.2762593713035],[-81.3633568637136,41.2804948120376],[-81.3702929931775,41.2870859191637],[-81.372779529884,41.2885135952109],[-81.3837012560915,41.2946407068001],[-81.4049855350898,41.2945812206872],[-81.4079360660135,41.2945574260919],[-81.4112792092255,41.2946169129014],[-81.4173111430334,41.2947715778123],[-81.4215584801047,41.2910358241017],[-81.4254845913084,41.2901197311372],[-81.42838753398,41.2885016978202],[-81.4380775567452,41.2887933162401],[-81.4409543261027,41.2885648877492],[-81.4551454312608,41.2889075301856],[-81.4714138060719,41.2890146059577],[-81.4714637748596,41.2938330140263],[-81.4732483697996,41.2940257511269],[-81.4794302099706,41.2939686442721],[-81.482521129607,41.2954891189065],[-81.4885887552778,41.2954748416741],[-81.4978115462974,41.2977876788195],[-81.5038720330567,41.3052187349392],[-81.507298457282,41.3086094671038],[-81.5174206837849,41.3087807881983],[-81.5212254433735,41.3087665118512],[-81.5237667072437,41.3066892420334],[-81.5381719635791,41.3067035188353],[-81.5412842990518,41.3063251848906],[-81.54653101008,41.3046762181113],[-81.5553968815727,41.3046690798262],[-81.5663328847049,41.3185175428531],[-81.5678176687156,41.3209017631066],[-81.5687456580485,41.3232074607879],[-81.5693827890621,41.3257530088729],[-81.5697428661673,41.3281771829141],[-81.5695687726652,41.32969639716],[-81.5705969762546,41.3373402011856],[-81.5710105381535,41.3403525018852],[-81.5713385364199,41.3428971460757],[-81.5710628281879,41.3454488266781],[-81.5707894959997,41.3479147629426],[-81.5698185474333,41.3503871362247],[-81.5691270000731,41.3530209998199],[-81.5698519997962,41.3543620002382],[-81.5713730002858,41.3571229998998],[-81.5717990002582,41.3588109997516],[-81.571608836794,41.3600101933236],[-81.5706154123792,41.360045884775],[-81.5706216152462,41.3587747358476],[-81.5708952528615,41.35733516195],[-81.5683254351417,41.3555089260554],[-81.5645869999671,41.3555319998319],[-81.5586945673362,41.3526714189919],[-81.5556667031447,41.3512913313211],[-81.5493075930288,41.3455627788583],[-81.5469043373357,41.3434331610107],[-81.5410449150966,41.3381983468299],[-81.5390283212512,41.3363423677601],[-81.5332938196339,41.3362531379682],[-81.5316817362626,41.3362233946771],[-81.527624754895,41.3326363568457],[-81.5216998966757,41.332564972873],[-81.5156084764296,41.3324460003106],[-81.5133658341194,41.3314049856746],[-81.5139190588922,41.3332728631198],[-81.5143235675697,41.3352835079115],[-81.5148827409863,41.3383351662944],[-81.5159772932442,41.3439328481055],[-81.5168695907143,41.3484240807282],[-81.5171194337543,41.3496911442306],[-81.514240285658,41.3496435547972],[-81.5104093536536,41.3495543250216],[-81.5077562549204,41.3505061090584],[-81.5001955178563,41.3503871362247],[-81.4925514988805,41.3502443686722],[-81.4850502491528,41.3500659092969],[-81.4767161856983,41.3499707309433],[-81.4766150587535,41.3545809359358],[-81.4765853164327,41.3567521937269],[-81.4756870694206,41.364907797166],[-81.471606294376,41.3654967142363],[-81.4670734206052,41.3654074839434],[-81.4667817142762,41.3642142237419]]},"properties":{"VOLTAGE":345,"VOLT_CLASS":"345","OWNER":"NOT AVAILABLE","STATUS":"IN SERVICE","TYPE":"AC; OVERHEAD","ID":"124280","SUB_1":"UNKNOWN137113","SUB_2":"HANNA","INFERRED":"Y","SOURCEDATE":1476403200000}},{"type":"Feature","geometry":{"type":"LineString","coordinates":[[-83.7623679685698,38.1434632567141],[-83.7622849651359,38.1433342513048],[-83.7615253497316,38.1420579538149],[-83.7600461837848,38.1395729791385],[-83.7568968700617,38.1392674737374],[-83.7537110847381,38.1389349772751],[-83.7476632300884,38.1383830898591],[-83.7328688397416,38.1290764478367],[-83.7328065442716,38.1290528617907]]},"properties":{"VOLTAGE":69,"VOLT_CLASS":"UNDER 100","OWNER":"NOT AVAILABLE","STATUS":"IN SERVICE","TYPE":"AC; OVERHEAD","ID":"126066","SUB_1":"UNKNOWN121760","SUB_2":"TAP137349","INFERRED":"Y","SOURCEDATE":1411084800000}},{"type":"Feature","geometry":{"type":"LineString","coordinates":[[-82.9685480618286,36.9705178832046],[-82.9687164815713,36.9673029997929],[-82.9712324821207,36.9651639999268],[-82.9746222056751,36.9616038473299],[-82.982014481674,36.9538650001641],[-82.99357848175,36.9494980003288],[-82.9969114820841,36.9491809996714],[-83.0068644821571,36.9479230002361],[-83.007855482019,36.9474080003293],[-83.0111434632826,36.9425789302233],[-83.0365124483532,36.9333834901417],[-83.0564247627575,36.9262872929154],[-83.0663534822667,36.9226720001612],[-83.078025673639,36.91598509428],[-83.0887246949111,36.9104480561022],[-83.0950788310553,36.9069118562304],[-83.1013980946001,36.9031321718604],[-83.1054145565585,36.9005604847339],[-83.1084426354475,36.8986844700229],[-83.1110814824087,36.8967390003244],[-83.1169944819679,36.8917540003086],[-83.1232824122757,36.889119768356],[-83.1328114820948,36.8849620000358],[-83.149452481679,36.884924000162],[-83.1548194816153,36.8838830001793],[-83.1652830409767,36.8829128028942],[-83.1693882313324,36.8826608126498],[-83.1783594823944,36.8828579998902],[-83.18664148219,36.8837180003575],[-83.1946207668029,36.8824281702688],[-83.2089332253728,36.8798714393195],[-83.2283904658305,36.8755631262321],[-83.2353639256844,36.8740495938629],[-83.2421525221343,36.8725424093202],[-83.2500050508673,36.8707863520696],[-83.2589244817138,36.8687569998792],[-83.2727218157571,36.8598839659577],[-83.2729692800583,36.8597697520356],[-83.2728668236069,36.8583989819032],[-83.2750488413134,36.8543310909555],[-83.292285458067,36.8537281581241],[-83.3064082256865,36.8463647567457],[-83.3104116198525,36.8432616516861],[-83.3160309996713,36.8422329999378],[-83.320656999991,36.843239999771],[-83.3248520003155,36.843907000025],[-83.3261054250213,36.8428888148874],[-83.3264383936662,36.8431367580527]]},"properties":{"VOLTAGE":161,"VOLT_CLASS":"100-161","OWNER":"KENTUCKY UTILITIES CO","STATUS":"IN SERVICE","TYPE":"AC; OVERHEAD","ID":"128143","SUB_1":"HARLAN Y","SUB_2":"ARNOLD","INFERRED":"Y","SOURCEDATE":1427155200000}},{"type":"Feature","geometry":{"type":"LineString","coordinates":[[-82.4706050537803,40.0363832302351],[-82.471754999752,40.0363510000459],[-82.485495388691,40.0369067759238],[-82.490187685577,40.0368115977898],[-82.4949339999577,40.0363950002581]]},"properties":{"VOLTAGE":138,"VOLT_CLASS":"100-161","OWNER":"OHIO POWER CO","STATUS":"IN SERVICE","TYPE":"AC; OVERHEAD","ID":"126818","SUB_1":"UNKNOWN113882","SUB_2":"TAP151048","INFERRED":"Y","SOURCEDATE":1478044800000}},{"type":"Feature","geometry":{"type":"LineString","coordinates":[[-84.6077529997928,32.8222919996438],[-84.6073442923897,32.8218504753222],[-84.6056827989829,32.8191776577482],[-84.6067000000067,32.8189109998988],[-84.6083190004056,32.8184960000864],[-84.6123070001425,32.8174340001286],[-84.6165981184058,32.8163150729297],[-84.6248510002098,32.8139370000798],[-84.6254880000693,32.813762999966],[-84.6295670000429,32.8126089996907],[-84.6359149997953,32.8108599998777],[-84.6400333396901,32.8096032538709],[-84.6427310038445,32.8088441477183],[-84.6542710000379,32.8055790003016],[-84.6552929998619,32.8052020002843],[-84.657082999965,32.8047779996362],[-84.6582069998963,32.8044339997328],[-84.659675999609,32.8040149999574],[-84.6605745457602,32.8037223360609]]},"properties":{"VOLTAGE":115,"VOLT_CLASS":"100-161","OWNER":"GEORGIA POWER CO","STATUS":"IN SERVICE","TYPE":"AC; OVERHEAD","ID":"106353","SUB_1":"UNKNOWN112106","SUB_2":"UNKNOWN116695","INFERRED":"Y","SOURCEDATE":1409184000000}},{"type":"Feature","geometry":{"type":"LineString","coordinates":[[-82.3659453350107,29.6387509158395],[-82.3663677399253,29.6390082130725],[-82.3664860408617,29.6375865759404],[-82.3703933323603,29.6375139976416],[-82.3715134021622,29.6375050302692],[-82.3727237661248,29.6378709296453],[-82.3726910000748,29.6394110001828],[-82.43062100006,29.6398860000453],[-82.4304310000892,29.6740730000646],[-82.4303259996089,29.7136479998758],[-82.4380030002303,29.7186089999733],[-82.455320999857,29.7298130003113],[-82.4550959997261,29.7472090001701],[-82.4549319996946,29.7598910002202],[-82.4548000003484,29.7703980001252],[-82.4547140001347,29.7762579996406],[-82.4556489999201,29.7762939997121],[-82.4946169997653,29.7779099998151],[-82.4945437951545,29.7777252273473]]},"properties":{"VOLTAGE":69,"VOLT_CLASS":"UNDER 100","OWNER":"NOT AVAILABLE","STATUS":"IN SERVICE","TYPE":"AC; OVERHEAD","ID":"110523","SUB_1":"TAP150494","SUB_2":"ALACHUA","INFERRED":"Y","SOURCEDATE":1476144000000}},{"type":"Feature","geometry":{"type":"LineString","coordinates":[[-80.795687486593,39.906759993131],[-80.7942148792461,39.9069795617731],[-80.7915986563553,39.9074155988354],[-80.786375077844,39.9091829208035],[-80.7833868437295,39.9085866940247],[-80.7807000123591,39.9075889322682],[-80.7696572642182,39.9031561290424],[-80.7671288687145,39.902176020312],[-80.7643414466935,39.898518866183],[-80.7593741081254,39.8951096278058],[-80.7562880986804,39.8928797199643],[-80.7577984694052,39.8904135537984],[-80.759094019708,39.8885245731721],[-80.7607811842707,39.8862234599847],[-80.764318545942,39.8809697177158],[-80.7684061607591,39.8774904917767],[-80.7707665326771,39.8754442023139],[-80.7807410042821,39.8670020683104],[-80.7885932985549,39.8603585511814],[-80.7942277673754,39.8555521211657],[-80.7949854469103,39.8549175641834],[-80.8044994367107,39.8495802160425],[-80.8085196401523,39.8472733849412],[-80.8089746000128,39.8423825509982],[-80.8173370053145,39.8425339070335],[-80.8178198407966,39.8426401307803],[-80.8185367008849,39.842399368122]]},"properties":{"VOLTAGE":69,"VOLT_CLASS":"UNDER 100","OWNER":"WHEELING POWER CO","STATUS":"IN SERVICE","TYPE":"AC; OVERHEAD","ID":"123291","SUB_1":"KAMMER (138KV)","SUB_2":"GEORGE WASHINGTON","INFERRED":"N","SOURCEDATE":1482105600000}},{"type":"Feature","geometry":{"type":"LineString","coordinates":[[-85.2725164556141,34.7031835128499],[-85.2724031996163,34.7049559001119],[-85.2722851996155,34.7069668999257],[-85.2721848928326,34.7086203240107],[-85.2721100236435,34.7100798487936],[-85.2719674160922,34.712805399122],[-85.2718248076425,34.7150062892426],[-85.2717071570864,34.716779265699],[-85.2715788102902,34.7192994668272],[-85.2714718541775,34.7210225357894],[-85.2714326373255,34.7215734419518],[-85.271418375672,34.7219133607713],[-85.2713898541617,34.7222884419084],[-85.27137915882,34.7227133358016],[-85.2712187251001,34.7252714481593],[-85.2710440297268,34.7283627612336],[-85.2710012483597,34.7291656048433],[-85.2709548997826,34.7298717492014],[-85.2708586399101,34.7315330680488],[-85.2707659445525,34.7329716791018],[-85.2708443791549,34.7337129497974],[-85.2709691614361,34.734881975252],[-85.2710190736299,34.7354327890514],[-85.2711082035741,34.7360861427533],[-85.2713040003734,34.7371739999428],[-85.2713613326515,34.7376623741226],[-85.2714932448611,34.7385705970679],[-85.2717450004144,34.7398989996679],[-85.2719300003623,34.741481000213],[-85.2719789998678,34.7418230000069],[-85.2724522826651,34.7448751518226],[-85.2720815021333,34.7449278840606],[-85.2706554239248,34.7468554800582],[-85.2728557627716,34.7475665382309],[-85.2732330605808,34.7500514407744],[-85.2733400166935,34.7508687210683],[-85.2734647980764,34.7513813467672],[-85.2736608841332,34.7528196122406],[-85.2740922730989,34.7558132329348],[-85.2745878350136,34.7589414807461],[-85.275504089654,34.7650043202426],[-85.2760174786355,34.7683489417045],[-85.2766271265913,34.7723201382608],[-85.2770977333074,34.7754536170425],[-85.2773508623848,34.7771286611642],[-85.2776325120741,34.7788827360169],[-85.2780817272083,34.7818607711548],[-85.2784097245764,34.7839426957207],[-85.2792083286607,34.7892365823299],[-85.279211894074,34.7908498610233],[-85.2792190249008,34.7918570459862],[-85.2792011987323,34.7937103531836],[-85.2791833725638,34.7967903211676],[-85.2791655472936,34.8007455108916],[-85.279187159861,34.8037696432673],[-85.279137024885,34.8089012092318],[-85.2791156342015,34.8156306626716],[-85.2790906781045,34.8226610232876],[-85.2789891999185,34.8378197002882],[-85.2790160999697,34.8395809001122],[-85.2802080098414,34.8389780053621]]},"properties":{"VOLTAGE":115,"VOLT_CLASS":"100-161","OWNER":"GEORGIA POWER CO","STATUS":"IN SERVICE","TYPE":"AC; OVERHEAD","ID":"118758","SUB_1":"UNKNOWN109795","SUB_2":"ROCK SPRING","INFERRED":"Y","SOURCEDATE":1397088000000}},{"type":"Feature","geometry":{"type":"LineString","coordinates":[[-82.2382235416511,40.1039898688384],[-82.2383663091025,40.1038471023031],[-82.2472670001939,40.1036969999544],[-82.253666,40.1036399999063],[-82.259516999635,40.1035870001322],[-82.266769000109,40.1035370002167],[-82.2715190002773,40.1036830002243],[-82.2809199999813,40.1039289999706],[-82.2864230003601,40.1040510001238],[-82.2976019995734,40.1043579996876],[-82.3026170000555,40.1045289999451],[-82.3124139995947,40.1038939997286],[-82.3251030003252,40.1031119997948],[-82.3358580001143,40.1024350001423],[-82.3421680002319,40.1020609998174],[-82.3511739999257,40.1014820000012],[-82.3526610000801,40.1013929999973],[-82.3568158780508,40.101039337808],[-82.3725780000969,40.0974779998366],[-82.3797279995654,40.0971460002448],[-82.3894990000636,40.0968009997849],[-82.4063681537636,40.0962923133409],[-82.4133161796168,40.0960543672251],[-82.414791445977,40.0948884312568],[-82.4150609998511,40.0933599996755],[-82.4153000002257,40.0896519997635],[-82.4159123916363,40.0886591859127]]},"properties":{"VOLTAGE":138,"VOLT_CLASS":"100-161","OWNER":"OHIO POWER CO","STATUS":"IN SERVICE","TYPE":"AC; OVERHEAD","ID":"119692","SUB_1":"NORTH NEWARK SUBSTATION","SUB_2":"UNKNOWN152250","INFERRED":"Y","SOURCEDATE":1477353600000}},{"type":"Feature","geometry":{"type":"LineString","coordinates":[[-83.4265179998574,31.1302240003393],[-83.4268400000727,31.1305749997907],[-83.4289645211095,31.1365624383064],[-83.4290350002318,31.1367610000042],[-83.4286963407596,31.1370170579484],[-83.4289815558623,31.1373588339719]]},"properties":{"VOLTAGE":-999999,"VOLT_CLASS":"NOT AVAILABLE","OWNER":"GEORGIA POWER CO","STATUS":"IN SERVICE","TYPE":"OVERHEAD","ID":"120960","SUB_1":"UNKNOWN111786","SUB_2":"UNKNOWN111787","INFERRED":"N","SOURCEDATE":1402272000000}},{"type":"Feature","geometry":{"type":"LineString","coordinates":[[-81.6808828643099,31.2934978339291],[-81.6796184002075,31.2934062069289],[-81.6757407198757,31.2914570003321],[-81.6722860202785,31.2897976002489],[-81.6688421202277,31.2881655998024],[-81.6652157202404,31.2863776998331],[-81.6664066204058,31.283957199888],[-81.6675868198395,31.2816373999645],[-81.6696038197234,31.2774287002453],[-81.6711702201692,31.2741825998871],[-81.672768819828,31.2710097996474],[-81.6743889197648,31.267662600073],[-81.6759982201553,31.2643520002326],[-81.6773929202108,31.2615089998635],[-81.6788199200908,31.258574200022],[-81.6802790203691,31.2556026001133],[-81.6817381197492,31.2525943003502],[-81.6831329204161,31.2498426997191],[-81.6841628200247,31.2477237998997],[-81.6854932195706,31.2449445998004],[-81.6869416200156,31.2420184001739],[-81.688454419785,31.2391656002465],[-81.6899457201746,31.2363585000948],[-81.6913726203416,31.2335696998053],[-81.6928961199444,31.2305973998064],[-81.6943981201674,31.2276891002167],[-81.6959753201595,31.2246615001886],[-81.6975202203272,31.2217073001987],[-81.6988399200398,31.2190924001838],[-81.7001595200393,31.2165783001614],[-81.7026250729991,31.2115768067045],[-81.7078306196277,31.2076684998756],[-81.7106631200079,31.2055211998396],[-81.7130449203388,31.2036767001894],[-81.7158558198297,31.2015109999369],[-81.7186668199319,31.1993544001167],[-81.7208018198165,31.1976657997595],[-81.7229690198125,31.1960230999906],[-81.7244496203689,31.1939122000147],[-81.7258765196375,31.1918472003025],[-81.7279687201887,31.1888185002985],[-81.7299857200726,31.1858814002416],[-81.7319598200117,31.1830269000274],[-81.7338481200614,31.1802640998213],[-81.7357578197779,31.1774643998976],[-81.7378070197731,31.1746187998468],[-81.7396738204431,31.1718832999327],[-81.7415943197059,31.1691201000244],[-81.7434933195889,31.1663477001249],[-81.745435220315,31.1635568998443],[-81.7473128196331,31.1608117998907],[-81.7492976203039,31.1579840998153],[-81.751250219965,31.1551378999335],[-81.7528392902953,31.1530303443186],[-81.7546400001132,31.1504300000443],[-81.7570059002635,31.1467549000895],[-81.7589262998133,31.1439174999271],[-81.7608896999191,31.1410892996642],[-81.7627673001355,31.1383986996828],[-81.7647198997966,31.1355703002222],[-81.7666403999577,31.1327509997752],[-81.7683355002376,31.1303540002021],[-81.7703525001214,31.127405999741],[-81.7723373996069,31.1245588003807],[-81.7742900001663,31.1217116001778],[-81.7762212001608,31.1188643999133],[-81.7780879999325,31.1161639999671],[-81.7801371999277,31.113206300343],[-81.7819826000327,31.1104598003165],[-81.7834309995794,31.1084664997671],[-81.7853514997404,31.1055911996473],[-81.7874221003007,31.1026331998678],[-81.7895142002406,31.0996107996987],[-81.7914990997261,31.096680200362],[-81.7931299003945,31.0943373999773],[-81.795136200445,31.0914067002634],[-81.7970030002167,31.0887697996728],[-81.7988804998218,31.0859765996691],[-81.8008974997057,31.0830731996537],[-81.8028824000895,31.080279799905],[-81.8051355517902,31.0773551602121],[-81.8070560519512,31.0745432567648],[-81.808997951779,31.0716761530271],[-81.8109720517182,31.0689193496506],[-81.8128925518792,31.0660244468826],[-81.8148451524387,31.0631847419773],[-81.8167441523217,31.0604092378681],[-81.818793352317,31.0575141353362],[-81.8207460516911,31.0546925320278],[-81.8226665518522,31.0519075281864],[-81.8245762515686,31.0491501249172],[-81.8264001522939,31.0464477211953],[-81.8282884523436,31.0436901166397],[-81.8302410520048,31.0408772141025],[-81.8317752523391,31.0386986106703],[-81.8333631521646,31.0363636080841],[-81.8347149522755,31.0333207043036],[-81.8359809515987,31.0304708001728],[-81.8373864520989,31.0273357957378],[-81.8386846524318,31.0243385919612],[-81.8398862524306,31.0215894888448],[-81.8411952523097,31.0186472852551],[-81.8425470524207,31.015603782383],[-81.8438237515772,31.0126245779139],[-81.8451970519661,31.0096085739639],[-81.846570352355,31.0064819700577],[-81.8479329520122,31.0033737662078],[-81.8492847521232,31.0003022618374],[-81.850615151669,30.9973869580845],[-81.8519454524002,30.99425085367],[-81.8533295523355,30.9911330502322],[-81.8547457517708,30.988015145656],[-81.8560868520484,30.9849890416374],[-81.8573528522699,30.9821192393796],[-81.858661752436,30.9791114348839],[-81.8600135516486,30.976029930686],[-81.8611079520913,30.9735370280579],[-81.8624383516372,30.9706117242857],[-81.8637901517481,30.9675115193202],[-81.8650775516363,30.9646320158162],[-81.8672770523549,30.9617432117376],[-81.8692189521827,30.9591948093014],[-81.8712252522332,30.9564806057988],[-81.8733924522292,30.9536468022451],[-81.8755382516601,30.9508680993772],[-81.8776947518228,30.9480064949308],[-81.8796902523269,30.9454208917345],[-81.8817823522669,30.9426142882472],[-81.8839067520311,30.9399180839101],[-81.8859666518597,30.9371481809744],[-81.8876403515745,30.9349395777501],[-81.8891480587946,30.9329958017191],[-81.8928650116575,30.9327564386921],[-81.8972763469636,30.9326096490041],[-81.9013644387862,30.932381307757],[-81.9049615501019,30.9321943947816],[-81.9066838998777,30.9321353996477],[-81.9105140997552,30.9319790001831],[-81.9144622996334,30.9317948997238],[-81.9167582003619,30.9291535998382],[-81.9190970998497,30.9264570998466],[-81.9213823995594,30.9238063996764],[-81.9235817996668,30.9212201002781],[-81.9260064999423,30.9184680999681],[-81.9283454003285,30.9157987998628],[-81.9304804002131,30.9131939003033],[-81.932915900035,30.9104507999355],[-81.9352868999211,30.9076800997329],[-81.9377330995764,30.9048632000843],[-81.9401899999633,30.9020738999083],[-81.9426361996185,30.8992015999224],[-81.9450824001721,30.8963937000982],[-81.9473031999461,30.8938342998087],[-81.9491057001064,30.8918088002755],[-81.9512835999357,30.8892953001228],[-81.9529358999839,30.8873617996275],[-81.9555429995847,30.8842865998431],[-81.9568734000289,30.8818280998914],[-81.9581285998057,30.8793880002484],[-81.9595019001946,30.8768097001264],[-81.9609395999079,30.8741208996512],[-81.962516700187,30.871183299672],[-81.9619587996832,30.8679510001668],[-81.9613044003549,30.8648566996175],[-81.9608108003608,30.8616240996425],[-81.9601777998009,30.8580507001322],[-81.9595984996304,30.8548546997594],[-81.9589868996355,30.8516034002652],[-81.9585470997437,30.8493098999804],[-81.9596521003067,30.8459846998242],[-81.9608215999071,30.8424015000833],[-81.9620016996279,30.838974699664],[-81.9630745997925,30.8356584003708],[-81.963997299845,30.832701199845],[-81.965080899843,30.8295135999471],[-81.9661322997297,30.8262522002798],[-81.967216000339,30.8231105001105],[-81.9682567003923,30.8201068996163],[-81.9693081002789,30.8169464998303],[-81.9689754999433,30.8136662998911],[-81.9685248996068,30.8101832001993],[-81.9681172001135,30.8063774996979],[-81.9677416998331,30.8026545001089],[-81.9674305000625,30.7986457996873],[-81.9671087001716,30.7947842997028],[-81.9670392262641,30.7936790273407],[-81.966883382037,30.7911990433824],[-81.9639757151254,30.7884986387982],[-81.9616047017645,30.7862220699393],[-81.9588474128314,30.7837979657051],[-81.9561330633689,30.7815120251582],[-81.9533435249171,30.7790602502657],[-81.9509509519894,30.7771521476358],[-81.9479898353184,30.7745895833639],[-81.9488481755724,30.7717318739188],[-81.9495991671499,30.7689571331791],[-81.9506827150456,30.7653525290815],[-81.9519165510883,30.7613791956964],[-81.9529894090321,30.7577835712649],[-81.95411598623,30.7540771871224],[-81.9550815853288,30.7507025489609],[-81.9560793441149,30.747290966258],[-81.9571522020587,30.743685550911],[-81.9581654118677,30.7403607348306],[-81.9580616555541,30.7367588442827],[-81.9577647560645,30.7328520166525],[-81.9575553641616,30.7289877719292],[-81.9571556138602,30.7216971038691],[-81.9565750264039,30.7116462600354],[-81.9559563656508,30.7013384348721],[-81.9554995103451,30.6912590382002],[-81.9553377057962,30.687908757371],[-81.9552044559951,30.6843681192995],[-81.9546857337157,30.6746313650256],[-81.9541717698125,30.6614253563457],[-81.9537720213077,30.6479909187382],[-81.9533722710062,30.6344993760774],[-81.9530296293023,30.6208650640756],[-81.9528154781252,30.6073735197185],[-81.9527298165763,30.6040613100465],[-81.9525156653991,30.5905697662696],[-81.9522729603722,30.5775921862771],[-81.9519588716197,30.5607598786232],[-81.9518446571195,30.5464260061414],[-81.9517732742921,30.5326060961155],[-81.9514591846412,30.5187861868946],[-81.9511450958886,30.5052946428776],[-81.9510499166893,30.4952633110748],[-81.9413321988639,30.4753096269446],[-81.9396689546406,30.471890342023],[-81.9365452087672,30.4652677436789],[-81.9377330510674,30.4617382303787],[-81.9390419862679,30.4581037417836],[-81.94035092057,30.4542841188346],[-81.9415739777277,30.4508066341324],[-81.9426683054068,30.4475416853118],[-81.9438055725565,30.4443691732265],[-81.9449321497543,30.4410762822881],[-81.9460586371206,30.4378479500861],[-81.9471637445831,30.4346381780506],[-81.9483116118532,30.4313448802481],[-81.9494274092675,30.4281440342942],[-81.9504988299069,30.4250078407862],[-81.9504839178732,30.4223340802966],[-81.9504687363449,30.4196140771946],[-81.9504493327347,30.4161260597822],[-81.9504272341788,30.412166041358],[-81.9504050457912,30.4081963329186],[-81.9503828574038,30.4042268496683],[-81.9503607588478,30.4002663493117],[-81.9503394687755,30.3964445392941],[-81.9503179990402,30.3926039813502],[-81.9502966191365,30.3887818707428],[-81.9502770358633,30.3852688840888],[-81.9473163683499,30.3833769612886],[-81.9442368537244,30.3814091336316],[-81.9412454638283,30.379497529322],[-81.9375917460732,30.377162666316],[-81.9340890351173,30.3749242360909],[-81.9352047427002,30.3719070830549],[-81.936339135241,30.3688393807521],[-81.9376644197797,30.3652554546432],[-81.939062917014,30.3614732780694],[-81.9404129052229,30.3578219553745],[-81.94178041058,30.3541235193669],[-81.943090962748,30.3505788218463],[-81.9444235236404,30.3469744583001],[-81.9456115456037,30.3437608463696],[-81.9467903149195,30.3405723263118],[-81.9479558790006,30.3374192873606],[-81.9490809290625,30.3343757792683],[-81.9502479304481,30.3312186647593],[-81.950250805057,30.3275328709326],[-81.9502539491605,30.3235968666995],[-81.9502568237694,30.3199202472422],[-81.9502596094451,30.3164194436729],[-81.9502623025943,30.3130388716515],[-81.95026508827,30.309611731377],[-81.9502676035528,30.3062403862557],[-81.9502706578248,30.3025351938636],[-81.9502737120967,30.2985519597385],[-81.9502769460317,30.2945593336306],[-81.9502799095739,30.2907796229445],[-81.9502816469156,30.2885499441931],[-81.9502825155865,30.287435245994],[-81.9502853003639,30.2839610533445],[-81.9502879045799,30.280570053799],[-81.9502905105925,30.2773458851833],[-81.9502931157069,30.2739860772307],[-81.9509939812915,30.2715455896694],[-81.9518279942693,30.2715587593218],[-81.9529539534262,30.2723835073168]]},"properties":{"VOLTAGE":500,"VOLT_CLASS":"500","OWNER":"NOT AVAILABLE","STATUS":"IN SERVICE","TYPE":"AC; OVERHEAD","ID":"120977","SUB_1":"DUVAL","SUB_2":"THALMANN","INFERRED":"N","SOURCEDATE":1420588800000}},{"type":"Feature","geometry":{"type":"LineString","coordinates":[[-81.4547345229853,41.3060953480577],[-81.4546977100249,41.3064499261448],[-81.4529746092576,41.3064558367642],[-81.4491507398079,41.306440076011],[-81.4458406087844,41.3064328339989],[-81.4446141811478,41.3066042336915],[-81.4436016657365,41.3075415738433],[-81.4416764602,41.3070059532242],[-81.4397976023422,41.3069282877984],[-81.4387708252775,41.3066926126735],[-81.4374303115999,41.3057258006963],[-81.436774315067,41.3055704667024],[-81.4356655397832,41.3055035122573],[-81.4345104159223,41.3054365577434],[-81.4316867810156,41.3045313272366],[-81.4273942847367,41.3031413170011],[-81.4263247263049,41.3027931400307],[-81.4255795998278,41.3026351212667],[-81.4249584336735,41.302493921315],[-81.425196975009,41.3019154742897],[-81.4263732559915,41.2989638852488],[-81.4331632439317,41.2991410491603],[-81.4368513186532,41.2988610438309],[-81.4401926355901,41.2989381587123],[-81.4402637156853,41.2889918812096],[-81.4412794883877,41.2887585361238],[-81.4412650057487,41.2882918711234],[-81.4411026388544,41.2882978650627]]},"properties":{"VOLTAGE":-999999,"VOLT_CLASS":"NOT AVAILABLE","OWNER":"NOT AVAILABLE","STATUS":"IN SERVICE","TYPE":"OVERHEAD","ID":"122195","SUB_1":"CASE","SUB_2":"TWINSBURG","INFERRED":"N","SOURCEDATE":1476835200000}},{"type":"Feature","geometry":{"type":"LineString","coordinates":[[-92.8730599998819,40.7477999998746],[-92.8740445022294,40.7472378518144]]},"properties":{"VOLTAGE":69,"VOLT_CLASS":"UNDER 100","OWNER":"NOT AVAILABLE","STATUS":"NOT AVAILABLE","TYPE":"OVERHEAD","ID":"123853","SUB_1":"CENTERVILLE","SUB_2":"NOT AVAILABLE","INFERRED":"Y","SOURCEDATE":1474502400000}},{"type":"Feature","geometry":{"type":"LineString","coordinates":[[-83.2474381490789,31.7168562737575],[-83.2474333951944,31.7172080729635],[-83.2477709012298,31.7172161600136],[-83.2478089287124,31.71857077565],[-83.2478517118762,31.7205561629507],[-83.2445432103965,31.7205763809907],[-83.243815910088,31.7207421650837],[-83.2427653662958,31.720859426209],[-83.2424563817707,31.7229498927513],[-83.242698814608,31.724065868073],[-83.2420856021372,31.7289218169831],[-83.2418146468913,31.7310565757268],[-83.2424611356552,31.7338583720353],[-83.2413487940597,31.7367732807824],[-83.240840159861,31.7385965692445],[-83.2385631884322,31.7411111121747],[-83.238414999648,31.7426529998048]]},"properties":{"VOLTAGE":115,"VOLT_CLASS":"100-161","OWNER":"GEORGIA POWER CO","STATUS":"IN SERVICE","TYPE":"AC; OVERHEAD","ID":"123984","SUB_1":"UNKNOWN111755","SUB_2":"UNKNOWN116847","INFERRED":"Y","SOURCEDATE":1409616000000}},{"type":"Feature","geometry":{"type":"LineString","coordinates":[[-93.0231864142314,41.7597063039901],[-93.023670730137,41.7593118791026],[-93.0246832464466,41.7575814368196],[-93.0357379134346,41.7465919722113],[-93.0364859396734,41.7458599418105],[-93.0407337582417,41.7414072619106],[-93.0436750446028,41.7385501471044],[-93.0472402396749,41.7349426590692],[-93.0549981066382,41.727157668017],[-93.0561853174227,41.7259789277601],[-93.0577361770141,41.7244489301957],[-93.0592541169435,41.7229538468337],[-93.0613030842751,41.7208618580638],[-93.0626490165905,41.7195154333006],[-93.062613607697,41.7189353887398],[-93.0625506357956,41.7181914443172],[-93.062107328881,41.7136341900267],[-93.0619570407339,41.7118741767041],[-93.0617720776169,41.7100045372612],[-93.061592055234,41.7081291430716],[-93.0614452714149,41.7064181383223],[-93.0614725793012,41.7048971542255],[-93.0614755437416,41.7035661372019],[-93.0614537146802,41.7027533358268],[-93.0620999770687,41.7024900997266]]},"properties":{"VOLTAGE":161,"VOLT_CLASS":"100-161","OWNER":"MIDAMERICAN ENERGY CO","STATUS":"IN SERVICE","TYPE":"AC; OVERHEAD","ID":"102676","SUB_1":"JASPER","SUB_2":"UNKNOWN131595","INFERRED":"Y","SOURCEDATE":1438300800000}},{"type":"Feature","geometry":{"type":"LineString","coordinates":[[-83.1127836991422,32.8221876249849],[-83.1120314427368,32.821931463346],[-83.1122453540638,32.8216678107542],[-83.115610898564,32.8222550357402],[-83.1271050905593,32.8244481058696],[-83.1324671461683,32.8254667259909],[-83.1428917788335,32.8274080646525],[-83.1497369547732,32.8285584683219],[-83.1678053683607,32.8320335532438],[-83.1750070631788,32.8333636356319],[-83.1848327432301,32.8353287671214],[-83.1926476532139,32.8367666403609],[-83.199635436705,32.8380247599654],[-83.1997680001932,32.8384650000234]]},"properties":{"VOLTAGE":-999999,"VOLT_CLASS":"100-161","OWNER":"GEORGIA POWER CO","STATUS":"IN SERVICE","TYPE":"OVERHEAD","ID":"104278","SUB_1":"UNKNOWN112282","SUB_2":"MEAG3","INFERRED":"Y","SOURCEDATE":1403049600000}},{"type":"Feature","geometry":{"type":"LineString","coordinates":[[-93.0445091743616,41.7148202841447],[-93.0449065441275,41.7146638338175],[-93.0449589042305,41.7136899757465],[-93.0472923132152,41.7136937369942],[-93.0484364740364,41.713684686261],[-93.0512489967831,41.7119072288651],[-93.0540793663595,41.7100262650907],[-93.0572952084142,41.7090411682161],[-93.0574022831045,41.709012615129],[-93.058263647986,41.708731838295],[-93.0596151821956,41.7075230722419],[-93.060305225776,41.7069662779794],[-93.0610238232061,41.706271475147],[-93.0610523770557,41.7055957088169],[-93.0611380368079,41.7050722271688],[-93.0612855644321,41.7043488708416],[-93.0613236350338,41.7035922018061],[-93.061342671233,41.7027355961327],[-93.0620999770687,41.7024900997266]]},"properties":{"VOLTAGE":-999999,"VOLT_CLASS":"NOT AVAILABLE","OWNER":"MIDAMERICAN ENERGY CO","STATUS":"IN SERVICE","TYPE":"OVERHEAD","ID":"111063","SUB_1":"UNKNOWN131595","SUB_2":"UNKNOWN137653","INFERRED":"N","SOURCEDATE":1476921600000}},{"type":"Feature","geometry":{"type":"LineString","coordinates":[[-94.187482187383,36.0491981430104],[-94.1878712028168,36.0489739982056],[-94.1878579868023,36.0487405437389],[-94.1871839808446,36.048716068054],[-94.1862735383042,36.048696167346],[-94.1853509694057,36.0486807697145],[-94.184225648951,36.0486474316529],[-94.1830132826435,36.0486294926745],[-94.181805318081,36.0485968823481],[-94.1805459698842,36.0485624547943],[-94.1798078242152,36.0485263567242],[-94.179109923071,36.0484955621181],[-94.1784097761385,36.0484720298276],[-94.1776358784196,36.0484865559336],[-94.1768215547162,36.0484901867334],[-94.175821729805,36.0484774771176],[-94.1748330440033,36.0484702866946],[-94.1737794100065,36.0484557613119],[-94.1727952157813,36.0484377482066],[-94.1717796703526,36.048415959033],[-94.1707887387627,36.0483961308797],[-94.1696971060294,36.0483653347699],[-94.1685115993489,36.048340060031],[-94.1674849148107,36.0483147852839],[-94.1665275802124,36.0482984426525],[-94.1655433859872,36.048269536356],[-94.1647939224439,36.0482514513036],[-94.1638477260568,36.0482351812898],[-94.1626197290635,36.0482080900132],[-94.1615773240078,36.0481772952825],[-94.1605618684106,36.0481555779413],[-94.1595159599253,36.0481357497225],[-94.1585353589612,36.048113378692],[-94.1570401131707,36.048048955812],[-94.1563904515573,36.0480390780053],[-94.1551689224339,36.0480222283525],[-94.1540428842253,36.048012495078],[-94.1529114561249,36.0479984773013],[-94.1518528813941,36.0479914320965],[-94.1510403552196,36.0479802469247],[-94.1496178729672,36.0479452387793],[-94.1481053804217,36.0479088513546],[-94.1469584105686,36.0478948328332],[-94.1457542189302,36.0478639653488],[-94.14466276586,36.0478415942411],[-94.1435990707321,36.0478191512222],[-94.1425785845693,36.0478009927089],[-94.1416169380577,36.0477757896937],[-94.1407402721719,36.0477519666632],[-94.1407558130263,36.046994057154],[-94.1407714437123,36.0462376649063],[-94.140806927166,36.0454860591888],[-94.1408173476233,36.0447254396811],[-94.1408208510529,36.0438960277384],[-94.1408338766245,36.0429749409737],[-94.1407749471419,36.0429749409737],[-94.1408328651215,36.0427127899097],[-94.1407360923109,36.0424628713425]]},"properties":{"VOLTAGE":161,"VOLT_CLASS":"100-161","OWNER":"SOUTHWESTERN ELECTRIC POWER CO","STATUS":"IN SERVICE","TYPE":"AC; OVERHEAD","ID":"112897","SUB_1":"WESTSIDE WASTEWATER TREATMENT PLANT","SUB_2":"FAYETTEVILLE SOUTH","INFERRED":"Y","SOURCEDATE":1411084800000}},{"type":"Feature","geometry":{"type":"LineString","coordinates":[[-81.2269705023333,41.11965136972],[-81.2280073719703,41.1202804040066],[-81.2279615569925,41.1208435648526],[-81.2269952078003,41.1217200291849],[-81.2258600651662,41.1226451930188],[-81.2258387840772,41.1251289280529],[-81.2257691556595,41.1275718257722],[-81.2256943475559,41.1300591269148],[-81.2262231067119,41.1320143201657],[-81.2267528665911,41.1339490012357],[-81.2272613184318,41.1358836252504],[-81.2277814753207,41.1377943033096],[-81.2275616261296,41.1398944649409],[-81.2273341466486,41.142184852325],[-81.242376940036,41.1425991337322],[-81.247288758228,41.1427952631407],[-81.2543333610591,41.1445486942921],[-81.2565934154144,41.1451345170252],[-81.2588168795916,41.1452930852796],[-81.2632634019074,41.1455864752819],[-81.2647903106167,41.1440506590335],[-81.2663018886773,41.1424908411528],[-81.2677952695652,41.1410109069553],[-81.268864640249,41.1410188790035],[-81.2726182910879,41.1411933769101],[-81.2793388581213,41.1415128877011],[-81.2890519406399,41.1418297551788],[-81.2902514008517,41.1417437272107],[-81.2948508918873,41.1413194767397],[-81.3004757747855,41.1407396361959],[-81.3022715501576,41.1407181689407],[-81.3041036839425,41.1406654641337],[-81.3032429092541,41.1410105592268],[-81.3032375606849,41.1430163708306],[-81.3031709362336,41.1460906350658],[-81.3022507191245,41.1478894276952],[-81.3010833359549,41.1503780560522],[-81.3012164339407,41.1528866767701],[-81.301220566191,41.1545107039374],[-81.3013026111225,41.1568367818588],[-81.3014105769416,41.1599298348576],[-81.3014691542846,41.1624609420099],[-81.3016183626567,41.1658331182931],[-81.3016585676555,41.1675875109954],[-81.3043176626432,41.1685620581878],[-81.3067089949975,41.169483487958],[-81.3095977263213,41.1705651348843],[-81.3115776733946,41.1713176072572],[-81.3139197897495,41.1721979243047],[-81.3168703521142,41.172740963068],[-81.3194760162071,41.1732225438848],[-81.3218910568984,41.1736659340369],[-81.3242774584001,41.1748965118003],[-81.3270181150257,41.1763003201018],[-81.3295471896558,41.177632396083],[-81.3329857582054,41.1782762029026],[-81.3365847910176,41.1789314420498],[-81.3394743892156,41.1794697678952],[-81.343313008104,41.1802288706894],[-81.3444720863488,41.1819304618354],[-81.3457672216298,41.183703325161],[-81.3471498833623,41.1854362727944],[-81.3488439038673,41.1876278210077],[-81.3510121504005,41.1888106540892],[-81.3529447787163,41.189871485923],[-81.35541652017,41.1911946317692],[-81.3577927868787,41.1924455429986],[-81.3602342146831,41.1938104820661],[-81.3636591045859,41.1954920500855],[-81.3669419780288,41.1971801078198],[-81.3699425765549,41.1988260752073],[-81.372619500406,41.2002938821381],[-81.3748099281403,41.2014795103115],[-81.3777044257499,41.2030552713161],[-81.3797283507462,41.2041787106802],[-81.3826503826176,41.2057090857693],[-81.3847325876146,41.2068668687649],[-81.3871257004299,41.2081845307854],[-81.3895149486927,41.2095079782162],[-81.3917344162652,41.2107421940158],[-81.3942331700595,41.2121330333147],[-81.396691499666,41.2134483592491],[-81.3991018592364,41.2148036633216],[-81.4014181651965,41.216057983168],[-81.4042926842741,41.2175536488743],[-81.4073915126782,41.2175677721906],[-81.4109277307942,41.2175883811044],[-81.4136163884395,41.2176157479263],[-81.4171661711163,41.2176431823092],[-81.4206757092683,41.2176689949446],[-81.4209052288234,41.2148398829916],[-81.4210429405564,41.212472747288],[-81.4212560209418,41.2099159619993],[-81.4246830039192,41.209929546322],[-81.4286368488107,41.2099523877923],[-81.4325027486359,41.2099782710429],[-81.434232330748,41.2099194917204]]},"properties":{"VOLTAGE":138,"VOLT_CLASS":"100-161","OWNER":"NOT AVAILABLE","STATUS":"IN SERVICE","TYPE":"AC; OVERHEAD","ID":"125569","SUB_1":"DARROW","SUB_2":"HANNA","INFERRED":"Y","SOURCEDATE":1476748800000}},{"type":"Feature","geometry":{"type":"LineString","coordinates":[[-80.8185367008849,39.842399368122],[-80.8178047149639,39.8424889018902],[-80.8169980772461,39.8421819522313],[-80.811301648027,39.8406257837733],[-80.8074397834341,39.8405615387751],[-80.8029711553757,39.8413967300995],[-80.7971390958202,39.8425817007391],[-80.7935699041434,39.8432884012813],[-80.7891797987224,39.8458296648931],[-80.7823269511701,39.8499199590512],[-80.7759166828971,39.8575580290175],[-80.7741249490455,39.8607988552627],[-80.7712196267368,39.8660527051251],[-80.7709412298471,39.8694934049604],[-80.7700846242399,39.8791444990055],[-80.7697990893369,39.8825138160511],[-80.7711696579491,39.8849480040678],[-80.7800569452781,39.8954985349497],[-80.7865100443256,39.9032722340078],[-80.7880091043627,39.9055351010467],[-80.7914926353889,39.9070198850057],[-80.7950832420037,39.9064131217955],[-80.795687486593,39.906759993131]]},"properties":{"VOLTAGE":138,"VOLT_CLASS":"100-161","OWNER":"WHEELING POWER CO","STATUS":"IN SERVICE","TYPE":"AC; OVERHEAD","ID":"127257","SUB_1":"KAMMER (138KV)","SUB_2":"GEORGE WASHINGTON","INFERRED":"Y","SOURCEDATE":1437350400000}},{"type":"Feature","geometry":{"type":"LineString","coordinates":[[-94.6478644783438,35.8194096967548],[-94.6477541948713,35.8196197729629],[-94.6467749261087,35.8189462623163],[-94.6457262328461,35.818154978743],[-94.644699457578,35.817367547971],[-94.6436260624416,35.816567435279],[-94.6425746733348,35.8157710281431],[-94.6415016357279,35.8149769447987],[-94.6404965107565,35.8142056543363],[-94.6388742431849,35.8139861688185],[-94.637127469115,35.8137442459766],[-94.6353889604439,35.8134984622501],[-94.6336877300605,35.813267390659],[-94.6317646167003,35.813012863797],[-94.6308360281911,35.8128790427115],[-94.6294421123647,35.8126999853304],[-94.6281707267431,35.8125150247029],[-94.6267837279444,35.8123255478098],[-94.6267637206664,35.8128127676773]]},"properties":{"VOLTAGE":69,"VOLT_CLASS":"UNDER 100","OWNER":"NORTHEAST OKLAHOMA ELECTRIC CO","STATUS":"IN SERVICE","TYPE":"AC; OVERHEAD","ID":"127349","SUB_1":"UNKNOWN118418","SUB_2":"UNKNOWN118419","INFERRED":"Y","SOURCEDATE":1412640000000}},{"type":"Feature","geometry":{"type":"LineString","coordinates":[[-84.5379619870543,37.046341254214],[-84.537766221696,37.0468416807682],[-84.5363099924333,37.0486500713576],[-84.5376424904437,37.05010154177],[-84.5406691652659,37.0533280907414],[-84.5426774299319,37.0554267763527],[-84.5456945862053,37.0585391110507],[-84.5490305896073,37.0619893302325],[-84.5518002833762,37.0650683521363],[-84.5550601446764,37.0686660970922],[-84.5577298999716,37.0722400482236],[-84.5612657794227,37.0767895772729],[-84.5634168124385,37.0796401707983],[-84.5654917015559,37.0822956499736],[-84.5675761101203,37.0849511278604],[-84.5677283952222,37.0876161251806],[-84.5677521897975,37.0879444901667],[-84.5664482447384,37.0911710389697],[-84.5654536300558,37.093683749705],[-84.5646160597495,37.0959061667932],[-84.5640497483197,37.0973671560198],[-84.5646922027496,37.1017358460326],[-84.5651347829272,37.1045150568245],[-84.5655535676312,37.1072847491168],[-84.5659533170343,37.1098593257962],[-84.5663673433622,37.1126004647283],[-84.5667337796413,37.1148466760411],[-84.5672001552924,37.1179019043024],[-84.5677331535983,37.1214615778083],[-84.5682709120768,37.1251211891515],[-84.5688657773563,37.1290425409401],[-84.5693702227108,37.1324880000891],[-84.569879428238,37.13589062889],[-84.5702886952916,37.1386270098259],[-84.5707693460709,37.1419154248759],[-84.5712595153989,37.1450325190379],[-84.5716925770277,37.1480306400507],[-84.5722684070063,37.152075723282],[-84.5726586378607,37.1545075323428],[-84.5731297718878,37.1578482962568],[-84.5735200027422,37.160408596017],[-84.5744289567742,37.1666808553577],[-84.5747573233499,37.1687081560576],[-84.5750285813281,37.1732672031386],[-84.5751999026292,37.1766317606921],[-84.5753997768816,37.1804388978757],[-84.5755663398066,37.1836083396886],[-84.5757424203821,37.1870918706827],[-84.5759042231344,37.1903184201644],[-84.5761088566612,37.1943397096942],[-84.5763039734359,37.1983086507381],[-84.5764895707635,37.2019254312701],[-84.5766133020157,37.2043524822964],[-84.5767513110912,37.2067985669277],[-84.5768417310161,37.2090780910694],[-84.5769511862419,37.2126139700741],[-84.576994016118,37.214855421974],[-84.5770416052685,37.2173966867144],[-84.5771415428438,37.2204661913422],[-84.5772462387953,37.2242780882804],[-84.5773604532954,37.228009083035],[-84.5774508732204,37.230888231347],[-84.5781885059513,37.234519287858],[-84.579002280784,37.2380123368954],[-84.5798874411391,37.2417005010418],[-84.580810672096,37.2455028799054],[-84.5817243854024,37.2494337503374],[-84.5825155559276,37.2526817138126],[-84.5833662128909,37.2563877250558],[-84.5841930761774,37.2598736347296],[-84.5851567573731,37.2639841541299],[-84.5856921362145,37.2661375659314],[-84.5862691546642,37.2685765137428],[-84.5869651477868,37.2714556607563],[-84.5876968318739,37.2746262933228],[-84.5884463618924,37.2778742569988],[-84.5891899441655,37.2809735049799],[-84.5902488036623,37.285250586793],[-84.5910935119818,37.2890101351135],[-84.5923486776226,37.2942508979776],[-84.593240975991,37.2979212161591],[-84.5940321474145,37.3010977966763],[-84.5949482385615,37.3049882162368],[-84.5959357161291,37.309241501941],[-84.5972682141395,37.31482133769],[-84.5977738488635,37.3167962910374],[-84.5987196850262,37.3216444427981],[-84.5988089146833,37.3234706788139],[-84.5987310172735,37.3254604411202],[-84.5985326503941,37.332199633922],[-84.5984898196197,37.3360829143178],[-84.5984612657701,37.3387241157103],[-84.5984612657701,37.341308210193],[-84.5984825459608,37.3505259462638],[-84.5986325870712,37.3546712630121],[-84.598646863996,37.3565843498742],[-84.5985615977058,37.3591149319835],[-84.5986183101463,37.3620809053127],[-84.5979468805569,37.3710675256992],[-84.5977625121246,37.3775413418983],[-84.5975150612981,37.3805590761812],[-84.597349500893,37.3837002461822],[-84.5971507037206,37.3872540509218],[-84.5968807366215,37.389472814034],[-84.5959326780268,37.3950798359287],[-84.595091949244,37.4014562259724],[-84.5939918678555,37.4075575920609],[-84.5930360954275,37.4142910383466],[-84.5918964576238,37.4209006712575],[-84.5917083557932,37.4230284188161],[-84.5919653368465,37.4258123880709],[-84.5923911598507,37.4302900373158],[-84.5926920056394,37.4346713530958],[-84.5930299518493,37.4372312878259],[-84.5933787371314,37.4393467632475],[-84.5939669854204,37.4462984536832],[-84.5939058990828,37.4541321907163],[-84.5939912390348,37.4575679911066],[-84.5941782359376,37.4627606587537],[-84.5940802620795,37.4655865723397],[-84.5941143980603,37.4679821747426],[-84.5941387433028,37.470107843706],[-84.5941682969773,37.4740276322251],[-84.5942672023884,37.4759476693345],[-84.5946921998409,37.4793502608749],[-84.5954345918462,37.4877592757214],[-84.595613955764,37.489929893758],[-84.5960765881354,37.4929270638699],[-84.596528172127,37.4951803863437],[-84.596982808594,37.4974695597767],[-84.5976909514308,37.5007967516625],[-84.598589757195,37.5045201999681],[-84.5997176207803,37.5102737356756],[-84.6003743530334,37.5132718571297],[-84.6014022799417,37.5184543229411],[-84.6019521027945,37.5218466671805],[-84.6024138368505,37.5245235927353],[-84.6031583219304,37.5283481219781],[-84.6038150532852,37.5320315281458],[-84.6044838310479,37.5360084277029],[-84.605094326115,37.5388497472466],[-84.6055795070983,37.5412872331071],[-84.6062421026552,37.5439811813384],[-84.6072306096922,37.5492530273409],[-84.607710849043,37.5517165247283],[-84.6082122967195,37.5550599508424],[-84.6089118588487,37.5583293312767],[-84.6096480659533,37.5611487797159],[-84.6100825541067,37.5639258230433],[-84.6124524966758,37.5753615129066],[-84.6131761102984,37.5783637393217],[-84.6136231919338,37.5812292643353],[-84.6137433056705,37.5847643809939],[-84.6134586906424,37.5873810220185],[-84.6133278213769,37.5893827440296],[-84.6133932555605,37.5905308338396],[-84.6133902821369,37.5924254786709],[-84.6133307948004,37.5937193111129],[-84.6132564367528,37.5964437943056],[-84.6132028989585,37.5983473633051],[-84.6132028989585,37.6003044699593],[-84.613196951213,37.6019581947342],[-84.613125566589,37.6038468921114],[-84.6130393112537,37.6058129221993],[-84.6130184910003,37.6077938229433],[-84.612976851392,37.6088526828468],[-84.6138126358475,37.6111726581792],[-84.6140535568202,37.6119311106539],[-84.6147406260787,37.6137067842052],[-84.6155555911792,37.6161070648679],[-84.6161415343912,37.6175853049775],[-84.6169624481355,37.6197892808246],[-84.6178577199275,37.6223115098626],[-84.6184079703783,37.6236440076812],[-84.6191664242609,37.6257914711596],[-84.6196928792383,37.6272875571956],[-84.6203502052777,37.6289383093216],[-84.620951019201,37.6305682388381],[-84.6214834237204,37.6320524277033],[-84.6221942875542,37.6340006121664],[-84.6226493597041,37.635196291095],[-84.6233275059969,37.6370255017025],[-84.6239312942421,37.6387565601091],[-84.6244577501177,37.6401604407552],[-84.625121024801,37.6418558072251],[-84.625698044149,37.6435571220931],[-84.6263702417981,37.6453833577971],[-84.6265903416191,37.6459990442119],[-84.6272149501176,37.6476022056856],[-84.6279882747114,37.6496723368043],[-84.6288062150321,37.6518792871408],[-84.6295319513737,37.6537947530563],[-84.6300970734342,37.6553800687718],[-84.630825782301,37.6573342006992],[-84.63149797995,37.6590920282556],[-84.6322713054422,37.6611948772325],[-84.6329851426995,37.6632501360836],[-84.6337257506507,37.665109090331],[-84.6344157942311,37.667003735713],[-84.6351980417906,37.6690887389728],[-84.6358791633037,37.6709328212136],[-84.6366019244251,37.6728423376962],[-84.637425811593,37.6750641596978],[-84.6379760629422,37.676572143733],[-84.6383984166528,37.6775744909953],[-84.638907026597,37.6787612481805],[-84.6405577779496,37.6804893309884],[-84.6418635070629,37.6819080847229],[-84.6440258417832,37.6842340082289],[-84.645358340692,37.6856854787302],[-84.6467414021747,37.6871101813497],[-84.6484397426779,37.6889304691643],[-84.6498971622083,37.6905038881702],[-84.6510393036167,37.6916906439421],[-84.6521784707032,37.6929428352265],[-84.6531391775771,37.6939719520611],[-84.6552687956548,37.6961640309364],[-84.6568808799244,37.6979248317366],[-84.6574608735943,37.6985196971418],[-84.6582847616605,37.7003905480188],[-84.659215727112,37.7023684753188],[-84.6597897721381,37.7034719499314],[-84.6606047372386,37.7053100837611],[-84.6612531403123,37.706687197275],[-84.6621484121043,37.708635380678],[-84.6628473786504,37.7100333140823],[-84.6640609037846,37.7125466197855],[-84.6644743354278,37.7133110206821],[-84.6652000708711,37.7149141828348],[-84.6658841658077,37.7161931443241],[-84.6665623121006,37.7176892301821],[-84.667293997086,37.7190574203536],[-84.6679424001597,37.7203869443243],[-84.6685670077599,37.7215528797526],[-84.6692273090196,37.7229537868137],[-84.6700571457297,37.7247413570737],[-84.6706906771939,37.7258716013365],[-84.6714788742955,37.7275431732979],[-84.672064815711,37.7285782382833],[-84.6729481911136,37.7303866290205],[-84.6736055171531,37.7314960521797],[-84.6743907390345,37.7330605480897],[-84.6753217026893,37.7348035028214],[-84.6759611827974,37.7361478981468],[-84.6769010712145,37.7378105470442],[-84.6776000368623,37.7393482741424],[-84.6782603381221,37.7405439530094],[-84.6787392039489,37.7415046601683],[-84.6793340692283,37.7432684361694],[-84.6805565173282,37.7456597942741],[-84.6812019460801,37.7469209080059],[-84.682201320037,37.7487084778772],[-84.6835903301636,37.7512604499189],[-84.6845867297987,37.7530777643153],[-84.6851994410096,37.7543359042545],[-84.6856634361252,37.7552787652221],[-84.6866509118962,37.7569443877715],[-84.6871327529432,37.7578783257619],[-84.6881886390164,37.7600376873377],[-84.6890482189455,37.7616111063266],[-84.6897590827792,37.7630625768229],[-84.6913087071871,37.764740097326],[-84.6925192579993,37.7661291069984],[-84.6938309357564,37.7675419122766],[-84.6948838466093,37.7687197450482],[-84.6958534773472,37.769847015013],[-84.6966059816877,37.7707363392172],[-84.6975815610694,37.7718576599345],[-84.6991787737294,37.7735976396731],[-84.6998658438862,37.774394760166],[-84.7011150608833,37.7757897189875],[-84.7019359746275,37.7767444778521],[-84.7033458050075,37.7782970758832],[-84.7046812782381,37.7798199312697],[-84.7070547898138,37.7808074070947],[-84.7101220639953,37.7813276992856],[-84.7142991447265,37.7821543042543],[-84.7148987692803,37.7848716479443],[-84.7150034652317,37.7875366438791],[-84.7161737796041,37.7888659339061],[-84.7174408434309,37.7902864721334],[-84.7183188639761,37.7921353140369],[-84.7178170973977,37.7928310140143],[-84.7177370853537,37.7929419507018],[-84.7173658898002,37.7934023770634],[-84.7164718073777,37.793281757692]]},"properties":{"VOLTAGE":345,"VOLT_CLASS":"345","OWNER":"NOT AVAILABLE","STATUS":"IN SERVICE","TYPE":"AC; OVERHEAD","ID":"124041","SUB_1":"UNKNOWN109464","SUB_2":"BROWN PLANT","INFERRED":"Y","SOURCEDATE":1411084800000}},{"type":"Feature","geometry":{"type":"LineString","coordinates":[[-80.8244602017499,41.1776382913191],[-80.8259256962364,41.1780862912013],[-80.8265092292685,41.1780285887125],[-80.8291843223531,41.1776117522722],[-80.8322996797584,41.1771737492778],[-80.8354615698955,41.1767474406794],[-80.8377690723658,41.1764469607553],[-80.8393062685817,41.1762188276872],[-80.8392816556412,41.1750173633353],[-80.8391987411405,41.1726624461862],[-80.839135769239,41.1702349530245],[-80.8390290493833,41.1678875717155],[-80.839053303896,41.1655876488307],[-80.8390825162107,41.1632179851414],[-80.8390290377052,41.1607728028086],[-80.8389898208532,41.1584080557889],[-80.8389898208532,41.1566438658706],[-80.8391401889503,41.1550163149055],[-80.8433756296322,41.1508570171091],[-80.8464023035561,41.1472402360561],[-80.8535121339583,41.1380269629603],[-80.8641911551389,41.1380745531783],[-80.8677032391164,41.1366659119505],[-80.8750605329215,41.136703983294],[-80.8890612805794,41.136703983294],[-80.8966279671857,41.135666538048],[-80.9054985979527,41.1355428061737],[-80.9172626528425,41.1353810033301],[-80.9285698524266,41.1380935877675],[-80.9464919520138,41.1379222667947],[-80.9622820547845,41.1377699807341],[-80.9758354647871,41.1376272140493],[-80.99370045937,41.1374368570842],[-80.9950900641814,41.1281950299383],[-80.9959371521381,41.12218927087],[-80.9986592549598,41.1222178239133],[-81.0109087208016,41.1221607171375],[-81.0193796021655,41.1222178239133],[-81.0294589987923,41.12218927087],[-81.0379584331075,41.1221226461515],[-81.0413182319831,41.1225985383173],[-81.050693309003,41.1225890197906],[-81.061629311237,41.1225699847629],[-81.0732315633745,41.1225890197906],[-81.0793134659701,41.1199811309964],[-81.0945324980365,41.113366228794],[-81.1020040063418,41.1101682342667],[-81.111407636313,41.1103585911575],[-81.1214013722892,41.1105013582942],[-81.1324896596251,41.1106726798021],[-81.1415030578436,41.1108344826619],[-81.1527245967771,41.1110248403283],[-81.1552944135986,41.1110248403283],[-81.1587493916735,41.1110153221536],[-81.1728548370795,41.1109486969219],[-81.1764145102075,41.1126714272493],[-81.1898181324246,41.1188304851138],[-81.1928722193377,41.1187986653083],[-81.2032704307538,41.1187877460474],[-81.205183677019,41.1188501330018],[-81.2085467520504,41.1191245247236],[-81.2095343760434,41.1202463550826],[-81.2092610438553,41.1234520148696],[-81.2090827848653,41.1266209951952],[-81.2089330455889,41.1297522282122],[-81.209339479356,41.1363257180232],[-81.2080845302092,41.1422917707587],[-81.2062377583767,41.1444288932832],[-81.2045763772593,41.1463458001894],[-81.2050041999134,41.1492505860382],[-81.2057956740692,41.1547752311098],[-81.2060381069065,41.1569548936703],[-81.2083269630465,41.1588821717897],[-81.2103733863491,41.1605892950939],[-81.2101380834402,41.1633163048109],[-81.2096389552138,41.1691993900491],[-81.2094179130601,41.1720655918772],[-81.2091326970591,41.175242958221],[-81.2071316072372,41.1780557307006],[-81.205226526658,41.1806515550142],[-81.201857025079,41.1853349886812],[-81.201759872281,41.190934308963],[-81.1982160669942,41.1951033688859],[-81.1963200567044,41.1973293899074],[-81.1969190102167,41.1999976440947],[-81.1982880454047,41.206092014743],[-81.1981739593636,41.2144386658577],[-81.1981359300843,41.2203672173278],[-81.1980408577846,41.226288079844],[-81.1976510626131,41.2315935177092],[-81.1963200567044,41.2382282857786],[-81.1958827262814,41.2432253647136],[-81.1952362366192,41.250473668153],[-81.196776401767,41.2521891251134],[-81.2005602629489,41.2562274187928],[-81.2040208797489,41.256263154946],[-81.2103146392245,41.2563131856626],[-81.2164087472299,41.2572280203149],[-81.2305744588116,41.2593077909766],[-81.2431524699938,41.259565077088],[-81.2502068051727,41.2597794820819],[-81.2566716928117,41.2606656809326],[-81.2598470936106,41.2606585337801],[-81.2631365822472,41.2607514412993],[-81.2662739537669,41.2625309468713],[-81.2694398476952,41.2644318918937],[-81.275163176067,41.2644247451533],[-81.2860108792985,41.2643389902857],[-81.2932743710216,41.264303257876],[-81.2963737150587,41.2654823900649],[-81.303960452062,41.2685194500252],[-81.3070693029698,41.2697270880251],[-81.3143423015636,41.2703130347608],[-81.3228512355629,41.2710704713302],[-81.3261597379408,41.2711633626856],[-81.3363514446394,41.2713348557333],[-81.3512206889039,41.2714491853068],[-81.3539682661504,41.2714849131309],[-81.358902498207,41.2763222591584],[-81.3632948188736,41.2805876859317],[-81.3679818633101,41.2850457238068],[-81.3702445739837,41.2871674719477],[-81.3752643696728,41.2900177917165],[-81.3837162606516,41.2947323342193],[-81.3939555043984,41.2946966191208],[-81.4078740292584,41.294603759908],[-81.4173622032742,41.2948466207834],[-81.4199291436901,41.2925822588114],[-81.4216119172877,41.2911107390774],[-81.4255288791503,41.2901820919814],[-81.4284027442544,41.2885621081388],[-81.4380838368674,41.2888943092174],[-81.4409153958132,41.2886325683235],[-81.4579371014148,41.2890461898817],[-81.4681047647048,41.2890657340807],[-81.4713526586488,41.289056804701],[-81.4714061371543,41.2916463120626],[-81.47136454336,41.2939544578231],[-81.4729094605958,41.2941062477402],[-81.473022359064,41.2973071511731],[-81.4744840887112,41.3000123942715],[-81.4761537891264,41.3011373137347],[-81.4761478467708,41.3029585722203],[-81.4761352182545,41.3033134379744],[-81.4740966183797,41.3034277729374]]},"properties":{"VOLTAGE":345,"VOLT_CLASS":"345","OWNER":"AMERICAN TRANSMISSION SYSTEMS, INC.","STATUS":"IN SERVICE","TYPE":"AC; OVERHEAD","ID":"124079","SUB_1":"HIGHLAND","SUB_2":"CHAMBERLIN","INFERRED":"N","SOURCEDATE":1477872000000}},{"type":"Feature","geometry":{"type":"LineString","coordinates":[[-96.939733524653,35.2677092928482],[-96.9397977281447,35.2680064511831],[-96.9473773028803,35.2626719090323],[-96.9517138714053,35.2626778583444],[-96.9517019741177,35.2585554407522],[-96.9525347851496,35.2576631433027],[-96.9523004084038,35.2470519371916],[-96.9532379162854,35.2471090442629],[-96.953680695889,35.2469225646781]]},"properties":{"VOLTAGE":69,"VOLT_CLASS":"UNDER 100","OWNER":"OKLAHOMA GAS & ELECTRIC CO","STATUS":"IN SERVICE","TYPE":"AC; OVERHEAD","ID":"125350","SUB_1":"UNKNOWN118594","SUB_2":"UNKNOWN119057","INFERRED":"Y","SOURCEDATE":1415577600000}},{"type":"Feature","geometry":{"type":"LineString","coordinates":[[-82.7800357478532,29.9531483428011],[-82.7805139758761,29.9531711081985],[-82.7808542388412,29.9537588348707],[-82.7823556794138,29.9539444327828],[-82.7836810394109,29.9562334740086],[-82.7847211007621,29.9579896360236],[-82.8134407793845,29.9699453268429],[-82.8303236503589,29.9770342171552],[-82.8490937973036,29.9849570612153],[-82.8791579628523,29.9975157918024],[-82.9353736493902,29.9987442292142],[-82.9354295650251,29.9988691748238]]},"properties":{"VOLTAGE":69,"VOLT_CLASS":"UNDER 100","OWNER":"DUKE ENERGY FLORIDA, LLC","STATUS":"IN SERVICE","TYPE":"AC; OVERHEAD","ID":"125356","SUB_1":"UNKNOWN107673","SUB_2":"FORT WHITE","INFERRED":"N","SOURCEDATE":1397606400000}},{"type":"Feature","geometry":{"type":"LineString","coordinates":[[-84.3588958724148,37.351557026348],[-84.3577650003716,37.3521570001445],[-84.3546439997497,37.3565380002883],[-84.3539480003389,37.3570530002675],[-84.3529340000125,37.3565269996568],[-84.3526529998051,37.3564939998947]]},"properties":{"VOLTAGE":69,"VOLT_CLASS":"UNDER 100","OWNER":"NOT AVAILABLE","STATUS":"IN SERVICE","TYPE":"AC; OVERHEAD","ID":"110824","SUB_1":"UNKNOWN109495","SUB_2":"UNKNOWN125068","INFERRED":"Y","SOURCEDATE":1432684800000}},{"type":"Feature","geometry":{"type":"LineString","coordinates":[[-83.9770909998168,34.5197789999299],[-83.9855729852559,34.5170234689532],[-83.9902542247791,34.5106282812799],[-83.9931216938784,34.5066982457989],[-83.9980369103971,34.5001248457694],[-84.0020584514301,34.4945695666856],[-84.0059468917824,34.4892881821672],[-84.0101775911563,34.4835205909109],[-84.0142466683392,34.4781287869926],[-84.0163477568218,34.4751741181173],[-84.0196372436618,34.4708398916582],[-84.0213891659767,34.4684492766757]]},"properties":{"VOLTAGE":115,"VOLT_CLASS":"100-161","OWNER":"GEORGIA POWER CO","STATUS":"IN SERVICE","TYPE":"AC; OVERHEAD","ID":"112608","SUB_1":"UNKNOWN110444","SUB_2":"TAP155196","INFERRED":"Y","SOURCEDATE":1400630400000}},{"type":"Feature","geometry":{"type":"LineString","coordinates":[[-95.5494042651757,35.8153886497039],[-95.5498932325579,35.8157223679116],[-95.5514974439922,35.817652582787],[-95.5535798286524,35.8201928657647],[-95.5554511990523,35.8224801726572],[-95.5573088252283,35.8247524821815],[-95.5592433471926,35.8271145313058],[-95.5612488360644,35.8295742506948],[-95.563085980652,35.8318065919886],[-95.5653858474424,35.8346148640274],[-95.5673491145975,35.8370288352383],[-95.5694667141151,35.839602068641],[-95.5716311149607,35.8422546670509],[-95.5736318427614,35.8447101312882],[-95.5755250422227,35.8470291339017],[-95.5773482629234,35.8492457659554],[-95.5789889459583,35.8512728793232],[-95.5810177011959,35.8537584252979],[-95.5830372037862,35.8561945298652],[-95.5852389754459,35.8588845768359],[-95.5872686281005,35.8613868472274],[-95.5893095105945,35.8638548952027],[-95.5913885705897,35.8664176502881],[-95.593506619265,35.8689700568391],[-95.5955613358143,35.8715417449618],[-95.5975783231217,35.8739890951641],[-95.5997113727639,35.8765874787273],[-95.6018759532725,35.8792077600147],[-95.6040262505681,35.881825043268],[-95.6061532805995,35.8844307390904],[-95.6078921503933,35.8865251471966],[-95.6098788635774,35.8889565329078],[-95.6118562360791,35.8914068382872],[-95.6138803200772,35.8938607792571],[-95.6159091651464,35.8963336373079],[-95.6179612765815,35.8988480423417],[-95.6202097597376,35.901589541258],[-95.6225142977675,35.9043877740587],[-95.6245244578788,35.9068640868153],[-95.6264457746085,35.9091963332288],[-95.6284650984339,35.9116611447581],[-95.6307323545829,35.9138153643104],[-95.6332171853886,35.9159375868086],[-95.6360232528416,35.9183335847007],[-95.6378526719177,35.9198922478187],[-95.640172750802,35.9218715767449],[-95.6423261023696,35.9237311906796],[-95.6445558107363,35.9256292430455],[-95.6473905344469,35.9280249480721],[-95.649543975846,35.9298728516781],[-95.6520879148991,35.9320447596897],[-95.6550227109323,35.9345482833549],[-95.6573190742931,35.9365116796993],[-95.6595534538992,35.9384056432042],[-95.6616925222538,35.940237885356],[-95.6640698238217,35.9422435432369],[-95.6664241294167,35.9442611486474],[-95.6686452130583,35.946165833717],[-95.6716944535604,35.9487483230607],[-95.675001063188,35.9514369712033],[-95.6775403310017,35.9535593467445],[-95.6801380791403,35.9556778847575],[-95.6829930149447,35.9579928399507],[-95.6849109180763,35.959568825855],[-95.6869842297521,35.9612902749363],[-95.6880912236767,35.964335929963],[-95.6891351558684,35.9672322761449],[-95.6902033425727,35.9701677762868],[-95.6912958736213,35.9731659793404],[-95.6924029573774,35.9762741312689],[-95.6933363069576,35.9788057668871],[-95.6943853604447,35.9817089241166],[-95.6953701825924,35.9844198561973],[-95.6966715719445,35.9880235783185],[-95.6974781692381,35.9902657717413],[-95.6984728737522,35.9930043930067],[-95.6995961271835,35.9960911242632],[-95.7008381378953,35.9995141497132],[-95.702104942109,36.003077139826],[-95.7030996466231,36.0057392301426],[-95.7030897651549,36.0080850536964],[-95.7031039594348,36.0105791912333],[-95.7031053060094,36.0108149896447],[-95.7033424612444,36.0117936393606]]},"properties":{"VOLTAGE":345,"VOLT_CLASS":"345","OWNER":"PUBLIC SERVICE CO OF OKLAHOMA","STATUS":"IN SERVICE","TYPE":"AC; OVERHEAD","ID":"116139","SUB_1":"ONETA","SUB_2":"CLARKSVILLE","INFERRED":"N","SOURCEDATE":1412640000000}},{"type":"Feature","geometry":{"type":"LineString","coordinates":[[-83.7801895341004,31.1815873026183],[-83.7805505876743,31.1814896508093],[-83.7805389230503,31.1798080413746],[-83.7805329806947,31.1756495210686],[-83.7805626906761,31.1749784468195],[-83.7806637053315,31.1736667890483],[-83.7844903487788,31.1737938878299],[-83.7847280277316,31.1713993048688],[-83.7847102015631,31.1706671909188],[-83.7835515140855,31.1656134179256],[-83.7823749986427,31.1597051428046],[-83.7833019504214,31.1598170067497]]},"properties":{"VOLTAGE":115,"VOLT_CLASS":"100-161","OWNER":"GEORGIA POWER CO","STATUS":"IN SERVICE","TYPE":"AC; OVERHEAD","ID":"117519","SUB_1":"UNKNOWN116718","SUB_2":"TAP142756","INFERRED":"Y","SOURCEDATE":1409270400000}},{"type":"Feature","geometry":{"type":"LineString","coordinates":[[-85.9029127977094,37.384404692203],[-85.9028229024007,37.3848539353468],[-85.902674567191,37.3849660849337],[-85.8983196649494,37.3860748129859],[-85.8976689891379,37.3892273837081],[-85.8972406858852,37.3914117286841],[-85.8966410622297,37.3940767246833],[-85.8960509562246,37.3970843638756],[-85.8953609117458,37.4004965110036],[-85.8947327342407,37.4035564978227],[-85.8941616626382,37.4064023327975],[-85.8935525213322,37.4093195527467],[-85.8929338623758,37.4124128522379],[-85.8924484523221,37.4148732153344],[-85.8917346132681,37.4181330759838],[-85.8914776313165,37.4196464129415],[-85.891201614064,37.4223304448506],[-85.890973185962,37.4253571197143],[-85.8907637931608,37.4281172950618],[-85.8906019904085,37.4303635062367],[-85.8903640437577,37.4335091527754],[-85.8901832048061,37.4361075251374],[-85.8898242290355,37.4400612686913],[-85.8898936885699,37.442055599852],[-85.8907502950753,37.4484230381641],[-85.8909930001022,37.4550474569357],[-85.8902509997623,37.462878999937],[-85.892496999975,37.469391000081],[-85.8923197623695,37.4727933818038],[-85.8922059997219,37.4739519996613],[-85.8872310003211,37.4826860000187],[-85.8864820003085,37.4908820002393],[-85.8922877850403,37.5058959148372],[-85.8966970003224,37.5200170001828],[-85.8998749999474,37.5223799996612],[-85.9064529998537,37.5303430000663],[-85.9069199998339,37.5315809998],[-85.9068189995516,37.5323239997843]]},"properties":{"VOLTAGE":69,"VOLT_CLASS":"UNDER 100","OWNER":"KENTUCKY UTILITIES CO","STATUS":"IN SERVICE","TYPE":"AC; OVERHEAD","ID":"119554","SUB_1":"UNKNOWN125487","SUB_2":"TAP155030","INFERRED":"Y","SOURCEDATE":1434326400000}},{"type":"Feature","geometry":{"type":"LineString","coordinates":[[-91.5551232247986,41.3347591199196],[-91.5551111361699,41.3339915137154],[-91.5551494825544,41.3330305413138],[-91.5552319487958,41.3307148368173],[-91.5553101022255,41.3283664698988],[-91.5554187094417,41.3263213858104],[-91.555466409085,41.3243055842042],[-91.5555403404328,41.3219992851392],[-91.5563265459695,41.3199735671815],[-91.5572039314058,41.3177650802772],[-91.5579205166096,41.3159316561283],[-91.5585590391136,41.314225366837],[-91.5593278173337,41.3123135727938],[-91.560022843869,41.3105028711384],[-91.5610131466383,41.3080460789326],[-91.5617081731736,41.3062515877423],[-91.5626941640295,41.3037717591806],[-91.5635497204044,41.3015920802491],[-91.5645227746218,41.2990794756937],[-91.5655956325656,41.2963122682172],[-91.5661037196903,41.2950949887999],[-91.566768383169,41.293486154789],[-91.5671332788375,41.2915312322136],[-91.5674980846743,41.2897101649062],[-91.5690183036297,41.2881990729932],[-91.5705863129581,41.2866749858931],[-91.5722585268595,41.2850234857209],[-91.5734182518913,41.2838614838874],[-91.5750254277661,41.2822131527759],[-91.5775272358323,41.2797781800805],[-91.5776061357621,41.2796971972818],[-91.5785480813212,41.2787303780392],[-91.5805720745896,41.2767685309052],[-91.582908952868,41.2744344912809],[-91.5847158242305,41.2726716853112],[-91.5857408019696,41.2713658547416],[-91.5872350596132,41.2695638739476],[-91.5886858387971,41.2677747391664],[-91.5901756048643,41.2659529420351],[-91.5916915119062,41.264065866234],[-91.5936070794181,41.2617248891981],[-91.595096844587,41.259847482206],[-91.5966084406139,41.258038564173],[-91.5979851986183,41.2562850408568],[-91.5994838580068,41.2544009941938],[-91.6011106000868,41.2525315492443],[-91.602394863058,41.2508935349838],[-91.6026676670368,41.2492054361017],[-91.6030064217304,41.2471807659333],[-91.603340865409,41.245133068086],[-91.6037013584342,41.2432094562961],[-91.6040271773878,41.2413608322336],[-91.6042964015801,41.2396657652024],[-91.6047221140916,41.2372160323363],[-91.6049610659571,41.2358932813137],[-91.605343209279,41.2336426288136],[-91.6057515834072,41.2312679321995],[-91.6062553586185,41.2283279317559],[-91.6065681520004,41.2265638819491],[-91.6071805344279,41.2230127337377],[-91.607475899595,41.2212518520747],[-91.6080058157811,41.2183865422646],[-91.6079797646379,41.2165895863025],[-91.6079710509796,41.2148022442404],[-91.6079710509796,41.2123092759549],[-91.6079623373214,41.209950090062],[-91.6079493117498,41.2076136620584],[-91.6079449998364,41.2054111717997],[-91.6079276623514,41.2033098530539],[-91.6079363760097,41.2010189460675],[-91.6079363760097,41.1984632678145],[-91.6079189486932,41.1968716556769],[-91.6079276623514,41.1936588443049],[-91.6079189486932,41.1915604599031],[-91.6079146367798,41.1888180342139],[-91.6079232606065,41.187016954226],[-91.6078928077184,41.1850197660933],[-91.6079102350349,41.1828458568122],[-91.6078928077184,41.1803483588166],[-91.6078842737232,41.1778212867845],[-91.6078798719783,41.175356188115],[-91.6079015213766,41.1730741751252],[-91.6078798719783,41.1703833823111],[-91.6078624446618,41.1682874303115],[-91.6078798719783,41.1664792929949],[-91.6078711583201,41.1650405513351],[-91.6079015213766,41.1631995922012],[-91.607614958801,41.1611656313289],[-91.6073325275774,41.1584186857479],[-91.6071067818448,41.1566135909341],[-91.6068982828673,41.1547494660414],[-91.6067244588599,41.1532123912421],[-91.6065637502555,41.1519171609016],[-91.6062076580769,41.1487348821606],[-91.6062640722768,41.1468247372625],[-91.6063335120482,41.14470523521],[-91.6064117553095,41.1425726758795],[-91.6064638575959,41.1404464741452],[-91.6065203616273,41.1383496330682],[-91.6065768656587,41.1362625351294],[-91.6066506173435,41.1342048698881],[-91.60670271963,41.1321405770233],[-91.6067548219165,41.1302332642419],[-91.6067938986313,41.1281916487339],[-91.6068895692091,41.1261795407565],[-91.6069242441791,41.1241804318395],[-91.6069677226388,41.1221289517299],[-91.6070372522418,41.1201460279315],[-91.6071067818448,41.1183398788319],[-91.6071371449014,41.1162292688168],[-91.6072239221578,41.1139778870871],[-91.6072804261892,41.1119423322955],[-91.6073542677056,41.1098609589464],[-91.6074107717369,41.107475136846],[-91.6075323137949,41.1051285550639],[-91.6074976388249,41.102618279678],[-91.6074845234218,41.1000259333181],[-91.6075063515848,41.0974827662391],[-91.6075150661414,41.0951684581977],[-91.6074889251666,41.0927428349148],[-91.6074976388249,41.090241836156],[-91.6075019507383,41.0868994849725],[-91.6075280018815,41.0848532722566],[-91.6075323137949,41.0826793602589],[-91.6075236001366,41.0799913572258],[-91.6075280018815,41.077804282134],[-91.6075236001366,41.0759182787426],[-91.6075193780548,41.073115348234],[-91.6075367164381,41.0710819801622],[-91.6075280018815,41.0687405322597],[-91.6075410265548,41.066124090941],[-91.6075584547696,41.0640379482465],[-91.6075367164381,41.061067546125],[-91.607545429198,41.059233490768],[-91.6075844160814,41.0565838857683],[-91.6075584547696,41.0544548309034],[-91.6075714803413,41.0519065806953],[-91.607562766683,41.04970204075],[-91.6075844160814,41.0478971393089],[-91.6075844160814,41.0462199627031],[-91.6075931297396,41.0440939600051],[-91.6075931297396,41.0417647632311],[-91.6075497411114,41.0390062481826],[-91.6083446603063,41.0372272752049],[-91.6095781370229,41.0343146833356],[-91.6103252658447,41.0325388362],[-91.611641297736,41.0294555361548],[-91.6122537690967,41.0280039636951],[-91.6128400985843,41.0266638397969],[-91.6135568652478,41.0249893751086],[-91.6146643981616,41.022394032676],[-91.6153203479821,41.0207817463357],[-91.6161629677186,41.0188285671109],[-91.6166581191032,41.0177044702646],[-91.6177744564051,41.0150171327658],[-91.6185301183238,41.0132014523265],[-91.6195769251243,41.0108514362571],[-91.6206107063533,41.0083571518728],[-91.6218877513612,41.0053219367674],[-91.6230995786795,41.0025062352278],[-91.6239335745893,41.000568989289],[-91.6251931024491,40.997598977316],[-91.6258620778412,40.9959762523329],[-91.6269652988416,40.9934256697962],[-91.6279034993244,40.9911700807442],[-91.6290285493862,40.9885635737173],[-91.6300926038403,40.9860356937151],[-91.6308614718919,40.9842945541986],[-91.6312741579335,40.982907561683],[-91.6322079566713,40.9799826670283],[-91.6329376581766,40.9777266859338],[-91.6338585211743,40.9747720580005],[-91.6344474369117,40.9729500361349],[-91.6348792768317,40.9716139559815],[-91.6352788465718,40.9704398791226],[-91.6358999426575,40.9684720502895],[-91.6369337238865,40.9652546318296],[-91.6375374815889,40.963322736285],[-91.6381890296645,40.961272746687],[-91.638857915225,40.9593473827556],[-91.6388361759952,40.9572054832942],[-91.638857915225,40.9552405827476],[-91.6388492015668,40.9519371702075],[-91.6388839663683,40.949361952316],[-91.6388926800265,40.9473935608024],[-91.6388970817714,40.9439749462474],[-91.6389143294249,40.9420227488849],[-91.638927444828,40.9394668912866],[-91.638927444828,40.9374522642947],[-91.6389534061398,40.934597492754],[-91.638944782313,40.9324087771087],[-91.638962119798,40.9309124456704],[-91.6389795471145,40.9272796577087],[-91.6389882607728,40.9258225777975],[-91.6389795471145,40.9239256371533],[-91.6390099101711,40.9207257330028],[-91.6390055084262,40.9194096303107],[-91.6390142220845,40.9174633587007],[-91.6390359613144,40.9149195847194],[-91.639031649401,40.9128976921425],[-91.6390359613144,40.9107738373032],[-91.6390273365893,40.9088830501224],[-91.638996974431,40.9063192570298],[-91.6389882607728,40.9037619497323],[-91.6389751453696,40.901148733209],[-91.6389534061398,40.8986207628691],[-91.6389404703996,40.8963389820676],[-91.638944782313,40.8940931797288],[-91.638927444828,40.891653561156],[-91.6388970817714,40.8897622952228],[-91.6388839663683,40.8872699519932],[-91.6388883681132,40.8849549767984],[-91.6388839663683,40.8827416613236],[-91.6388709407967,40.8807745459637],[-91.63887525271,40.8787350366773],[-91.6388361759952,40.8768039381139],[-91.6388188394085,40.8747151278205],[-91.6388144367653,40.8724982773225],[-91.6388101248519,40.8705176798619],[-91.6388014111937,40.8688524302452],[-91.6388101248519,40.8666516861771],[-91.6387926984337,40.8653640577389],[-91.6387884745553,40.8630679509736],[-91.6387926984337,40.8607980572716],[-91.6387580225655,40.8586134868124],[-91.6387276604072,40.8569084632553],[-91.6393356392932,40.8548387302891],[-91.639943708909,40.8526539639761],[-91.6407039531339,40.8500124308077],[-91.6412598306317,40.848067379685],[-91.6417289308731,40.8464343869003],[-91.643162372572,40.8413183760906],[-91.6439137225773,40.8386894398192],[-91.6444697806365,40.8368360800477],[-91.6444891842466,40.8355062777767],[-91.6444045629468,40.8331620343042],[-91.6444797519361,40.8314581889557],[-91.6443872245635,40.8288961536861],[-91.6443437470021,40.8264147750774],[-91.6443370096375,40.8238016297143],[-91.6443406028986,40.8219566917758],[-91.6443155399022,40.8197114940406],[-91.6442543646314,40.8171532893167],[-91.6442322660753,40.8148140392292],[-91.6442540053052,40.8122953501162],[-91.6441974114423,40.8101193808761],[-91.6442017233557,40.8076894513061],[-91.6441799841258,40.8054935427144],[-91.6441886977841,40.8030271316611],[-91.6441625568093,40.8005079278063],[-91.6441451285945,40.7986646541668],[-91.6441146766047,40.7960793869195],[-91.6441146766047,40.7934708280253],[-91.6441146766047,40.7910765381724],[-91.6440885356299,40.7887976489999],[-91.644084133885,40.7864494407833],[-91.6440493690835,40.7840713588669],[-91.6440318519355,40.7817988272952],[-91.643997087134,40.7794767652332],[-91.6440013990473,40.7771809478285],[-91.6439839717308,40.7747894720278],[-91.6439447153529,40.7725759451766],[-91.6439055488065,40.7703656781654],[-91.6442627189635,40.7683961798064],[-91.6447201411062,40.7658360637647],[-91.6451165676411,40.7634539779752],[-91.6454868532012,40.761378674333],[-91.6458352198683,40.7594287776734],[-91.6461532225806,40.7576073631248],[-91.6465104825691,40.7557397619047],[-91.6465061715541,40.7535520717906],[-91.6464843415943,40.7513411720657],[-91.646523509039,40.7490872566669],[-91.6465714790752,40.7468828780109],[-91.6465670773303,40.744444031823],[-91.6465975302184,40.7421041942077],[-91.6466280729381,40.7398565672228],[-91.6466585258262,40.7370279880408],[-91.6466847566325,40.7351862867218],[-91.6466847566325,40.7330077913356],[-91.6467326368372,40.7306244612107],[-91.6467239231789,40.7282543871495],[-91.6467805170418,40.7257983830732],[-91.646828487078,40.7231243623356],[-91.6468545382212,40.7205129389941],[-91.6468502263079,40.717762857921],[-91.6469199355739,40.7157653830404],[-91.6469112219157,40.7127772626677],[-91.646915533829,40.7106310590422],[-91.6469809311817,40.7081644633405],[-91.6470157858147,40.7059454488425],[-91.6470268853984,40.7044485438211],[-91.6470288113863,40.7041887622585],[-91.6470200977281,40.7019728848848],[-91.6470549523611,40.7000178420598],[-91.6470985206524,40.6977160803275],[-91.6471072343107,40.6966757416629],[-91.6471203497138,40.6947931483384],[-91.6471595162602,40.6928511772555],[-91.6471943708932,40.6908100427597],[-91.6471856572349,40.6888777642513],[-91.6472161101231,40.687094129148],[-91.6472117083782,40.6850990722082],[-91.6472292264245,40.6829849469385],[-91.6472596784144,40.6810327530945],[-91.6472814176442,40.6791530559587],[-91.6472945330474,40.6775706821137],[-91.6472115287151,40.6752218841985],[-91.6472504257669,40.6732238828889],[-91.6473642423134,40.6708806551016],[-91.6474295498346,40.6691262463382],[-91.6474557806409,40.6658321338571],[-91.6474470669826,40.6640280536905],[-91.6475036608455,40.6611863717406],[-91.6475209983305,40.6582123642193],[-91.6475689683667,40.6560908433199],[-91.6475776820249,40.6537775447753],[-91.64738166963,40.6516161512359],[-91.6471943708932,40.6491837649204],[-91.6469939567533,40.6470057950147],[-91.646828487078,40.6448243459914],[-91.646649812168,40.6426198547398],[-91.6463972059101,40.6395987341713],[-91.6462273335915,40.6376881478749],[-91.6459833520587,40.634970982943],[-91.6458701643329,40.6332916421464],[-91.6456828655961,40.6310172317193],[-91.6454650241398,40.6286568412178],[-91.6452907509746,40.6265045862902],[-91.645046858375,40.6241208537662],[-91.6452559861731,40.6219089292926],[-91.6455172162578,40.6191514367726],[-91.6457176303976,40.6168269711354],[-91.6458788779912,40.6142841433051],[-91.6460530613247,40.6125911877513],[-91.646292642011,40.6097770498774],[-91.6464451759463,40.6080805722624],[-91.6466455002546,40.6056035649989],[-91.6468415126496,40.6031297396891],[-91.6469591021203,40.6018498930328],[-91.6470811831674,40.6001531453036],[-91.6472596784144,40.598443259236],[-91.6472335374396,40.5963992347804],[-91.6472553673993,40.5938853697012],[-91.6472553673993,40.5908157948166],[-91.6472553673993,40.5891552627621],[-91.6472771057309,40.5859398882974],[-91.6473061213145,40.5833620450591],[-91.6473102535649,40.5810526412399],[-91.6473183384024,40.5784891423045],[-91.6473428624097,40.5762538728705],[-91.6473468149969,40.573736658301],[-91.6473631643351,40.569680543117],[-91.6473794238417,40.5681384277132],[-91.6473754712545,40.5658966707635],[-91.6473672067539,40.564035569212],[-91.6474080800993,40.5619019803089],[-91.6474284718563,40.5585108500838],[-91.6474202073556,40.5548471526961],[-91.6474732079574,40.5520596611654],[-91.6474732079574,40.5510406693382],[-91.6482751834189,40.5477511998657],[-91.649670306581,40.5419929412515],[-91.6501921388278,40.5400754667863],[-91.6503717210363,40.5388708542342],[-91.6506282708983,40.5366090900495],[-91.6508117068793,40.533972679865],[-91.6510277517051,40.5309457597082],[-91.6512193623552,40.5285446908803],[-91.6514353173495,40.5258862496987],[-91.6516718437639,40.5228744650054],[-91.6518185386497,40.5208324352866],[-91.6520916255978,40.5172751916892],[-91.6522384112135,40.5154994698383],[-91.6524544560394,40.51274455622],[-91.6525971094048,40.5107022862377],[-91.6527071521288,40.5093540787325],[-91.6528580690965,40.5072528307012],[-91.6530210225907,40.5052041778866],[-91.6531392417804,40.5036172717954],[-91.6533063284233,40.5014103781133],[-91.6534184381708,40.4997144313122],[-91.6536138217451,40.4975648566799],[-91.6537653684318,40.4952241432145],[-91.6540125838997,40.4923467939402],[-91.65414014467,40.4905638528016],[-91.6542318626605,40.4887869461244],[-91.6544750366079,40.4862276358808],[-91.6545867870293,40.4847144808029],[-91.6547103053808,40.4824673360981],[-91.6549973171141,40.4802989672842],[-91.6552565709051,40.4781336702743],[-91.6554957024338,40.4759560732042],[-91.6557429187999,40.473681368195],[-91.6560220253587,40.4713368818008],[-91.6562533424427,40.4691256461128],[-91.6565483482837,40.4667263282136],[-91.6568473076102,40.4641237340112],[-91.6570666762026,40.4621337730468],[-91.6572979025568,40.4600285849722],[-91.6577085215748,40.4564214319937],[-91.6579358860715,40.4546315911935],[-91.658119232221,40.4529204479039],[-91.658462119165,40.4500108647472],[-91.6587452681425,40.4474925298076],[-91.6589366092981,40.445687137023],[-91.6592037682636,40.4433416741793],[-91.6595824979873,40.4404103458555],[-91.6595466552075,40.4379281609544],[-91.6595785454001,40.4358463497436],[-91.6596064830054,40.4333184577507],[-91.6595864505746,40.4322319512242],[-91.6596024405866,40.430917861087],[-91.6596423257853,40.4278434827593],[-91.659646368204,40.4261892377992],[-91.6596702633906,40.4239038897678],[-91.6596981111644,40.4219551382441],[-91.6597021535832,40.4196057699184],[-91.6597180537637,40.4185099437583],[-91.6597180537637,40.4166704658826],[-91.6597323369767,40.413446470319],[-91.6597713238601,40.4111273777872],[-91.6597674611043,40.4092477520541],[-91.6597986326447,40.4071275689488],[-91.6598142633306,40.4043390666895],[-91.659845434871,40.4021384857621],[-91.6598649283127,40.3988894402667],[-91.6598766064113,40.3968461689196],[-91.6599507174223,40.3948294498446],[-91.6594554762062,40.3927325527963],[-91.6588236012353,40.3898484867097],[-91.658320635406,40.3874869820778],[-91.6577200209088,40.3846056336582],[-91.6572949381163,40.3827074747944],[-91.6567684364266,40.3802150872497],[-91.6562068986442,40.3775591877585],[-91.6557155201838,40.3754081689927],[-91.6553762273993,40.3736998702324],[-91.6546274807117,40.3702236660527],[-91.6541204715653,40.3679179380312],[-91.6535082696992,40.3650238430864],[-91.6530870496625,40.3629676350918],[-91.652595671202,40.3607389389714],[-91.6522641030307,40.3591432807657],[-91.6518468355812,40.3572026492544],[-91.6513204228247,40.354747994671],[-91.6508641675936,40.352637938918],[-91.6502986790205,40.3500076530428],[-91.6498189786588,40.347659676315],[-91.6492847505594,40.3451570912892],[-91.64878942041,40.342791074806],[-91.6482629169237,40.3404012851705],[-91.6477949835939,40.3382520927121],[-91.6473542710138,40.3361028331601],[-91.646765425345,40.3333976732751],[-91.646254553443,40.3310491861782],[-91.6457362264223,40.3284879787044],[-91.6452973086762,40.326393743965],[-91.6446939102999,40.3236625798128],[-91.6444154325618,40.3221279586803],[-91.6439850497092,40.3205193339545],[-91.6433689850873,40.3181321801843],[-91.6428584734097,40.3160955712358],[-91.6420524142069,40.312874843],[-91.6414870145671,40.3105839368319],[-91.6410946295527,40.3090458679892],[-91.6404911422431,40.3066196718061],[-91.6401999982595,40.3053549901136],[-91.6396388207015,40.3031731677458],[-91.6391915504199,40.3013646583238],[-91.6386218379684,40.2990668530396],[-91.6379339979553,40.2963055329741],[-91.6372505596872,40.2936149478493],[-91.6367188468705,40.2914488492941],[-91.6361702457265,40.2892054556904],[-91.6356723095645,40.2873514832941],[-91.6351153540884,40.2850950713382],[-91.6345836412717,40.2829447348072],[-91.6341321480099,40.2810197297681],[-91.6336553222571,40.2793490627155],[-91.6337482080574,40.2775656839087],[-91.633874780681,40.2750223927871],[-91.6339887768905,40.2728073782505],[-91.6340688167824,40.2710430869349],[-91.6341406820051,40.2691177416654],[-91.6342334779739,40.2670925407943],[-91.6343262739428,40.2649352581782],[-91.6344149376613,40.262507478179],[-91.6345246219575,40.2600538347606],[-91.63462586209,40.257825441765],[-91.6347356362177,40.2556163782822],[-91.6348410086006,40.2534651728582],[-91.6349254502373,40.2514105706864],[-91.635047800779,40.2480128809297],[-91.6351702411522,40.2452107349803],[-91.635294478156,40.2427753902612],[-91.635370475629,40.2404627698079],[-91.635506121237,40.2375431860807],[-91.6355927188303,40.2352966332286],[-91.6356959352565,40.2327728748006],[-91.6357950194323,40.2305892598407],[-91.6358940137766,40.2282479670914],[-91.6359972302028,40.2260516542096],[-91.6360921821283,40.2238205641623],[-91.6361953087229,40.2215578487141],[-91.6362861283982,40.2191973812565],[-91.6363893448243,40.2172181538521],[-91.6364842069183,40.2145045286669],[-91.6366163490966,40.212222636927],[-91.6367236079415,40.2093733892523],[-91.6367897239464,40.2078162782263],[-91.6368681468707,40.2057862921989],[-91.6369713632969,40.2038129858185],[-91.6370372996387,40.2022935522199],[-91.6371033258121,40.2005629631839],[-91.6371983675692,40.1978360459354],[-91.6372354679904,40.1964300382278],[-91.6373097586644,40.1943619716704],[-91.6373716525875,40.192558579742],[-91.6374335474089,40.1903799819719],[-91.6375119694349,40.188012045786],[-91.6375862601088,40.1853351338939],[-91.6376440217816,40.1833802427577],[-91.6377018732859,40.1814441690185],[-91.6377926031296,40.1790917746881],[-91.6378421003018,40.1766194607374],[-91.6379288775582,40.1748187551282],[-91.6379990359819,40.1724093657996],[-91.638081501325,40.1697034877629],[-91.6381888500014,40.1667828457405],[-91.6382507439245,40.1644142918707],[-91.6383291668488,40.1620864342535],[-91.6383580027694,40.1602791642644],[-91.6384406477756,40.158096371085],[-91.6385273352005,40.1542068653399],[-91.638568567872,40.1522825929658],[-91.6386482484377,40.1502239607646],[-91.6386926252128,40.1483324661901],[-91.638761346332,40.1466753481381],[-91.6387936856822,40.1448639598679],[-91.638846056565,40.1423920473201],[-91.6389066039135,40.1403983542809],[-91.6389793665531,40.1379263472412],[-91.6390560835767,40.1353029519346],[-91.6390802482579,40.1329263632564],[-91.6388581847196,40.1303923380809],[-91.6386119573986,40.128015645678],[-91.6384141465764,40.1259320319762],[-91.6382203808679,40.1240614296682],[-91.6380265244296,40.1218851660808],[-91.6378206305665,40.1198847583225],[-91.6376228224392,40.1179830757896],[-91.6374291447656,40.1161461921518],[-91.6371828267147,40.1135527339427],[-91.6368962641391,40.1107679761406],[-91.6367185773759,40.1087548737023],[-91.6365651451254,40.1066243609733],[-91.6365167259316,40.1046482403413],[-91.6364965138377,40.1025021382129],[-91.6365098987354,40.1000045649339],[-91.6365035206969,40.0975313637571],[-91.6365075631157,40.0954684622984],[-91.6365116064328,40.0936741937183],[-91.6365196014388,40.0912158821948],[-91.6365317277968,40.0889365786881],[-91.6365478965736,40.0870711448925],[-91.6365478965736,40.0850944556803],[-91.6365358600471,40.0827655299787],[-91.636556072141,40.0806002476628],[-91.6365600247283,40.0780364350758],[-91.6365681095658,40.0763838577892],[-91.636564067147,40.0744932649629],[-91.6365761045719,40.0719076373241],[-91.6365963166658,40.0696493419402],[-91.6365883216597,40.0668503439797],[-91.6366084439221,40.0649934480309],[-91.636612845667,40.0627057726958],[-91.6365772723817,40.0604754308098],[-91.636549604271,40.0585140591142],[-91.6365456516837,40.0561143659074],[-91.6365140309857,40.0541013657951],[-91.636494357881,40.0522576692287],[-91.6364746847763,40.0504713401066],[-91.6364390216595,40.0477267740277],[-91.6364311155867,40.0457861467355],[-91.6364074009615,40.043914990689],[-91.6363798226823,40.0422644747387],[-91.636360059746,40.0396676522404],[-91.6363403866413,40.0384795539464],[-91.6363087659433,40.0362363829846],[-91.6362890030071,40.0336907777266],[-91.6362613348963,40.0313203376976],[-91.6362258514426,40.0280791876911],[-91.6362021359191,40.0257690883309],[-91.6362021359191,40.0244235621962],[-91.6361587472908,40.0215357521163],[-91.6361508421164,40.0191196909421],[-91.6361152688311,40.0181065302686],[-91.6360915533076,40.0157447670723],[-91.6360797853774,40.0135854740064],[-91.6360323543304,40.0100984687913],[-91.6360244491559,40.008326035037],[-91.6359968708767,40.0064508931424],[-91.6359770181089,40.0039192460214],[-91.6359612077599,40.0015236868897],[-91.6359336285824,39.9999356607286],[-91.6358902408524,39.9984655512638],[-91.6358941036082,39.996127263861],[-91.6358388572182,39.9937586852553],[-91.6358309520437,39.9921038579785],[-91.6358349046309,39.9903159532766],[-91.6350688213566,39.9891118551952],[-91.6338329191887,39.9870878608409],[-91.633051115397,39.9857536867479],[-91.6317243037223,39.9836055587134],[-91.6302357045667,39.9811335696778],[-91.6291932105778,39.9793726368021],[-91.6279546125657,39.9773584737487],[-91.626452630309,39.9749232272845],[-91.625994309851,39.9726011380626],[-91.6255288028708,39.970560270264],[-91.6247194207998,39.9668225952505],[-91.6241689331937,39.9642913367729],[-91.6239382458288,39.9631653402939],[-91.6234323146607,39.9609380778772],[-91.6228333180293,39.95814295024],[-91.6224043715828,39.9561915801198],[-91.6221170014217,39.9548265730917],[-91.6215666036472,39.9523879752801],[-91.6210485452228,39.9499462590687],[-91.6205547413111,39.9476346853063],[-91.6203079741026,39.9466480796924],[-91.619688676444,39.9437592529964],[-91.6193770499736,39.9422605907995],[-91.6190249103823,39.9407245657296],[-91.6186606444329,39.9393094526613],[-91.6187578412483,39.9370069558362],[-91.6187739210919,39.9349339612288],[-91.6188144351112,39.9326715440372],[-91.6188427320426,39.9302849907052],[-91.6188954631498,39.9277027821223],[-91.6189399297564,39.9258436831871],[-91.6189763124237,39.922947846764],[-91.619016826443,39.9210513468253],[-91.61906533457,39.9181180342311],[-91.619093721333,39.9160910429204],[-91.6191422303584,39.9137938277215],[-91.6191706171213,39.9113134592203],[-91.6192151735594,39.9088827487866],[-91.6192353856533,39.9065822612069],[-91.6192920693478,39.904191629232],[-91.6193122814417,39.901797880254],[-91.6193406682046,39.8994971540837],[-91.6193851348112,39.8972615467872],[-91.6194377760868,39.8946998733175],[-91.6194741578559,39.8923150278003],[-91.6195227567127,39.8894084686645],[-91.6195551858945,39.8877408469215],[-91.6195880642339,39.88556303389],[-91.6196038745829,39.883606837676],[-91.6196632532232,39.8814378547834],[-91.6184044440155,39.8792172387865],[-91.6175730532201,39.8777134411638],[-91.6164686644098,39.8757144850148],[-91.6153047172961,39.8735755870498],[-91.6142913278241,39.8717526618008],[-91.6131155229487,39.8696714867882],[-91.612145701768,39.8678940330485],[-91.6104870524274,39.8648707390775],[-91.6095487621131,39.8631509433107],[-91.6086422721599,39.8615222620815],[-91.6075140779946,39.8594862872258],[-91.60641355194,39.8574593537809],[-91.6052140324395,39.8553442296866],[-91.6039036590362,39.8529161569189],[-91.6027517493474,39.8509255822404],[-91.6016749388163,39.8488892923235],[-91.6007525486826,39.8472267538647],[-91.5994343608346,39.8448803308852],[-91.5989513367064,39.8427709577756],[-91.5984169289439,39.8405095672025],[-91.5978310477156,39.8381295287286],[-91.5973209842972,39.8360235358828],[-91.5970240012643,39.834932264937]]},"properties":{"VOLTAGE":345,"VOLT_CLASS":"345","OWNER":"NOT AVAILABLE","STATUS":"IN SERVICE","TYPE":"AC; OVERHEAD","ID":"126581","SUB_1":"TAP140530","SUB_2":"SUB T","INFERRED":"N","SOURCEDATE":1438300800000}},{"type":"Feature","geometry":{"type":"LineString","coordinates":[[-84.2179064231444,30.9049861160517],[-84.2182223624265,30.9048693346716],[-84.2207607822305,30.9049019653669],[-84.2208130713665,30.9041677986249],[-84.2195248468249,30.9024016988966],[-84.2189021256868,30.9014880460451],[-84.2179419003099,30.9008272732045],[-84.2172241077703,30.9003051777914],[-84.2166726913063,30.8997545277843],[-84.2161688100937,30.899191637083],[-84.2162068375763,30.8986287438431],[-84.2162401129711,30.8963934518871],[-84.2157932756774,30.8958631752013],[-84.215750493412,30.8921960219172],[-84.2157219719017,30.8900829598493],[-84.215840810929,30.8890304913262],[-84.2169388917693,30.8889162691507],[-84.2169293848987,30.8877454838056],[-84.2167249804423,30.8865175719996],[-84.2163161706312,30.8844451796147],[-84.2161022593042,30.8834456840794],[-84.2136921871948,30.8834089677654],[-84.2137539832015,30.8804634517162],[-84.2137254616912,30.8792272872846],[-84.2138252869771,30.8785092439151],[-84.2139774022975,30.8778442332024],[-84.2112108104113,30.8772975333825],[-84.2111537673908,30.8775749626226],[-84.2108875660293,30.8775096849092]]},"properties":{"VOLTAGE":-999999,"VOLT_CLASS":"100-161","OWNER":"GEORGIA POWER CO","STATUS":"IN SERVICE","TYPE":"OVERHEAD","ID":"130306","SUB_1":"UNKNOWN111599","SUB_2":"UNKNOWN116698","INFERRED":"Y","SOURCEDATE":1409184000000}},{"type":"Feature","geometry":{"type":"LineString","coordinates":[[-83.8310785137357,35.026588297653],[-83.8306000000485,35.0262250003154],[-83.8299969996258,35.0254080002279],[-83.829553999935,35.0248300003649],[-83.8290939996275,35.0241979997856],[-83.827994399736,35.0244513211403],[-83.8279250030837,35.0248394959208],[-83.8271857884195,35.0257866411825],[-83.8257323250696,35.0277438270641],[-83.8237060150461,35.0303515189443],[-83.8235562766681,35.0302931319632],[-83.8234065391883,35.0302211211731],[-83.8231118163166,35.0299661633625]]},"properties":{"VOLTAGE":161,"VOLT_CLASS":"100-161","OWNER":"DUKE ENERGY CAROLINAS, LLC","STATUS":"NOT AVAILABLE","TYPE":"OVERHEAD","ID":"130347","SUB_1":"HAYESVILLE","SUB_2":"NOT AVAILABLE","INFERRED":"Y","SOURCEDATE":1398297600000}},{"type":"Feature","geometry":{"type":"LineString","coordinates":[[-81.6296530000753,41.2437439998322],[-81.6294880002189,41.2431550000625],[-81.6292398747576,41.2390470802067],[-81.6288532120115,41.2336932922856],[-81.6287580337106,41.2324381270665],[-81.6316193358755,41.2282502747041],[-81.6281750657187,41.2242111397231],[-81.6278121984462,41.2192083231771],[-81.6276753787403,41.2174832140175],[-81.6272232818106,41.2116178432673],[-81.6270924107484,41.2097499662276],[-81.6269912838036,41.2059785196714],[-81.6269555919408,41.2021416390674],[-81.6268247217769,41.1984713207449],[-81.6267116966462,41.1946522860929],[-81.6265510841616,41.1909105827307],[-81.6264023680663,41.187085599955],[-81.6264856490797,41.1832130269616],[-81.626568930093,41.1792869163161],[-81.626634365175,41.1758961850484],[-81.6267771326264,41.1700724540782],[-81.6269139523324,41.166503262062],[-81.6271578458303,41.1614231129617],[-81.6272768187066,41.1596920547054],[-81.6272768187066,41.1579253049063],[-81.6275623554062,41.1556291250538],[-81.62858552304,41.1536779669229],[-81.6284070628274,41.151012970723],[-81.630132173126,41.149466320745],[-81.6301738127343,41.1474913691361],[-81.630132173126,41.1464919951264],[-81.6314130341772,41.1458482676635]]},"properties":{"VOLTAGE":138,"VOLT_CLASS":"100-161","OWNER":"NOT AVAILABLE","STATUS":"IN SERVICE","TYPE":"AC; OVERHEAD","ID":"130380","SUB_1":"TAP137138","SUB_2":"WEST AKRON","INFERRED":"Y","SOURCEDATE":1476403200000}},{"type":"Feature","geometry":{"type":"LineString","coordinates":[[-84.5918999996809,36.998100000272],[-84.5919751590258,36.9985290523435],[-84.5915193053416,36.9994270793407]]},"properties":{"VOLTAGE":161,"VOLT_CLASS":"100-161","OWNER":"EAST KENTUCKY POWER COOP, INC","STATUS":"NOT AVAILABLE","TYPE":"OVERHEAD","ID":"132353","SUB_1":"COOPER","SUB_2":"NOT AVAILABLE","INFERRED":"Y","SOURCEDATE":1439251200000}},{"type":"Feature","geometry":{"type":"LineString","coordinates":[[-81.4103434476688,41.2534708400805],[-81.4095772467151,41.2535751753299],[-81.4094912716542,41.2537687012769],[-81.4102343212264,41.2537679908084],[-81.4127377462601,41.2537870356823],[-81.415020185734,41.2538244507392],[-81.4171521573978,41.2538538277671],[-81.4201494761748,41.2538558538152],[-81.4229807862873,41.2541056657295],[-81.4256419545867,41.2543463588662],[-81.4287777046473,41.2545931291918],[-81.4314785793805,41.2547893831968],[-81.4342228427419,41.2550212937549],[-81.4365518149476,41.2550658666755],[-81.4388899499691,41.255133130188],[-81.4417381484089,41.255192694807],[-81.4443214336714,41.2552614439255],[-81.4467171507027,41.2553281669693],[-81.4490381279022,41.2554019809455],[-81.4515879060047,41.2554791721764],[-81.4537828495699,41.2555388708708],[-81.4562299502354,41.255612550218],[-81.4587517009009,41.2556968308179],[-81.4610282105956,41.25575997417],[-81.4632055480796,41.255830275948],[-81.4647215449531,41.2582304858802],[-81.4660541058456,41.2604101292283],[-81.4673097709497,41.2624111597539],[-81.4684314074134,41.264225763086],[-81.4694460554252,41.2658491599855],[-81.4694158711333,41.2680587299441],[-81.4694192847314,41.2701551317701],[-81.469451354587,41.2722447842314],[-81.469448120652,41.2742475450314],[-81.4694913296172,41.276735584737],[-81.4714735521231,41.2784268559242],[-81.4714972676466,41.2806585482946],[-81.4715156453807,41.2810268092439],[-81.4709244173798,41.2812366782051],[-81.4708917357715,41.2822391282535],[-81.4708798519586,41.2835675172302],[-81.4708857943142,41.2842305860826],[-81.4708709388743,41.2852463853327],[-81.4708887650428,41.2861929622282],[-81.4714963289072,41.2861985398761],[-81.4715201225841,41.2881556458798],[-81.4716090001017,41.2959139997854],[-81.4715930002081,41.3003739997696],[-81.4715796099205,41.3026763070309],[-81.4740966183797,41.3034277729374]]},"properties":{"VOLTAGE":-999999,"VOLT_CLASS":"NOT AVAILABLE","OWNER":"NOT AVAILABLE","STATUS":"IN SERVICE","TYPE":"OVERHEAD","ID":"133350","SUB_1":"UNKNOWN112784","SUB_2":"CHAMBERLIN","INFERRED":"N","SOURCEDATE":1476835200000}},{"type":"Feature","geometry":{"type":"LineString","coordinates":[[-84.9346680003975,31.3570220001692],[-84.9348455757696,31.3566198242229],[-84.9361109112378,31.3566347790675],[-84.9371419112827,31.3555127809286],[-84.9399269114456,31.3524817852488],[-84.940709910895,31.3516297848561],[-84.9431709111929,31.3489517889331],[-84.9435939107922,31.3484967897265],[-84.9440099107188,31.3480497900251],[-84.9535329106216,31.3378278041118],[-84.954394910612,31.3373528036426],[-84.9544929114196,31.3372988047685],[-84.9586899113939,31.3353258066948],[-84.9608559112407,31.3343068083822],[-84.9624139106419,31.3335738097131],[-84.967139911419,31.3313528119088],[-84.9823900449572,31.3239347290083],[-84.9873349112702,31.3217298239821],[-84.9912179114252,31.3198398266873],[-84.9923219112649,31.3193028279961],[-84.997221911221,31.3167648311528],[-85.0001409112783,31.315256833318],[-85.0060059021739,31.3119954588047],[-85.0108799111738,31.3095868398234],[-85.0128510790119,31.3082265581221],[-85.0154239105795,31.3066448438394],[-85.0165719108002,31.3058418448431],[-85.0179019105958,31.3049608461673],[-85.0193739106816,31.303986847108],[-85.0276109111697,31.2985318539626],[-85.0319929110919,31.2955618588851],[-85.0332039110618,31.294927858836],[-85.0338291196349,31.2946756740288],[-85.0344009997212,31.2944450002949]]},"properties":{"VOLTAGE":115,"VOLT_CLASS":"100-161","OWNER":"GEORGIA POWER CO","STATUS":"IN SERVICE","TYPE":"AC; OVERHEAD","ID":"135585","SUB_1":"UNKNOWN111113","SUB_2":"UNKNOWN111114","INFERRED":"Y","SOURCEDATE":1397088000000}},{"type":"Feature","geometry":{"type":"LineString","coordinates":[[-83.1698634823385,30.1254002358983],[-83.1698905710359,30.1255113492641],[-83.1698829569155,30.1257987879986],[-83.1692205149705,30.1255627447962],[-83.1685111441367,30.1254202166869],[-83.167897000113,30.1252219998751],[-83.1651720002245,30.1243660000219],[-83.1639552429519,30.1240284692625],[-83.1604015984178,30.1229808080339],[-83.1525255823333,30.120639418063],[-83.1463960896889,30.1187977158268],[-83.139419509986,30.1167085490375],[-83.1356030004335,30.1154950003442],[-83.1329060001341,30.1147499996914],[-83.1317100568266,30.1146717300159],[-83.1288546404235,30.1144339739861],[-83.1242879792182,30.1140380320399],[-83.1137074672916,30.1131533482062],[-83.1120585008914,30.1130129601287],[-83.1001720002385,30.1120380002932],[-83.1000540002377,30.1119440002737],[-83.0998299999317,30.1117660002892],[-83.096755393701,30.109377739157],[-83.0940999153306,30.1073361606602],[-83.0904831354017,30.1045402952287],[-83.0832424348356,30.0989652168897],[-83.0795733055835,30.0961645920636],[-83.0704960003174,30.0892019999842],[-83.0666809999345,30.086199000221],[-83.0605518953623,30.0815118712051],[-83.0505184691218,30.0736904520907],[-83.0441385387526,30.0687203530798],[-83.0415679996856,30.0667770003374],[-83.0401509998513,30.0656699998839],[-83.0366848781754,30.062923390796],[-83.0347460002802,30.0614469998042],[-83.034094000352,30.0609370000337],[-83.0294239996514,30.0572869996281],[-83.0227590823515,30.0521117146813],[-83.0179258020682,30.0483105259349],[-83.0143566103915,30.0455473769167],[-83.0106446512632,30.042656331983],[-83.0083371937087,30.0408539296313],[-83.002468227768,30.0361544538357],[-83.0010316293892,30.0349914930381],[-82.9998520003857,30.0340380000248],[-82.9970270000397,30.0318069997454],[-82.987463999954,30.0242559997571],[-82.9738917936024,30.0133667132635],[-82.9556960563998,29.9988329648549],[-82.9541808150095,29.9988500973749],[-82.9367460281077,29.9990080942036],[-82.9353678435785,29.9990290333079],[-82.9354295650251,29.9988691748238]]},"properties":{"VOLTAGE":69,"VOLT_CLASS":"UNDER 100","OWNER":"DUKE ENERGY FLORIDA, LLC","STATUS":"IN SERVICE","TYPE":"AC; OVERHEAD","ID":"136349","SUB_1":"UNKNOWN107670","SUB_2":"UNKNOWN107673","INFERRED":"N","SOURCEDATE":1397606400000}},{"type":"Feature","geometry":{"type":"LineString","coordinates":[[-94.8907414481119,35.8916434052936],[-94.8895774731505,35.8915651059472],[-94.888481437774,35.8915230419673],[-94.8852974499793,35.8913330988038],[-94.8785873941331,35.8909680580576],[-94.8741763956952,35.8907130520104],[-94.8717914593457,35.8905920977847],[-94.8697283875658,35.8904870820527],[-94.8680814172223,35.8903970580607],[-94.8657444500106,35.8902700636538],[-94.8657224412862,35.8902690447866],[-94.8588794716088,35.8847425821139],[-94.84492240004,35.8743160579305],[-94.8075863498085,35.8734329540066],[-94.8061668319966,35.8733978691297],[-94.8048062436672,35.8733724640849],[-94.8030547094246,35.8733569601684],[-94.8018510558771,35.8727373542421],[-94.8006055417356,35.8721396541311],[-94.7993877864348,35.8715330687121],[-94.7981625742188,35.8709484617056],[-94.7969628741569,35.8703579562137],[-94.7958763609224,35.8698208029003],[-94.7946392909446,35.8692089591758],[-94.7934054549019,35.8685987843103],[-94.7921614678964,35.8680036008645],[-94.7909862918418,35.8674296697366],[-94.7899263633498,35.8668803502752],[-94.7899082236693,35.8668709491777],[-94.7645281866258,35.8546331562853],[-94.7402576848408,35.8523964632227],[-94.718009674341,35.8508634459183],[-94.7139669860679,35.8506394753095],[-94.7119423630805,35.8505309836868],[-94.7093870154233,35.8503964991873],[-94.7043242901451,35.8501301493193],[-94.7019940602981,35.8500025078544],[-94.699407451269,35.849869258829],[-94.6972867076479,35.8497545049247],[-94.6951041608336,35.849654604817],[-94.681996164295,35.8355412777692],[-94.6693973355544,35.8361923330172],[-94.6530530099827,35.8236857940288],[-94.6529529349651,35.8236085710796],[-94.6529356253278,35.8178650623555],[-94.6479515915702,35.8178689951335],[-94.6479734709373,35.8189150372491],[-94.6478644783438,35.8194096967548]]},"properties":{"VOLTAGE":161,"VOLT_CLASS":"100-161","OWNER":"PUBLIC SERVICE CO OF OKLAHOMA","STATUS":"IN SERVICE","TYPE":"AC; OVERHEAD","ID":"137547","SUB_1":"UNKNOWN118418","SUB_2":"TAP149396","INFERRED":"Y","SOURCEDATE":1415836800000}},{"type":"Feature","geometry":{"type":"LineString","coordinates":[[-95.138356971715,35.5526669473058],[-95.1382746851366,35.5525359637969],[-95.137696054211,35.5523448496889],[-95.1375407346001,35.5516896357597],[-95.1373288229228,35.5510153401016],[-95.1364363466881,35.5507123948884],[-95.1344246594408,35.5499506781273],[-95.1316512008326,35.5489207922319],[-95.1295221037777,35.5481333309881],[-95.1276887321144,35.5474391249367],[-95.12574774228,35.5467339492757],[-95.1240642994375,35.5460906757294],[-95.1224771559936,35.5455012656909],[-95.1198498532821,35.5445293582532],[-95.1189328530401,35.5442043882832],[-95.1174705754206,35.5436403270937],[-95.1130182553779,35.5419752401656],[-95.1110147427997,35.541229740745],[-95.1100012625979,35.5408425519701],[-95.1084368474289,35.5402287621964],[-95.1066650103625,35.5394647529292],[-95.1047089288313,35.538662140637],[-95.1025520738341,35.5378006757935],[-95.1004860394105,35.5369729737037],[-95.0986256275588,35.5362690949164],[-95.0966594848964,35.535550662883],[-95.0943323093214,35.5346763718352],[-95.0925318159974,35.5340122412676],[-95.0907604280887,35.5333932812991],[-95.0884116031153,35.5324761280055],[-95.086491544027,35.5317868313522],[-95.0842186266951,35.5309429826391],[-95.0822385601459,35.5302182896539],[-95.0798133783733,35.5292979557527],[-95.077419008815,35.5284158479161],[-95.050746211636,35.5185453626694],[-95.0305509360021,35.5176359553334],[-95.0268499668631,35.5175479953165],[-95.0260659172831,35.5175289848263],[-94.9993702211491,35.5165517233116],[-94.9735862395701,35.5155453499718],[-94.9600971624166,35.5149237658778],[-94.945167289057,35.5147604398088],[-94.9391424941606,35.5146747799173],[-94.914232940764,35.5143829791581],[-94.9027559748626,35.5143999430297],[-94.8850399398183,35.5141789736974],[-94.8834709423431,35.5141619366588],[-94.8628159790153,35.5139009697225],[-94.8559779132411,35.513817977818],[-94.8494949506003,35.5137399580375],[-94.8426999150265,35.5136529443221],[-94.8391929819888,35.5136079750121],[-94.8220069529622,35.5131699799274],[-94.8139779007843,35.5129659706532],[-94.8116879145637,35.5129089366453],[-94.7995379317497,35.5124389827455],[-94.7965669336105,35.5123929897794],[-94.7928739585792,35.5123329573621],[-94.7722831690987,35.5120781852472],[-94.772315770757,35.5110308726604],[-94.7721381280113,35.5107512958679]]},"properties":{"VOLTAGE":161,"VOLT_CLASS":"100-161","OWNER":"SOUTHWESTERN POWER ADMINISTRATION","STATUS":"IN SERVICE","TYPE":"AC; OVERHEAD","ID":"137566","SUB_1":"WEBBERS FALLS","SUB_2":"UNKNOWN119093","INFERRED":"N","SOURCEDATE":1412640000000}},{"type":"Feature","geometry":{"type":"LineString","coordinates":[[-96.9973511256166,35.2905755458942],[-96.9962927700747,35.289568885271],[-96.9948211499763,35.2880048620661],[-96.993241103223,35.2863024401579],[-96.992079132403,35.2850497802875],[-96.9907039024329,35.2835812918421],[-96.9893141179585,35.2820884308384],[-96.9879408633837,35.2806385877231],[-96.9865736284196,35.2791497798925],[-96.985262177038,35.2777546661878],[-96.9838679018855,35.2762572242486],[-96.9826470015828,35.2749364250645],[-96.9811941562738,35.2734776539728],[-96.979606024683,35.2718734228043],[-96.9783440713719,35.2705853358052],[-96.9769218586141,35.269152449719],[-96.9753500763615,35.2675501872691],[-96.9737683228092,35.2659581600655],[-96.9721651004199,35.2643289886432],[-96.9711183825525,35.2632904591142],[-96.969801272683,35.2619591803378],[-96.9682503313449,35.2604053316434],[-96.9669736456632,35.2591068671351],[-96.9660308637725,35.2581344349307],[-96.9644566560686,35.2565616623368],[-96.9630127040809,35.255147161283],[-96.9613621395779,35.2534864483455],[-96.9597104072649,35.2518816746391],[-96.9585715231477,35.2507253896706],[-96.9569507827121,35.2491263582888],[-96.9550771368796,35.2472626716372],[-96.9540519974437,35.2472303150401],[-96.953680695889,35.2469225646781]]},"properties":{"VOLTAGE":138,"VOLT_CLASS":"100-161","OWNER":"OKLAHOMA GAS & ELECTRIC CO","STATUS":"IN SERVICE","TYPE":"AC; OVERHEAD","ID":"131459","SUB_1":"UNKNOWN118594","SUB_2":"TAP149653","INFERRED":"Y","SOURCEDATE":1412640000000}},{"type":"Feature","geometry":{"type":"LineString","coordinates":[[-82.8465998476995,40.2307283892559],[-82.845030000418,40.2297579997623],[-82.8468379569453,40.2289179747738],[-82.8472707374014,40.2243652006741],[-82.8437383290406,40.2240943367004],[-82.8288001579427,40.2229056697976],[-82.8237375799882,40.2225154922868],[-82.809155928667,40.2213993899547],[-82.8022156813258,40.2199293738793],[-82.7875508406194,40.2168440512811],[-82.7744784559936,40.2141306649293],[-82.7601701368605,40.2125243629338],[-82.7456479046038,40.210591304087],[-82.7260155600393,40.207877668059],[-82.7154506958666,40.2065071947115],[-82.7057533626116,40.2048553298781],[-82.6954974829641,40.2031943477245],[-82.6902685289341,40.2029674350645],[-82.6850989948669,40.2023502273322],[-82.6694858143932,40.2002625712783],[-82.638501883588,40.1962431977752],[-82.6182896001508,40.1936288430935],[-82.6037245856287,40.1918132603195],[-82.5846721799369,40.1891987348564],[-82.5695177196714,40.1871796711206],[-82.5390757011547,40.1830251499704],[-82.525062103995,40.1807008317364],[-82.5052871500825,40.1766621389741],[-82.4901326907153,40.1739743872287],[-82.481310020103,40.1723180967084],[-82.455355392756,40.1671019732762],[-82.4329564563053,40.1621034172143],[-82.4116983811638,40.1572207508691],[-82.4004038397403,40.1545176961958],[-82.3898888886598,40.1521488009342],[-82.3725287616396,40.1497216881583],[-82.3478053167119,40.1465386960657],[-82.3333068529793,40.1425415760084],[-82.3276976124452,40.1410153407415],[-82.3178101345906,40.1392710310599],[-82.3114640859789,40.138162644263],[-82.2977737340995,40.1358186182603],[-82.2701553495912,40.1305669797123],[-82.2446523152189,40.1255330223225],[-82.2204089829797,40.1215164919409],[-82.2043656011131,40.1186993270102],[-82.1701634881419,40.1127192799941],[-82.1535734427973,40.1091382710884],[-82.1278089609482,40.103702775744],[-82.0851216816035,40.0955578088343],[-82.0751747846844,40.0934692917161],[-82.0410986415673,40.085749526851],[-82.028442196681,40.0827944906607],[-82.0042879952842,40.0768613020251],[-81.9824808797225,40.0717005992746],[-81.9635853414389,40.0698453781688],[-81.9594497143648,40.0698999440954],[-81.9353140964164,40.0586238718828],[-81.93249683326,40.0576487718429],[-81.9119601160714,40.0507227478917],[-81.9097315800061,40.0499597996572],[-81.9065124968299,40.0493691163385],[-81.9010506168332,40.0483866249214],[-81.8922944952138,40.048037291273],[-81.8852781902124,40.0478298739805],[-81.8682935958119,40.0471639489757],[-81.85945191056,40.0455373202121],[-81.8450199976168,40.0427970717182],[-81.8256253320052,40.0391286780235],[-81.805617452126,40.0352744688637],[-81.7874919964163,40.0322280698956],[-81.7692096724001,40.0288867022576],[-81.7506136099743,40.0254578079184],[-81.7450233831814,40.0243876082366],[-81.7352262237422,40.022170712093],[-81.7183984994447,40.0182718588387],[-81.7141630470847,40.0172343112898],[-81.7039380649914,40.0153666862232],[-81.6960518512318,40.0139358971364],[-81.6770850091725,40.0104953287051],[-81.6673448936521,40.0087258260767],[-81.6629668328424,40.0040069276851],[-81.6597011136281,40.0005658587822],[-81.6556415442142,39.9880563858051],[-81.6506407631647,39.9722478358173],[-81.6464195706615,39.9611723893257],[-81.6414948472721,39.9482876367125],[-81.6342883967729,39.9444683870184],[-81.621263548297,39.9374998918721],[-81.6171944711141,39.9360419580255],[-81.6144373869969,39.9355899929221],[-81.5970772590783,39.9327323330364],[-81.5833488779196,39.9317262919187],[-81.5786523266124,39.9314201031855],[-81.5670915847259,39.9321637027076],[-81.547506775413,39.9335633996876],[-81.5332079631506,39.9345256737671],[-81.5285923024398,39.9351322526674],[-81.5262749238912,39.9354329577915],[-81.5212955344236,39.936936464971],[-81.5111466099904,39.9399342687056],[-81.506797070691,39.9412281132866],[-81.4966956824077,39.9441801728167],[-81.4854771986444,39.9475329752308],[-81.4690416455624,39.9523705612271],[-81.459237357093,39.9552583728707],[-81.4557196972725,39.9563333002084],[-81.4484704663045,39.9584375581859],[-81.4327717204016,39.9631468521388],[-81.4180355768179,39.9675006113024],[-81.4136266175557,39.9664531842044],[-81.391218173336,39.961073708996],[-81.3733636719739,39.9567997042542],[-81.352400319704,39.9518039162089],[-81.3290268953247,39.9471576151298],[-81.3082061506062,39.9430030091514],[-81.2844904681037,39.9381920960098],[-81.2780873755732,39.9368799701487],[-81.2700157728952,39.935217907988],[-81.2605608733758,39.9334136510672],[-81.2417223781127,39.9296628289056],[-81.2191475569193,39.9251790701067],[-81.2012360134349,39.9216574733108],[-81.1806577015537,39.9175778820486],[-81.1580686214018,39.9130933311172],[-81.1368057923758,39.9088491450557],[-81.1227874422299,39.9060487132968],[-81.1116782924199,39.9038389170258],[-81.0896025985545,39.8994628717493],[-81.0692381988987,39.8953710167111],[-81.0460929483981,39.8875257879475],[-81.0372471973712,39.8845290699294],[-81.026298979846,39.8801830663366],[-81.0082876101774,39.8729161711762],[-80.98264672124,39.8626164360443],[-80.9751455487674,39.8595076036975],[-80.9564354011988,39.8519210261022],[-80.9375619417082,39.8443049101503],[-80.9354863096841,39.8436438017843],[-80.9142377423116,39.8368329573167],[-80.8953564638847,39.830853749107],[-80.8772452689302,39.8251040191475],[-80.8721969517308,39.8241730650547],[-80.8608192227188,39.8221504787698],[-80.8561591861313,39.821330197048],[-80.8498384197049,39.8212103573389],[-80.8431833865682,39.8211190826884],[-80.8372057424444,39.8216119638089],[-80.8312162127111,39.8220957148813],[-80.8161874761612,39.8232951861802],[-80.8099269202151,39.8268089662145],[-80.808149992396,39.830794683342],[-80.8060000355619,39.8334526511231]]},"properties":{"VOLTAGE":765,"VOLT_CLASS":"735 AND ABOVE","OWNER":"NOT AVAILABLE","STATUS":"IN SERVICE","TYPE":"AC; OVERHEAD","ID":"133972","SUB_1":"UNKNOWN151647","SUB_2":"KAMMER (765KV)","INFERRED":"N","SOURCEDATE":1470009600000}},{"type":"Feature","geometry":{"type":"LineString","coordinates":[[-81.6061622179907,30.6229268877907],[-81.6061069751939,30.6226506542774],[-81.6061527524425,30.6220614831974],[-81.6075207069572,30.6221213939019],[-81.6094712189336,30.6222099843725],[-81.6115071606935,30.6223050682952],[-81.6137980443311,30.6224089647674],[-81.6159961319998,30.6225075271659],[-81.6175781550466,30.6225954223225],[-81.61964544801,30.6228466583535],[-81.6216988170864,30.623112272924],[-81.6237478742495,30.6233835298924],[-81.6259370685969,30.6236679283633],[-81.6282968530167,30.6239806952934],[-81.6308077340674,30.6243065253136],[-81.6330991566941,30.6245961760717],[-81.6351485731833,30.6248625588603],[-81.6371887370251,30.6251050546848],[-81.6395292076663,30.6244656899808],[-81.6419471130851,30.6237836499261],[-81.6441792469031,30.6231762800515],[-81.6463711361963,30.6231202351656],[-81.6485599712176,30.6230696787856],[-81.6503663035909,30.6230494253048],[-81.6525959221261,30.622993844166],[-81.6548201507696,30.6229504769409],[-81.657033330135,30.6229090422835],[-81.6590297460225,30.6228487463219],[-81.6609408219579,30.622818673698],[-81.6628388723217,30.6227752298639],[-81.664754350002,30.622735727722],[-81.6665953573453,30.6227037240179],[-81.6684561276248,30.6226716429995],[-81.6702993807563,30.6226264203411],[-81.6721382321429,30.6225925613113],[-81.6739770844278,30.6225586249659],[-81.6758246485744,30.6225077590773],[-81.6778649022476,30.6224569696927],[-81.6797103113358,30.6224173908901],[-81.6816083616996,30.6223815218857],[-81.6835150358902,30.6223344437972],[-81.685419554124,30.6222873656858],[-81.6873197604445,30.6222383549511],[-81.6892352381249,30.6221988533631],[-81.6911463140603,30.6221611282068],[-81.693059635784,30.6221102621093],[-81.6949225620202,30.6220613293621],[-81.696827080254,30.6220085298342],[-81.6987184830847,30.6219746713612],[-81.7006514779131,30.6219219490903],[-81.7025231178076,30.6218691502593],[-81.7043904457887,30.6218201393129],[-81.7063256864052,30.6217693503406],[-81.7085476692605,30.6217128408135],[-81.7107848336441,30.621650688026],[-81.713004661441,30.6215847472763],[-81.7152225111476,30.6215087568841],[-81.7171667349171,30.621478066953],[-81.7190570597694,30.621444748654],[-81.7209002230694,30.6213994481177],[-81.7227062859481,30.6213655886587],[-81.7245057012937,30.6213241533228],[-81.7264124653158,30.6212808626545],[-81.7283257870394,30.621241283371],[-81.7305148017238,30.6211941266501],[-81.7324565102104,30.6211621216632],[-81.7343676759774,30.621169621009],[-81.7362765061246,30.6212092776267],[-81.7382161475877,30.6212431379134],[-81.74042277015,30.6212676443089],[-81.7424236776138,30.6205310806683],[-81.7441026288799,30.6198867381736],[-81.7457861615538,30.6192273939453],[-81.7475198202206,30.6185699779],[-81.7497418030759,30.6177296477387],[-81.7520010660155,30.6168593919709],[-81.7542028367769,30.6160017297481],[-81.7561068160215,30.6152930363447],[-81.7577801079013,30.6146520598576],[-81.7595314633792,30.6139775270996],[-81.761276171324,30.6132936349927],[-81.7630121656106,30.6126455333689],[-81.764763431257,30.6119823523013],[-81.7665388615845,30.6113060219794],[-81.7682472775918,30.6106353323501],[-81.770008873864,30.6099745326975],[-81.7717363341553,30.6093030599301],[-81.77348220991,30.6086304227838],[-81.7752247618982,30.6079691463319],[-81.776969469843,30.6073002876295],[-81.7787338508925,30.6066238488391],[-81.7804786486689,30.6059342606562],[-81.7822364720168,30.6052691772353],[-81.7840446010207,30.6045964347557],[-81.7857237319498,30.6039483522469],[-81.7874487667899,30.6032813222115],[-81.7891693998851,30.602603076228],[-81.7909185095748,30.6019586917529],[-81.7926369867133,30.6012991481286],[-81.7943576198085,30.6006434660771],[-81.7960892123502,30.5999801247313],[-81.7978262846151,30.5993202583477],[-81.7996249813085,30.5986141476267],[-81.8011357679533,30.5980145849498],[-81.8029468613976,30.5973323593478],[-81.8046495281871,30.5966901806769],[-81.8063492314346,30.5960516343411],[-81.8080270139924,30.5954053497072],[-81.809723572238,30.5947590623093],[-81.8114070150804,30.5941089808306],[-81.8130514710395,30.5934807793003],[-81.8147479385553,30.5928212552916],[-81.8164379399976,30.5921767276573],[-81.8182089685802,30.5914852580812],[-81.8199580782699,30.5908218540374],[-81.8216634400053,30.5901830362702],[-81.8233687119092,30.5895159887962],[-81.8251200673871,30.5888601496779],[-81.8270608775584,30.5881231856755],[-81.8291876389936,30.5873102761759],[-81.8312247485634,30.586526746222],[-81.8334104385828,30.5856872207193],[-81.8351472422515,30.5850235449892],[-81.8368375122901,30.5843786569366],[-81.8385681166849,30.5836989639499],[-81.8385328128943,30.5820514871624],[-81.8385136787787,30.5804148869527],[-81.8385043362998,30.578775630375],[-81.8391305518843,30.5775197963379],[-81.8399399339553,30.5760603843032],[-81.840655082753,30.5746716416727],[-81.8406519386495,30.5737930328119],[-81.8406322664431,30.5730994211807],[-81.8405867209599,30.572496218659],[-81.8393580053143,30.5725188811379],[-81.8390855462886,30.5714853318248],[-81.8392996202107,30.5714837006289],[-81.8393541461518,30.5711999881349]]},"properties":{"VOLTAGE":230,"VOLT_CLASS":"220-287","OWNER":"FLORIDA POWER & LIGHT CO","STATUS":"IN SERVICE","TYPE":"AC; OVERHEAD","ID":"134032","SUB_1":"UNKNOWN120481","SUB_2":"YULEE","INFERRED":"N","SOURCEDATE":1420588800000}},{"type":"Feature","geometry":{"type":"LineString","coordinates":[[-80.3760375289162,35.7096780192598],[-80.3766275082588,35.7091954141029],[-80.3774408042895,35.7094329233295],[-80.3774725902775,35.7078347100129],[-80.377532690265,35.7048264312026],[-80.3775708866309,35.7027544503025],[-80.3776036886135,35.7000077338838],[-80.3776637903976,35.6977223790153],[-80.3776966911948,35.6956197490766],[-80.3777553880138,35.6935440343034],[-80.3777744870951,35.691627028171],[-80.3778209910807,35.6895033643158],[-80.377885991378,35.686411059075],[-80.3779255891158,35.6846339557324],[-80.377962988676,35.6820405468069],[-80.3779854869823,35.681058155073],[-80.3767935555509,35.6791126657537],[-80.3752276303139,35.6765993708065],[-80.3759324826218,35.673416090307],[-80.376642247816,35.6701590509956],[-80.3770990474262,35.6679843522517],[-80.3774992370038,35.6661470979522],[-80.3779900432374,35.6637729720424],[-80.3788207665846,35.6599906631121],[-80.3793719449952,35.6574200618817],[-80.3799458516807,35.6547204279604],[-80.3805989610283,35.6517077890267],[-80.3810633397245,35.649551182939],[-80.3815919470652,35.647035349841],[-80.3821167698037,35.6446237477301],[-80.3826188597755,35.6423134929276],[-80.3832871443632,35.639196166027],[-80.3837741417399,35.6369009750917],[-80.3841781536491,35.6350107173359],[-80.3846442939416,35.6328546703059],[-80.3860197646602,35.6312633932855],[-80.3878616640306,35.6291386790781],[-80.3893366123871,35.6274595383182],[-80.3911655724241,35.625331784],[-80.3931081873109,35.6231054510071],[-80.3949768313239,35.6209720150106],[-80.3963945273524,35.6193321176878],[-80.3978028279015,35.6177233169561],[-80.3996563218272,35.6155794397155],[-80.4009611400487,35.6140625183263],[-80.4028358045707,35.611900542228],[-80.4043580123961,35.6101497339206],[-80.4062320786401,35.6079905712736],[-80.4081265770653,35.6057998729652],[-80.4105752363078,35.6029776560552],[-80.411974169225,35.6010808026905],[-80.4130797105739,35.5995181271994],[-80.4143454026732,35.5977453969196],[-80.4158794916165,35.5956174722595],[-80.4171232306869,35.5939064568379],[-80.4190052533095,35.5912633317177],[-80.4205960636764,35.5899410650907],[-80.4227586373487,35.5881134016939],[-80.4250455755855,35.5862302700322],[-80.4272221944173,35.5843996223228],[-80.4294909345831,35.5824874869423],[-80.4313077287362,35.5809674081694],[-80.4337414067747,35.578940625686],[-80.4349986232693,35.5778856946682],[-80.4368662737456,35.5763135517864],[-80.4389994680165,35.5745351572969],[-80.4407445559487,35.5730649658492],[-80.4428724573459,35.5712881820009],[-80.4448286817092,35.5696610612952],[-80.4465688217208,35.5682126096576],[-80.4485625193062,35.5665415120574],[-80.4511618700393,35.5643770692321],[-80.4527224458087,35.5630773877826],[-80.4553226966537,35.5609054288841],[-80.4573156180947,35.5592352100472],[-80.4601534490779,35.5568710841495],[-80.462126452174,35.5552239806913],[-80.4650944975509,35.5527522918411],[-80.4675180273216,35.5510920073505],[-80.4693886952389,35.5498191610246],[-80.4715224590417,35.5483689196795],[-80.4733823058531,35.5470678567176],[-80.47509671542,35.5458952141288],[-80.4776863526699,35.5441274871292],[-80.4808006186222,35.5420068413228],[-80.4824554806655,35.5408859673496],[-80.4854951235672,35.5388067050076],[-80.4869638349207,35.5378051969548],[-80.4893565569688,35.5361704497839],[-80.4916802641485,35.5345711777514],[-80.4938713242967,35.5324216672213],[-80.4957858740174,35.5305149162901],[-80.4978661467383,35.5284295431169],[-80.4997281207603,35.5265944692034],[-80.5019458959068,35.5243944928553],[-80.5033969787212,35.5229592097165],[-80.5055004648073,35.5208674218225],[-80.507426026975,35.5189590597763],[-80.5090867127964,35.5172984727697],[-80.5111977797652,35.5152019059691],[-80.512993819242,35.5133973662148],[-80.5152580893909,35.5111610969248],[-80.5169193896599,35.509531994007],[-80.5192547102597,35.5071924741203],[-80.5212177312764,35.5052169512424],[-80.522886897194,35.5035970861739],[-80.525173992636,35.501316889251],[-80.5267195252177,35.4997724573069],[-80.5290648674228,35.4974446137034],[-80.5308752188587,35.4956463771919],[-80.5335128099751,35.4937129763051],[-80.5358807879286,35.4919902638666],[-80.5381950322552,35.4902689056546],[-80.5403018358196,35.4887256290957],[-80.5432553985575,35.4865559549966],[-80.5450841304224,35.4852104063039],[-80.547540083985,35.483390938978],[-80.5505424998029,35.481169552049],[-80.5526064932542,35.4796616839677],[-80.5552015356672,35.4777630253298],[-80.5572149979854,35.4762817531686],[-80.5592206072315,35.4748075462061],[-80.5617054047995,35.4729814472186],[-80.5635555722638,35.4716210972745],[-80.5670561335511,35.4690691630652],[-80.5696727723619,35.467757189361],[-80.5725094013991,35.4663214742078],[-80.5753049307156,35.4649245080433],[-80.5797138342822,35.4627265058076],[-80.5816667312857,35.4617279068678],[-80.5846367367865,35.4602466041853],[-80.5869693660336,35.459054639202],[-80.5908509127145,35.4571025150688],[-80.5923518466373,35.4563396458272],[-80.5946700309746,35.4551920542306],[-80.5954939181425,35.4547725106551],[-80.5982479120551,35.4533908637466],[-80.6000236747593,35.4524964320395],[-80.6015822607604,35.4517202382012],[-80.604741570936,35.4501263328684],[-80.6080082693138,35.4485012739387],[-80.6101117859427,35.4489154407672],[-80.6127377977751,35.449436043289],[-80.6145915432291,35.4498018472296],[-80.6167035956498,35.4497770161558],[-80.6174052939727,35.449764788686],[-80.6179659523045,35.4499099031453],[-80.6183268693345,35.450395846353]]},"properties":{"VOLTAGE":230,"VOLT_CLASS":"220-287","OWNER":"DUKE ENERGY CAROLINAS, LLC","STATUS":"IN SERVICE","TYPE":"AC; OVERHEAD","ID":"137895","SUB_1":"UNKNOWN114573","SUB_2":"UNKNOWN114701","INFERRED":"Y","SOURCEDATE":1404777600000}},{"type":"Feature","geometry":{"type":"LineString","coordinates":[[-85.3615363696416,34.4607481690562],[-85.3598607268707,34.462259085728],[-85.3584881271677,34.4634407569294],[-85.3570121358671,34.4633672696376],[-85.3569871797702,34.4647282301598],[-85.3555860576586,34.4659275022363],[-85.3544665861347,34.4659069268584],[-85.3544024131858,34.4680350047851],[-85.3543845870173,34.4701718466596],[-85.3400881507988,34.4694517346298],[-85.3386977249273,34.4693576788432],[-85.3382132060024,34.4705304010267],[-85.3385087687989,34.4703570176376],[-85.3389865054434,34.4707949596737],[-85.3387298109526,34.4717707687218],[-85.3382235527978,34.4720617463511],[-85.3381772060174,34.4716385062317],[-85.3378017093303,34.4715263657769],[-85.337368740228,34.4719921198546]]},"properties":{"VOLTAGE":-999999,"VOLT_CLASS":"100-161","OWNER":"GEORGIA POWER CO","STATUS":"IN SERVICE","TYPE":"OVERHEAD","ID":"129537","SUB_1":"UNKNOWN110421","SUB_2":"TAP149900","INFERRED":"Y","SOURCEDATE":1400544000000}},{"type":"Feature","geometry":{"type":"LineString","coordinates":[[-84.3600786464201,32.9685436659209],[-84.3601107333438,32.9683427642971],[-84.3595403013417,32.9682271081886],[-84.3595307935727,32.9667993446872],[-84.3581142231332,32.9668232738324],[-84.3581474976297,32.9645539601134],[-84.358209295433,32.9610960350647],[-84.358361409855,32.9579490868321],[-84.3578040510353,32.9574903966805],[-84.3573881121941,32.9566876833747],[-84.3558907293117,32.9552816711827],[-84.3548984161128,32.9539903142622],[-84.3542329127093,32.9532025273745],[-84.3534129179416,32.9525593281312],[-84.3512975678055,32.9515471537169],[-84.3487009174081,32.9512479872217],[-84.338551992975,32.9512330279281],[-84.3379934456841,32.9484407532335],[-84.3374016229985,32.9471104019026],[-84.3360040663003,32.9452494730772],[-84.334456771224,32.9433496089629],[-84.3340253831566,32.9424520217065],[-84.3338435578549,32.9415783613197],[-84.3340646000086,32.9402139970355],[-84.3341252084425,32.93303278698],[-84.3341394691977,32.9311805379933],[-84.3341382807265,32.9278679390094],[-84.3348334941115,32.9278799088529],[-84.3390582511297,32.9279666911122],[-84.3390611814342,32.9269229669714],[-84.3395680737996,32.9268804202137],[-84.3395645092845,32.9254529856309],[-84.3410547613403,32.9254559783621],[-84.3410333688601,32.9232773759676],[-84.3411831081365,32.9226638857961],[-84.3416038008621,32.9224065190098],[-84.3422954488337,32.9219875461],[-84.3425164909874,32.9221132381058],[-84.3430599995821,32.9208299999036]]},"properties":{"VOLTAGE":-999999,"VOLT_CLASS":"NOT AVAILABLE","OWNER":"GEORGIA POWER CO","STATUS":"NOT AVAILABLE","TYPE":"OVERHEAD","ID":"132150","SUB_1":"UNKNOWN115678","SUB_2":"NOT AVAILABLE","INFERRED":"N","SOURCEDATE":1406505600000}},{"type":"Feature","geometry":{"type":"LineString","coordinates":[[-83.4147667998593,31.1546363001627],[-83.4165028004341,31.1542039998033],[-83.4195885996733,31.1534221999405],[-83.4224602001246,31.1526993998736],[-83.4256362000998,31.1518949002182],[-83.4284290003344,31.151200800242],[-83.4335567995718,31.1498962997642],[-83.4333419998109,31.1488849996559],[-83.4334964255982,31.145715462759],[-83.4337594927376,31.1438122892342],[-83.4339000000278,31.1409380000117],[-83.4327269996927,31.1389970000337],[-83.4316799997544,31.1360630000639],[-83.4297159995739,31.1365920002597],[-83.4292952933735,31.1369804391805],[-83.4289815558623,31.1373588339719]]},"properties":{"VOLTAGE":115,"VOLT_CLASS":"100-161","OWNER":"GEORGIA POWER CO","STATUS":"IN SERVICE","TYPE":"AC; OVERHEAD","ID":"132212","SUB_1":"UNKNOWN111787","SUB_2":"TAP142751","INFERRED":"Y","SOURCEDATE":1397088000000}},{"type":"Feature","geometry":{"type":"LineString","coordinates":[[-83.5488011867728,31.4764722239918],[-83.549254932111,31.476856141327],[-83.5509841998127,31.4769712996721],[-83.5509923996346,31.4785746001321],[-83.5508630997259,31.4803528996925],[-83.5496648998505,31.4804962998244],[-83.5498244999338,31.48186760008],[-83.5507599003678,31.4855336999959],[-83.5517738000829,31.4898636999531],[-83.5527056000692,31.4937664000896],[-83.5536045001566,31.4974975003176],[-83.5545650004179,31.5014984996889],[-83.5554618999571,31.5051288998728],[-83.5565126000562,31.5091476003491],[-83.5564443002468,31.5121882001159],[-83.5564149998972,31.5154973001954],[-83.5563914999693,31.5186864000468],[-83.5563138999019,31.5229756000571],[-83.556268899696,31.5278680996827],[-83.5562146998433,31.5318198000521],[-83.5561726002975,31.5357554000967],[-83.5559682003327,31.5393158003709],[-83.5557646995815,31.5423888003642],[-83.55553889995,31.5461245002732],[-83.5553069998594,31.5498851003597],[-83.5550750997688,31.553630399657],[-83.5548133998653,31.557973600199],[-83.5545397999792,31.5624279997382],[-83.5544862999142,31.5663501003331],[-83.5544386999839,31.5705812002056],[-83.5544030000362,31.5747208000363],[-83.5543554001059,31.5787184997696],[-83.5543375999886,31.5823815003709],[-83.5543375999886,31.5863432997626],[-83.5543375999886,31.5908672997553],[-83.5544596999003,31.5950397001098],[-83.5544918290448,31.5961324968428],[-83.5545910003572,31.5995055003056],[-83.5546672996642,31.6024711998669],[-83.5547672004086,31.6053568997869],[-83.554925199694,31.6092935001019],[-83.5545476000509,31.6128890002443],[-83.5541986997844,31.6166388001536],[-83.5539226995999,31.6196041000889],[-83.5536114998293,31.6230791998688],[-83.5533354996447,31.6260392997531],[-83.5529713998837,31.6298741997549],[-83.5525252003939,31.6340089000837],[-83.552595599566,31.6384332997362],[-83.5526014997008,31.641662799656],[-83.552595599566,31.6452420997733],[-83.5526132002574,31.6484064001428],[-83.5526220001539,31.6525345000475],[-83.5526254999902,31.6564725002008],[-83.5526371996485,31.6605110999803],[-83.552631300412,31.6643296000093],[-83.5524611002084,31.6683777998003],[-83.5522965998153,31.6723008999074],[-83.552144000303,31.6759589999785],[-83.5520440995586,31.6793520999592],[-83.5519678002516,31.6825151997513],[-83.5518620999837,31.686302799712],[-83.551750499581,31.6899052997968],[-83.5516330996548,31.6938075003515],[-83.5514883999272,31.6981471002869],[-83.5517437002326,31.7023880997001],[-83.5519437002492,31.7061106001991],[-83.5521443003403,31.7100255999169],[-83.5523337002365,31.7135865999572],[-83.5525247000322,31.7170303999207],[-83.5527160995782,31.7209217000604],[-83.5528977003011,31.7242499001984],[-83.5531325998665,31.7285751997817],[-83.5533557000605,31.7328204002554],[-83.5535847003894,31.7369554999299],[-83.5538314002243,31.741949399959],[-83.5540427001488,31.745789500162],[-83.5542540997863,31.7499888998984],[-83.5544890002499,31.7543029997623],[-83.5547179996805,31.7585419997916],[-83.554976400072,31.7634299001799],[-83.5551583996468,31.7678281996628],[-83.5552994001121,31.7715724001208],[-83.5554578997592,31.7757057997585],[-83.5555636000271,31.7799587996553],[-83.5556634001602,31.7842665000703],[-83.5557573998715,31.7879551000232],[-83.5558747997977,31.7920678002124],[-83.5559745999308,31.7962103001921],[-83.5560862003335,31.800092999671],[-83.5561626002518,31.8043100002188],[-83.5562741000432,31.8082572998255],[-83.5563798003111,31.812324199749],[-83.5564678998876,31.8164308003354],[-83.5565668996218,31.8205008996439],[-83.5566706999529,31.8245687999427],[-83.556998700016,31.8277262001361],[-83.5574056000087,31.8313526997504],[-83.5578457996508,31.8353812997113],[-83.5583191004144,31.839783499662],[-83.5587121995895,31.8434408001256],[-83.5592053998333,31.8475510002193],[-83.5595812001509,31.850583699676],[-83.5598798001514,31.8528996001782],[-83.5603580003266,31.8566604001202],[-83.5608961998779,31.8608887999563],[-83.5614683997645,31.8651024002677],[-83.5610310998841,31.8689048001419],[-83.5605709001506,31.873477999676],[-83.5600868995536,31.878003500048],[-83.5597386999731,31.881319800041],[-83.5593090995531,31.8855175000199],[-83.5589023001716,31.8894663997425],[-83.5585182003191,31.8931994996795],[-83.5580560997504,31.8976585000516],[-83.5576419000476,31.9017104999985],[-83.5572046001673,31.9060905997148],[-83.5568225996776,31.9096343001882],[-83.5563485003116,31.9139944997576],[-83.5569974998668,31.9187334001761],[-83.5575314000811,31.9230461998643],[-83.5579455997839,31.9261400999598],[-83.5584703003515,31.9305619996929],[-83.5588892000398,31.9342727002372],[-83.5593677999653,31.9383622003435],[-83.5598326996844,31.9425492001116],[-83.5602836997711,31.9468257000212],[-83.5607071997321,31.9508912001774],[-83.5611030001412,31.9546168001589],[-83.5615725001328,31.9592638000786],[-83.5619913001082,31.9633756002567],[-83.5624101000835,31.9674677000923],[-83.5628326002196,31.9711457003529],[-83.5627465002928,31.9743351999402],[-83.5627050996363,31.9781222997615],[-83.562651000395,31.9822263999527],[-83.5626122003612,31.9856155002664],[-83.5627979998097,31.9865780000301]]},"properties":{"VOLTAGE":230,"VOLT_CLASS":"220-287","OWNER":"GEORGIA POWER CO","STATUS":"IN SERVICE","TYPE":"AC; OVERHEAD","ID":"137096","SUB_1":"PITTS","SUB_2":"NORTH TIFTON","INFERRED":"Y","SOURCEDATE":1397088000000}},{"type":"Feature","geometry":{"type":"LineString","coordinates":[[-93.4455942923569,42.0855913387935],[-93.4460559455645,42.085348406923],[-93.447328817898,42.0853315551942],[-93.4498386209703,42.0853091553282],[-93.4523014421532,42.085286754121],[-93.4549186837335,42.0852792872723],[-93.4571298868053,42.0852643542392],[-93.4599584121405,42.0852344861622],[-93.4624929188831,42.0852251532604],[-93.4651659458425,42.0852195517852],[-93.4676655979521,42.0852145523248],[-93.4700647285814,42.085212086262],[-93.4725064393552,42.085208752177],[-93.4748837409231,42.0851946851495],[-93.4773331772083,42.0851985519157],[-93.4799136776934,42.0851946851495],[-93.4823323017644,42.0851936851238],[-93.4849415483386,42.0852251532604],[-93.487189223011,42.0852348861723],[-93.4896508763841,42.0852661542836],[-93.4920193735639,42.0852894881874],[-93.4944584801216,42.0853049552274],[-93.496800837225,42.0853340892539],[-93.4992216172526,42.0853554890878],[-93.5015849051021,42.0853786902891],[-93.5033599761035,42.0853942899771],[-93.5062121271306,42.0854136897461],[-93.5092446598667,42.0854271567118],[-93.5116654398944,42.0854310907986],[-93.514094035265,42.0854174898308],[-93.5164521128858,42.0854116897015],[-93.5189278698088,42.0854077569469],[-93.5215734083206,42.0853922899318],[-93.5239942781797,42.0853806896681],[-93.5260803459325,42.0853651559783],[-93.5287233691615,42.0853398887236],[-93.5311781064052,42.0853146881271],[-93.5334446448002,42.0852777539016],[-93.5356380612294,42.0852351528457],[-93.5386836204355,42.0851866849429],[-93.541169707086,42.0851516840273],[-93.5436062076311,42.0851419497692],[-93.5458159733985,42.0851462838843],[-93.548501936098,42.0851439498223],[-93.5508591154036,42.0851416837621],[-93.5529186828555,42.0851439498223],[-93.554953366974,42.0851324841835],[-93.5574842795572,42.0849713456701],[-93.5607832544032,42.0847403378193],[-93.5612668309954,42.084677385049]]},"properties":{"VOLTAGE":161,"VOLT_CLASS":"100-161","OWNER":"NOT AVAILABLE","STATUS":"IN SERVICE","TYPE":"AC; OVERHEAD","ID":"138435","SUB_1":"UNKNOWN130990","SUB_2":"UNKNOWN130992","INFERRED":"Y","SOURCEDATE":1438300800000}},{"type":"Feature","geometry":{"type":"LineString","coordinates":[[-92.7658733525574,42.1653063730433],[-92.765730585106,42.1659059969578],[-92.7651315723049,42.166893447915],[-92.7642042414371,42.1681979846922],[-92.7632797851782,42.1694961688284],[-92.7623440101467,42.1707695611658],[-92.7613957494311,42.1720757476797],[-92.760476412671,42.1733821761855],[-92.7595614785541,42.1746665402913],[-92.7586969399247,42.1759103347213],[-92.7577397849895,42.1772166826888],[-92.7568162270459,42.1785041642953],[-92.7558674264428,42.1798134542807],[-92.7549439583307,42.1810759867642],[-92.7540879536965,42.1822508928506],[-92.7531788586289,42.1835246927095],[-92.7523424372679,42.1847388917752],[-92.7514836478563,42.1858827789191],[-92.7503071243287,42.1869888378876],[-92.7489999857587,42.1880230590667],[-92.7475535175899,42.1889260751397],[-92.7460059009168,42.1896914362236],[-92.7444096485558,42.1902978820962],[-92.7426270505706,42.1907944847253],[-92.7372507360031,42.1918774898942],[-92.7354467473344,42.1922208781621],[-92.7335643231649,42.1923687989227],[-92.7317246821592,42.1923001207804],[-92.7262889467306,42.1914206933315],[-92.7200189557791,42.1903218309287],[-92.7174139860839,42.190138686225],[-92.7128029993075,42.1885467061271],[-92.7086911398592,42.1885572731395],[-92.7029725662701,42.1885643171477],[-92.6991791973193,42.1885643171477],[-92.69914116804,42.1873280400709],[-92.6990508496247,42.1848800698529],[-92.699027081999,42.1812308339787],[-92.6956763920403,42.1812259898708],[-92.6940631408592,42.1812259898708],[-92.6924469189495,42.1808803411461],[-92.690919826984,42.1803079238772],[-92.6865851431244,42.1784431300042],[-92.6851560932889,42.1778949091647],[-92.6834745090608,42.1775492422313],[-92.6777493993297,42.1773356759804],[-92.6739673204054,42.1771881607468],[-92.6683343113471,42.1769635842882],[-92.6646473038242,42.176774234981],[-92.6572762613037,42.1763823246908],[-92.655440184813,42.1762744392402],[-92.6536278768464,42.176113710834],[-92.6517739759839,42.1755984968241],[-92.648009723228,42.174341270158],[-92.6443227157051,42.1743632877142],[-92.6365327627165,42.1743390678693],[-92.6269192117347,42.1743236551754],[-92.6193039541194,42.1742989952568],[-92.6114034796047,42.1742954721252],[-92.5994196680503,42.1742954721252],[-92.5912910205551,42.1742708108641],[-92.5815699196743,42.1744821858472],[-92.5796637287774,42.1745138919339],[-92.57230041087,42.1744082049165],[-92.5610771741206,42.1742849027291],[-92.5461033506857,42.1741298940381],[-92.5386307006217,42.1741087571862],[-92.5330594875701,42.1741580778279],[-92.5330689953391,42.1702721727364],[-92.5330880090804,42.1665304858847],[-92.5253966929066,42.1665304858847],[-92.517743406012,42.1665269629862],[-92.5139405310888,42.1665234400875],[-92.5131704476166,42.166195767037]]},"properties":{"VOLTAGE":161,"VOLT_CLASS":"100-161","OWNER":"NOT AVAILABLE","STATUS":"IN SERVICE","TYPE":"AC; OVERHEAD","ID":"138452","SUB_1":"TRAER","SUB_2":"UNKNOWN137975","INFERRED":"Y","SOURCEDATE":1438300800000}},{"type":"Feature","geometry":{"type":"LineString","coordinates":[[-92.2803735392286,35.1233783231902],[-92.2794312729709,35.1235115721298],[-92.2772278924285,35.1239827057572],[-92.2734731016275,35.1238304197036],[-92.2733874418753,35.1241492682334],[-92.2684857521881,35.1238780088963],[-92.2654305244147,35.1234735013414],[-92.2625275817431,35.1232165188288],[-92.2606525668781,35.122645448656],[-92.25927010008,35.1225145781656],[-92.2569929561748,35.1225074400363],[-92.254830024973,35.1226644838786],[-92.2549442403715,35.1189382478349],[-92.2549775516988,35.1169513992885],[-92.2501329688126,35.1165992380513],[-92.2393492516806,35.1159139536886],[-92.2346474371441,35.1155713111829],[-92.2255007891246,35.1149716866372],[-92.2169442471101,35.1143435089175],[-92.2153833209977,35.1125160830104],[-92.2007353587372,35.1099653012128],[-92.1863824499284,35.1075096966343],[-92.1824896518486,35.1076715013254],[-92.1830226510528,35.0981726921165],[-92.1716583455661,35.0910818976794],[-92.171677380867,35.0901110781003],[-92.1709540250608,35.0899968637047]]},"properties":{"VOLTAGE":161,"VOLT_CLASS":"100-161","OWNER":"ENTERGY ARKANSAS INC","STATUS":"IN SERVICE","TYPE":"AC; OVERHEAD","ID":"140405","SUB_1":"UNKNOWN121600","SUB_2":"UNKNOWN121601","INFERRED":"Y","SOURCEDATE":1426464000000}},{"type":"Feature","geometry":{"type":"LineString","coordinates":[[-95.4038694303992,35.9735917949107],[-95.3992889683762,35.9736007173274],[-95.3850478944304,35.9735680003404],[-95.380458507645,35.9736036921932],[-95.3734807385727,35.9735798968994],[-95.3688050982487,35.9738594836958],[-95.3682637707636,35.9740171232805],[-95.3683598168371,35.9803956899525],[-95.3683717141247,35.9833938112701],[-95.3683181763304,35.986118292666],[-95.3683598168371,35.9903537341145],[-95.3683549515615,36.0047953298547],[-95.3684120592608,36.0104203763015],[-95.3684460856471,36.0173754170797],[-95.3684341892578,36.0207661492637],[-95.3693264867278,36.021598960947],[-95.3684341892578,36.0247814897243],[-95.3684437069082,36.0318199348779],[-95.3684008761338,36.0416994573462],[-95.3684437069082,36.0432770398802],[-95.3685507815985,36.0483452923435],[-95.3696715080689,36.0499585667836],[-95.368971946838,36.0526782910321],[-95.3687363798244,36.0568542449245],[-95.3699356289321,36.0573325161884],[-95.3687078268731,36.0631217447909],[-95.3687934866253,36.0643995150892],[-95.3688149015634,36.0748358312388],[-95.3688791481742,36.0846653847793],[-95.3688577332362,36.0915253711544],[-95.3688458350502,36.1039628143588],[-95.3688507335635,36.1093543840705],[-95.3687728208822,36.1194262952285]]},"properties":{"VOLTAGE":138,"VOLT_CLASS":"100-161","OWNER":"PUBLIC SERVICE CO OF OKLAHOMA","STATUS":"IN SERVICE","TYPE":"AC; OVERHEAD","ID":"138806","SUB_1":"TAP149257","SUB_2":"TAP149258","INFERRED":"Y","SOURCEDATE":1416355200000}},{"type":"Feature","geometry":{"type":"LineString","coordinates":[[-85.0035865756203,36.737439536177],[-85.0046553147886,36.7370066209625],[-85.014496945326,36.7323313329884],[-85.0177019545967,36.7252367472221],[-85.0176198854106,36.7167518897018],[-85.0176171536338,36.7164695388876],[-85.0203982479219,36.7063010813161],[-85.0210727865806,36.7038380526964],[-85.0240101041848,36.6931126552327],[-85.0493145677601,36.6840245912328],[-85.0676382232625,36.6648961779173],[-85.069837119415,36.662665745678],[-85.0737395806723,36.6586526372032],[-85.0742906072676,36.6562578592878],[-85.0749810523949,36.6535082876727],[-85.0754301202055,36.6513055622793],[-85.0768043629271,36.6462424543153],[-85.0771832723139,36.644556672051],[-85.0776827356119,36.6428016577627],[-85.0768273597984,36.6407517239204],[-85.0757250371132,36.6381813729],[-85.0748811597353,36.6362143567236],[-85.0737100260994,36.6334548430672],[-85.0728948049791,36.6316212882351],[-85.0721886393342,36.6299535683158],[-85.0711955517876,36.6276038930053],[-85.0703688322317,36.6257425861461],[-85.0689674603884,36.6225867399581],[-85.068420325295,36.6212678877383],[-85.0679588086312,36.6201540288098],[-85.0702442996821,36.6184425996811],[-85.071972299861,36.6171616997078],[-85.0744236998634,36.6153646002221],[-85.0761344999995,36.6140836000816],[-85.0782988002338,36.6124661001271],[-85.0806639996981,36.6107057998506],[-85.0832486000943,36.6088221000683],[-85.0837682997406,36.6067552000957],[-85.0842567002859,36.6046726003342],[-85.0849150998121,36.6021151000668],[-85.0855147001114,36.5995909997295],[-85.08824699971,36.5988324002758],[-85.0911148002876,36.5980184000416],[-85.0929687002518,36.5975193001445],[-85.0955951998694,36.5968131002631],[-85.0971811000451,36.5952958998533],[-85.0990543003132,36.5935125000764],[-85.1002975003944,36.5921948996494],[-85.1023308999221,36.5913386996421],[-85.1044692999301,36.5903581996943],[-85.1067201995543,36.5899440001608],[-85.108392499694,36.589611399774],[-85.1106360996083,36.5883253996446],[-85.1119981998022,36.5876177999728],[-85.112813199937,36.5865351998511],[-85.1141490001544,36.584858800252],[-85.1149471002837,36.5801305998394],[-85.1153311004233,36.5780051999431],[-85.1155383004368,36.576720600026],[-85.1155935998274,36.5749145997072],[-85.115723799848,36.57265530016],[-85.1158564001671,36.5700994998002],[-85.1159331998357,36.5682343001719],[-85.1160050003797,36.5662837997056],[-85.1168395002444,36.5652329000373],[-85.1172578744183,36.5652452818364],[-85.1173006881247,36.5657633480679]]},"properties":{"VOLTAGE":161,"VOLT_CLASS":"100-161","OWNER":"EAST KENTUCKY POWER COOP, INC","STATUS":"IN SERVICE","TYPE":"AC; OVERHEAD","ID":"139950","SUB_1":"UNKNOWN115294","SUB_2":"TAP155474","INFERRED":"Y","SOURCEDATE":1411084800000}},{"type":"Feature","geometry":{"type":"LineString","coordinates":[[-91.5389265894462,40.9236877799777],[-91.5391476307016,40.9233681150762],[-91.539138123831,40.9230125300993],[-91.5402244241647,40.9229975770493],[-91.5413686083421,40.923904731679],[-91.5426698180311,40.9249026892008],[-91.544814545772,40.9265210547129],[-91.5467494270624,40.9279635276903],[-91.5483231856087,40.9291238359927],[-91.5513271519188,40.9313671592519],[-91.5531017737626,40.9326785446738],[-91.5548682209373,40.9339748388092],[-91.5567034790627,40.9353492859302],[-91.5582027672719,40.9364965707541],[-91.5599633753972,40.9377989652935],[-91.5618969092148,40.9392576818372],[-91.5636803354467,40.9405373567432],[-91.5668869607866,40.9428946289359],[-91.5686657148806,40.9442839540539],[-91.5705020509844,40.9457590827059],[-91.5728269807713,40.9475078899762],[-91.5736329492442,40.948062974059],[-91.5752614151912,40.9492584821743],[-91.5762632163961,40.9500002698294],[-91.5793716567737,40.9523115427288],[-91.5816038804232,40.9539395498135],[-91.5846095544307,40.9561880682526],[-91.5868472569051,40.9578430472537],[-91.5894128453565,40.9596704289667],[-91.5910612539029,40.9608926581671],[-91.5933029996944,40.9625468408622],[-91.5955397149203,40.9640276672141],[-91.5979703764161,40.9656351707316],[-91.6014229613791,40.966286151712],[-91.6048124846092,40.9669147421317],[-91.6083255261908,40.9675638790775],[-91.6105424775821,40.9679758783039],[-91.6131911610957,40.9684620787277],[-91.6156426644043,40.9689191777521],[-91.6185842867354,40.9694692660137],[-91.6213761608069,40.9699933717348],[-91.6238458990175,40.9704346557565],[-91.6256650772994,40.9707680937002],[-91.6276991325973,40.9712969369406],[-91.6303014621438,40.9719294813363],[-91.6330040436761,40.9725849438116],[-91.6344474369117,40.9729500361349],[-91.6367717576407,40.9735379446916],[-91.6408441801498,40.9745786268177],[-91.645081533345,40.9756387580555],[-91.6490605310644,40.9767019913298],[-91.6509366634336,40.977179989708],[-91.6534513174085,40.9778013552937],[-91.6567451691624,40.9786335636643],[-91.6590703684438,40.9792031696874],[-91.6614030237421,40.9797825378697],[-91.6632750229627,40.980256851806],[-91.6675624123192,40.9813700587784],[-91.6725060209908,40.9826104672723],[-91.6750565177454,40.9832780308059],[-91.6787711412768,40.9842009716972],[-91.6806019976574,40.9846655566737],[-91.6828606317762,40.9852493517796],[-91.6860426441757,40.986053730781],[-91.6895603569967,40.9869268608654],[-91.6926306189748,40.987710945089],[-91.6950821213852,40.9883398738492],[-91.6991594846283,40.9893592342677],[-91.7016407212745,40.9899795358152],[-91.705809443182,40.9910343327212],[-91.7096661801913,40.9920041552529],[-91.7126224459598,40.9927552927322],[-91.7158609623906,40.9935696842242],[-91.7186070223826,40.9942187622967],[-91.7223583870091,40.9952260309388],[-91.7252039803346,40.9959330618189],[-91.7279405181846,40.9966247643093],[-91.730771648634,40.9973484588523],[-91.7346227262571,40.9983100513302],[-91.7369536747563,40.9988995562461],[-91.7405217830648,40.9997973292221],[-91.7436253734383,41.0005857349309],[-91.7471119138207,41.0014535872546],[-91.7491024008272,41.0019502531643],[-91.753314870689,41.0029802501298],[-91.7550555362151,41.0034083663138],[-91.7578053691313,41.0040509743321],[-91.7602212084249,41.0046422582838],[-91.7619941225713,41.005075243981],[-91.766211444234,41.0061041752503],[-91.7688646184256,41.0067504860968],[-91.7710444702941,41.0072854807981],[-91.7730387302248,41.0077692906898],[-91.7756523794423,41.0084065687145],[-91.779613678554,41.009368068324],[-91.7813976437751,41.0097960752231],[-91.7832954246443,41.0102500400947],[-91.7851099316867,41.0106889540885],[-91.7878494339772,41.0113526407224],[-91.7901593618987,41.011883055819],[-91.7943021215962,41.0128922920482],[-91.7962600006562,41.0133577586929],[-91.7982541707555,41.0138295949588],[-91.8036441522917,41.0149588422068],[-91.8081339320817,41.0159045882601],[-91.8124196146392,41.0168241572121],[-91.8145394590467,41.0172643829879],[-91.8173840642254,41.0178567677024],[-91.8191051455799,41.0182129432939],[-91.8223265050871,41.0188979710749],[-91.8262224086428,41.0197134621734],[-91.8296156149655,41.0204273468031],[-91.8327059992059,41.0210743311267],[-91.8354919443965,41.0216607858791],[-91.8377393495744,41.0221453712697],[-91.8419300802063,41.0230236477875],[-91.8438153735948,41.0234082592724],[-91.8457277080699,41.0238174677951],[-91.8478507864124,41.0242385358702],[-91.8507209037452,41.0248534941046],[-91.8549304091666,41.0256835498482],[-91.8577556107351,41.0262695569387],[-91.8618049474396,41.0270833303112],[-91.8644791413106,41.0276082657266],[-91.8665832652006,41.0280402872805],[-91.8688232143616,41.028492161851],[-91.8708619408989,41.0289052713001],[-91.873590843069,41.0294720711562],[-91.8767021580555,41.0301761601939],[-91.880017121117,41.03083843072],[-91.8834970148646,41.0315508401497],[-91.8858195192002,41.032024782296],[-91.8890425846081,41.0326818842326],[-91.8919670500155,41.0332773828728],[-91.8948524387081,41.0338824312259],[-91.8976655130203,41.0344325867224],[-91.9005467685643,41.0350597828689],[-91.9032740546652,41.0350961703223],[-91.9060887459449,41.035140281782],[-91.9099323675511,41.0352183432524],[-91.9122664601538,41.0352697727564],[-91.9146648721309,41.0353325873167],[-91.9170849344046,41.0353774439813],[-91.9200550333302,41.0354271800321],[-91.9219304461488,41.0354725787141],[-91.9244055742512,41.0355414908165],[-91.9267793723895,41.035589466336],[-91.9291377204032,41.0356416409105],[-91.9315780828057,41.0356968653206],[-91.9340767467685,41.0357320327429],[-91.936560229203,41.0357515482825],[-91.9390516168119,41.0357533771229],[-91.9417972276463,41.0357397566988],[-91.9440481362537,41.0357373857785],[-91.9467234988329,41.0357414506973],[-91.9491501179099,41.0357352852202],[-91.9515639809098,41.0357327781023],[-91.9537422158108,41.0357289842227],[-91.9564171292323,41.0357314906632],[-91.9591491764042,41.0357125863126],[-91.9616524208766,41.0356805351624],[-91.9640557735878,41.0356461808331],[-91.968295013245,41.0356578362359],[-91.9707421139105,41.035620093214],[-91.9710079703189,41.0356366463177],[-91.9712381896615,41.0353874969006]]},"properties":{"VOLTAGE":161,"VOLT_CLASS":"100-161","OWNER":"NOT AVAILABLE","STATUS":"IN SERVICE","TYPE":"AC; OVERHEAD","ID":"140001","SUB_1":"JEFFERSON","SUB_2":"HENRY CO","INFERRED":"Y","SOURCEDATE":1438300800000}},{"type":"Feature","geometry":{"type":"LineString","coordinates":[[-91.5511568061881,40.9723063341067],[-91.5511004521754,40.9720998359138]]},"properties":{"VOLTAGE":69,"VOLT_CLASS":"UNDER 100","OWNER":"NOT AVAILABLE","STATUS":"NOT AVAILABLE","TYPE":"OVERHEAD","ID":"140027","SUB_1":"MT PLEASANT","SUB_2":"NOT AVAILABLE","INFERRED":"Y","SOURCEDATE":1474848000000}},{"type":"Feature","geometry":{"type":"LineString","coordinates":[[-83.9735979044277,34.8856718308773],[-83.974154073878,34.8860958841149],[-83.9751879808711,34.8866544613229],[-83.9769741442697,34.886335691674],[-83.9802862111626,34.8852273039836],[-83.9849459216617,34.8837036107122],[-83.985156269372,34.8825747139184],[-83.9868533019281,34.8814136313092],[-83.9904826708474,34.8807936000398],[-83.9937412601332,34.8802262090794],[-83.9968144587039,34.8796822119611],[-84.0012852148712,34.8798313730691],[-84.0017486907606,34.8798459960857],[-84.0046899771217,34.8808784158967],[-84.0052425820569,34.8810860682442],[-84.0086473452058,34.8816534532686],[-84.0123943655796,34.8822500802933],[-84.0138703568801,34.8824811261371],[-84.0162447766526,34.8816125078],[-84.0185336327926,34.8791733081001],[-84.019881277297,34.8778191407034],[-84.020729793575,34.8768568789116],[-84.0241844680194,34.8751078139166],[-84.0251827226755,34.8746252060175],[-84.0286659204267,34.8749498697581],[-84.0313219907868,34.8753125557832],[-84.0334718038905,34.8756401418568],[-84.0360173536229,34.8727122962651],[-84.0375753440409,34.8708578419553],[-84.0410728007507,34.8696761177622],[-84.044880431355,34.8709748439448],[-84.0478751953233,34.8720278491981],[-84.0520286476676,34.8734552357377],[-84.0566634029681,34.8750551656518],[-84.0583033934019,34.875581645308],[-84.0599077306004,34.8760964199943],[-84.0636191004338,34.8757395882526],[-84.0645032690489,34.8756401418568],[-84.0664213437587,34.8757337381645],[-84.0699651490455,34.875654766356],[-84.0734269543166,34.8755406960777],[-84.074289732248,34.8755026733534],[-84.0782078816834,34.8750083682304],[-84.0790599642731,34.8749147710969],[-84.0798514366323,34.8752803823373],[-84.0814807317244,34.8754383258607],[-84.0835628055674,34.8751195141814],[-84.0874987829679,34.8750756396534],[-84.0891565986719,34.8750522413204],[-84.0899266812459,34.8730164930507],[-84.0901085056493,34.8726333222912],[-84.0928109245865,34.872750321017],[-84.0928180554132,34.8710772197198],[-84.0931389228529,34.8702757569603],[-84.0931389228529,34.8689770197354],[-84.0948359563073,34.8665813227157],[-84.096215686837,34.8644634581785],[-84.0989573217279,34.8644576072881],[-84.1004547046104,34.8620734799894],[-84.1010643525662,34.8606137166851],[-84.1011713086789,34.8600432608492],[-84.0999377511139,34.8590252068486],[-84.0999627081091,34.8587999456392]]},"properties":{"VOLTAGE":161,"VOLT_CLASS":"100-161","OWNER":"TENNESSEE VALLEY AUTHORITY","STATUS":"IN SERVICE","TYPE":"AC; OVERHEAD","ID":"140846","SUB_1":"YOUNGCANE","SUB_2":"BLAIRSVILLE","INFERRED":"N","SOURCEDATE":1399852800000}},{"type":"Feature","geometry":{"type":"LineString","coordinates":[[-83.1258896897428,38.293243976655],[-83.1281591000518,38.2934581286932],[-83.1333017107116,38.2939424981357],[-83.1353218726653,38.2940995417958],[-83.1371136074152,38.29414237189],[-83.1424745329436,38.2947634121132],[-83.1470502356923,38.2951560232348],[-83.1506908119931,38.2954701120127],[-83.1556091573439,38.2959126908848],[-83.1580076537626,38.2960054900091],[-83.1612199268107,38.2960768741955],[-83.1625405266351,38.2960340438331],[-83.1658670141834,38.2957199546762],[-83.1690792863331,38.2953344821333],[-83.1714849207651,38.2948919032596],[-83.1751968798933,38.2938354222053],[-83.177773837423,38.2926932808673],[-83.1819712057066,38.2908230242274],[-83.1830205475529,38.292607619648],[-83.183320360279,38.2928788787712]]},"properties":{"VOLTAGE":69,"VOLT_CLASS":"UNDER 100","OWNER":"KENTUCKY POWER CO","STATUS":"IN SERVICE","TYPE":"AC; OVERHEAD","ID":"141791","SUB_1":"TAP121270","SUB_2":"UNKNOWN121271","INFERRED":"Y","SOURCEDATE":1425859200000}},{"type":"Feature","geometry":{"type":"LineString","coordinates":[[-83.8729541697128,36.8392120531597],[-83.8794149996616,36.8468850001649],[-83.8772079998069,36.8535869999227],[-83.8782199995852,36.857886000178],[-83.8772079998069,36.8605139999381],[-83.8758610002929,36.8604450001011],[-83.8752160000374,36.8621310001556],[-83.8746219998356,36.8627609997986],[-83.8655369996007,36.8656500000702],[-83.8448091011568,36.8720210146556],[-83.8373449913762,36.8743042189235],[-83.8291174178086,36.8768040258358],[-83.8278659999392,36.8771840001767],[-83.8269488820178,36.8791535501243]]},"properties":{"VOLTAGE":-999999,"VOLT_CLASS":"100-161","OWNER":"BARBOURVILLE UTILITY COMM","STATUS":"IN SERVICE","TYPE":"OVERHEAD","ID":"141842","SUB_1":"UNKNOWN109489","SUB_2":"UNKNOWN109491","INFERRED":"Y","SOURCEDATE":1428451200000}},{"type":"Feature","geometry":{"type":"LineString","coordinates":[[-82.5279129039559,29.7866720823184],[-82.5258247422302,29.7857606913261],[-82.5181795338849,29.7824484813664],[-82.5150957531602,29.7810921879333],[-82.5113409632575,29.782855369088],[-82.509670581021,29.7792005173714],[-82.5049378338961,29.7783296337353],[-82.503181791009,29.7782725272417],[-82.4948018047788,29.7779246503588],[-82.4947556987468,29.7777343677756],[-82.4945437951545,29.7777252273473]]},"properties":{"VOLTAGE":69,"VOLT_CLASS":"UNDER 100","OWNER":"NOT AVAILABLE","STATUS":"IN SERVICE","TYPE":"AC; OVERHEAD","ID":"129592","SUB_1":"TAP143289","SUB_2":"ALACHUA","INFERRED":"Y","SOURCEDATE":1427328000000}},{"type":"Feature","geometry":{"type":"LineString","coordinates":[[-80.572472016212,41.9082703126797],[-80.5746098583661,41.9081432438553],[-80.5776782509501,41.9079715000784],[-80.5817088254416,41.907755492144],[-80.5846412364478,41.9075883529443],[-80.5864026234125,41.9074881390108],[-80.5902790083737,41.9072766662229],[-80.5930193667586,41.9059209262041],[-80.5957195452975,41.9046030042834],[-80.5978901948241,41.9035454558488],[-80.6016043386552,41.9017483012607],[-80.6048712481371,41.9001353272882],[-80.6084634977706,41.8983948158057],[-80.6110651877167,41.8971170297927],[-80.6147416615945,41.8953397451778],[-80.6183178915716,41.8936071647608],[-80.621193150861,41.8922055587151],[-80.6240329249001,41.8908234479448],[-80.6276861530733,41.8890342979326],[-80.6313696149458,41.8872217099319],[-80.6331362328004,41.8863546370306],[-80.6365051846105,41.884733252178],[-80.6385471702356,41.8837312118881],[-80.6408431024051,41.8825969572998],[-80.6443103667381,41.8809230672231],[-80.646928176952,41.8796450447168],[-80.6502308124328,41.8780397528414],[-80.653905475307,41.8762543430193],[-80.6561719032093,41.8751492710099],[-80.6585292711611,41.874642620194],[-80.6620395117956,41.8738834267446],[-80.6658834541003,41.8730620459253],[-80.6674889150913,41.8734757758168],[-80.6715552398362,41.8745103640789],[-80.6750402746421,41.875405276133],[-80.679052432772,41.8764187362331],[-80.6826409112779,41.8773446060111],[-80.6987413622163,41.8814161333214],[-80.7175370985702,41.8862257128934],[-80.7374495971291,41.8912165091235],[-80.7566915778886,41.8890503510642],[-80.7576950409767,41.8889624918012],[-80.7586920829072,41.8899728152063],[-80.7603849661449,41.8895498137652],[-80.7604102097027,41.8899862159138],[-80.7611754090348,41.8918081382693],[-80.762006445894,41.8937965591722],[-80.7621461015814,41.8944114560592],[-80.762672836833,41.8956475242779],[-80.7632010426268,41.896896113286],[-80.7637715051716,41.897899273013],[-80.7644625692382,41.8995113419739],[-80.7653254396962,41.9015601419515],[-80.7661257936985,41.903331254851],[-80.7675678152067,41.9049233848348],[-80.7686955557228,41.9064440590199],[-80.7677212762033,41.9068902690876]]},"properties":{"VOLTAGE":138,"VOLT_CLASS":"100-161","OWNER":"NOT AVAILABLE","STATUS":"IN SERVICE","TYPE":"AC; OVERHEAD","ID":"129721","SUB_1":"UNKNOWN113675","SUB_2":"TAP136902","INFERRED":"Y","SOURCEDATE":1476748800000}},{"type":"Feature","geometry":{"type":"LineString","coordinates":[[-91.0936163248488,41.3131862823166],[-91.0932541726353,41.3124965032254],[-91.0932979277761,41.3115458451956],[-91.0932755004367,41.3103158952929],[-91.093265768089,41.3097821517353],[-91.0968121371676,41.3098265523149],[-91.1000521807344,41.3098709521895],[-91.105269506073,41.3099395762522],[-91.1089396971338,41.3100783970446],[-91.1097508416994,41.3101090780523],[-91.1144363643898,41.3102301312179],[-91.1190734678864,41.3114691932592],[-91.123968568431,41.3127324542567],[-91.1280735988865,41.3118001582665],[-91.1320821511788,41.3108799278135],[-91.1361657127974,41.3099475392029],[-91.1392231288669,41.3092089320793],[-91.1438387626282,41.3092695938063],[-91.1493391471129,41.3091731689016],[-91.1551722675787,41.3091794443285],[-91.1593633584351,41.3092077849588],[-91.1640649600708,41.3092238453186],[-91.1679444235585,41.3089776856763],[-91.1726406370991,41.3090018427652],[-91.1764556024478,41.3090180367819],[-91.1807166711665,41.3090220861289],[-91.1849292308598,41.3090583892121],[-91.189055911612,41.3090180367819],[-91.1926345302093,41.3090543412169],[-91.1962184488669,41.3090866617424],[-91.200828782568,41.3091189842762],[-91.2057559520699,41.3091633853074],[-91.2104898041226,41.3091996883119],[-91.2152558158625,41.3092157473241],[-91.2200187733304,41.3092594728384],[-91.2247593627478,41.309330459259],[-91.2290374096254,41.3094331600084],[-91.2345244092123,41.3095199359425],[-91.239180916319,41.3096857950659],[-91.2439898684278,41.3098515862904],[-91.248783008391,41.3099542862188],[-91.2539230786152,41.3100726412754],[-91.2589317253133,41.3100529367028],[-91.263971902878,41.310045043266],[-91.2687056650991,41.3100438280087],[-91.2734357442277,41.3100398468767],[-91.2780870411058,41.3100122488534],[-91.2828946448433,41.3100054336919],[-91.2876305630212,41.3099956502225],[-91.2923452809584,41.3099906562598],[-91.2972781996781,41.3099768909777],[-91.3020828389752,41.3099722350728],[-91.3072788742416,41.3099814787307],[-91.3126024702783,41.3099784429459],[-91.320518424562,41.3099518570503],[-91.325834923908,41.3099668369218],[-91.3306833111595,41.3099635312288],[-91.3354218335534,41.3099586722175],[-91.3404941717035,41.3096599513002],[-91.344043415391,41.3099523287139],[-91.3494287256878,41.3100508462714],[-91.3547464826752,41.3101842471013],[-91.3587399432707,41.3101016562849],[-91.3633511752872,41.3100444353],[-91.3687111530929,41.3100317503331],[-91.3739991758444,41.3099332327467],[-91.3788133372835,41.3101175801215],[-91.3831453729097,41.310292345305],[-91.3881753096801,41.310076283672],[-91.392824540433,41.3101175801215],[-91.3976007031356,41.3101493623306],[-91.4023134447792,41.310209753276],[-91.4070811633181,41.3102541528896],[-91.4120222567069,41.310330468872],[-91.4167180201916,41.3104734507745],[-91.4212150763354,41.3105370823066],[-91.4261307474016,41.3106386327103],[-91.43042882671,41.3106799288036],[-91.4329417738858,41.3124245688638],[-91.4356280060799,41.3143373710626],[-91.4402561264237,41.3144072717227],[-91.4452227319665,41.3144485647541],[-91.4501289707223,41.3145048372627],[-91.4551399530402,41.3145390463307],[-91.4599274354137,41.3145856689007],[-91.4647852540773,41.3146571892982],[-91.4697507816418,41.3147565762062],[-91.4745713211194,41.3148280282696],[-91.4795160077693,41.3149026521032],[-91.4844856675841,41.314998934265],[-91.4893228258945,41.3150145876934],[-91.4941516298728,41.314998934265],[-91.4988729064098,41.3150114839967],[-91.5035570807291,41.3150176907153],[-91.5084852383777,41.3150642468208],[-91.513367941273,41.3150953512278],[-91.518213364084,41.3151543888358],[-91.5230463003126,41.3152041827995],[-91.5277470054297,41.3152382558829],[-91.5325552370896,41.3152724638913],[-91.5374254534024,41.3153190872862],[-91.5424157735705,41.3151730777698],[-91.5473439321175,41.3152072858123],[-91.5517383108243,41.3152041827995],[-91.5517093850722,41.3190484588426],[-91.5522017516794,41.3227527910663],[-91.5526983403685,41.3262983819596],[-91.553133124966,41.329933767265],[-91.5529984684032,41.3336584577254],[-91.5548140534239,41.3336747811955],[-91.554809802596,41.3341247542513],[-91.5551232247986,41.3347591199196]]},"properties":{"VOLTAGE":345,"VOLT_CLASS":"345","OWNER":"MIDAMERICAN ENERGY CO","STATUS":"IN SERVICE","TYPE":"AC; OVERHEAD","ID":"133145","SUB_1":"SUB T","SUB_2":"LOUISA","INFERRED":"N","SOURCEDATE":1438300800000}},{"type":"Feature","geometry":{"type":"LineString","coordinates":[[-83.1474602995515,34.4354588001564],[-83.142099447685,34.4428846010666],[-83.1396038110447,34.4468537527237],[-83.1393661320919,34.4543015308985],[-83.1221343509695,34.4576332157385],[-83.1179155363068,34.4563103566459],[-83.1157764194433,34.4567513122523],[-83.1126865822769,34.455869398711],[-83.1103760003817,34.4532499999594]]},"properties":{"VOLTAGE":115,"VOLT_CLASS":"100-161","OWNER":"GEORGIA POWER CO","STATUS":"IN SERVICE","TYPE":"AC; OVERHEAD","ID":"133192","SUB_1":"UNKNOWN111243","SUB_2":"TAP154604","INFERRED":"Y","SOURCEDATE":1401667200000}},{"type":"Feature","geometry":{"type":"LineString","coordinates":[[-86.5419034999944,33.538214299929],[-86.5426427002855,33.5386148998927],[-86.5429987709046,33.5386686442315]]},"properties":{"VOLTAGE":115,"VOLT_CLASS":"100-161","OWNER":"ALABAMA POWER CO","STATUS":"IN SERVICE","TYPE":"AC; OVERHEAD","ID":"134621","SUB_1":"UNKNOWN110130","SUB_2":"TAP145830","INFERRED":"Y","SOURCEDATE":1397433600000}},{"type":"Feature","geometry":{"type":"LineString","coordinates":[[-84.323881156014,37.5963024158761],[-84.3238587349629,37.596595006834],[-84.3253197243982,37.5978656393012],[-84.3267093292096,37.5994170471711],[-84.3282369430963,37.6011207412828],[-84.3297217271069,37.6028149179745],[-84.3307115834134,37.6039951296852],[-84.3320393221495,37.6054370839024],[-84.3330910436329,37.607745160921],[-84.334361675568,37.6104434699984],[-84.3357988704282,37.613522492321],[-84.3370885376641,37.6162779080761],[-84.3380783939706,37.618400386938],[-84.3394394449324,37.6213414011929],[-84.3405006849646,37.6236447191808],[-84.3421044418514,37.6270378312163],[-84.3437177163887,37.6304499778859],[-84.3438128946897,37.6336717679739],[-84.3439604214156,37.6373742088178],[-84.3440413227917,37.639891679075],[-84.344160295668,37.6438558613201],[-84.3442697508938,37.647268008192],[-84.3443554124426,37.6495951212812],[-84.3444077599692,37.6513416449058],[-84.3444458305709,37.6524266799221],[-84.3452167773242,37.654630059954],[-84.3462209087589,37.6575567966547],[-84.3459222871988,37.6608618687832],[-84.3456545982273,37.6636874788186],[-84.3454939839461,37.6650556687298],[-84.3458627998624,37.6700882293378],[-84.3461959248142,37.6740083910942],[-84.3463743850268,37.6767388222886],[-84.3465231011221,37.6782795227114],[-84.3487122047397,37.6824197860329],[-84.3504944209408,37.6857415129848],[-84.3520148968143,37.6885611740156],[-84.354827419561,37.6934081362519],[-84.3572687467541,37.6975912289937],[-84.3600598545627,37.7025381279394],[-84.3583180886005,37.7075564116861],[-84.3573829612543,37.710433179702],[-84.3546989290343,37.7143021842228],[-84.3524432000671,37.7175073181494],[-84.3510512147203,37.7195988638683],[-84.3500661176881,37.7228039981578],[-84.3488740083903,37.7269085682729],[-84.3486027504122,37.728000740743],[-84.3488169006911,37.7336043708292],[-84.3489882219922,37.7362170192819],[-84.3491666822049,37.7396719970829],[-84.3493023107447,37.7422989220978],[-84.3460686236569,37.743362540852],[-84.3438271716145,37.7441049333533],[-84.3398439536098,37.7451471372577],[-84.336460360159,37.7459751887291],[-84.332013147937,37.747131607228],[-84.3260882897177,37.7486592213329],[-84.3237272701143,37.7492409992198],[-84.3242233871878,37.7507007989845],[-84.324955071275,37.752517517009],[-84.3254797430964,37.754023715988],[-84.3261578893893,37.7560296007263],[-84.326789635901,37.7581818239693],[-84.3274178143045,37.7603768771809],[-84.3280102990484,37.7627610970477],[-84.3284278952813,37.7642423109957],[-84.3287883829166,37.7655664808543],[-84.3294165613201,37.767683012299],[-84.3296342824022,37.768521772129],[-84.3301660913386,37.770438427693],[-84.3306550703989,37.7722265931699],[-84.329116748594,37.7739754960507],[-84.3300268928938,37.7766488208942],[-84.3305658407417,37.7767487579233],[-84.3307450088268,37.7766703277803]]},"properties":{"VOLTAGE":138,"VOLT_CLASS":"100-161","OWNER":"NOT AVAILABLE","STATUS":"IN SERVICE","TYPE":"AC; OVERHEAD","ID":"139609","SUB_1":"UNKNOWN109445","SUB_2":"UNKNOWN129937","INFERRED":"Y","SOURCEDATE":1437955200000}},{"type":"Feature","geometry":{"type":"LineString","coordinates":[[-84.7164718073777,37.793281757692],[-84.7170874066722,37.7938779391841],[-84.7168507284426,37.7945009308758],[-84.7193134696755,37.7940654901063],[-84.7205983794337,37.7930732549556],[-84.7223187286613,37.7916919781473],[-84.7241711392188,37.7902321781249],[-84.7262912387478,37.7885939187081],[-84.7284613079628,37.786955659887],[-84.730463623985,37.7853745092618],[-84.7317556708582,37.7843572889762],[-84.7340756464362,37.7825548467807],[-84.7373593023117,37.7809558486727],[-84.7383194153991,37.7804311781572],[-84.7411497831789,37.7790035023305],[-84.7424953687447,37.778261109972],[-84.7445833463157,37.7771510913204],[-84.7478741402045,37.7754164637398],[-84.750261928705,37.7739745111998],[-84.753759736656,37.7721399462014],[-84.7568613642106,37.770487411264],[-84.7604698167568,37.7685850323143],[-84.7624364418144,37.7675428283316],[-84.7645494033302,37.766407824712],[-84.7665767041954,37.7653120830315],[-84.7697639924005,37.764020035989],[-84.7702958013369,37.7637987460109],[-84.7734937965618,37.7624959908865],[-84.7742183426357,37.7621926098032],[-84.7770272963757,37.761029052858],[-84.7803073832446,37.7596906056674],[-84.7829521536968,37.7586055716751],[-84.7864892234156,37.7571493418935],[-84.7899441996938,37.7557716338514],[-84.7931065039542,37.7544653097075],[-84.7948732538612,37.7537514717268],[-84.7982282943607,37.752366626163],[-84.8001163958828,37.7515921113342],[-84.8015726260438,37.7509924869963],[-84.8032430082803,37.7502964941137],[-84.8051382487139,37.7495148411893],[-84.8068728757646,37.7488759559915],[-84.8090536519995,37.7480621807663],[-84.8107632951055,37.7476624309095],[-84.8130689919621,37.7470413920611],[-84.8155174580668,37.7464025061086],[-84.8178552777796,37.7457493441259],[-84.8202644821165,37.7450711981337],[-84.82293423831,37.7441717618807],[-84.824386898566,37.7438077037624],[-84.8270102540802,37.7431117122113],[-84.8289411872749,37.7426048866458],[-84.8311826393174,37.7420302469063],[-84.8340165770021,37.7412949927259],[-84.8369647291869,37.7405276171256],[-84.8401698633234,37.7397067030635],[-84.8431430003513,37.7389000659437],[-84.8483985391238,37.7376487797171],[-84.8541727301071,37.7361852556504],[-84.8588610375749,37.7349227562387],[-84.8628581812631,37.7338467262553],[-84.8676161081655,37.7325695508685],[-84.8710606082909,37.7316514941853],[-84.874638508236,37.730698470819],[-84.877948979721,37.7297943867324],[-84.8818682385758,37.7287404503031],[-84.8862989101185,37.7275553392573],[-84.8904033126516,37.7260244717027],[-84.8946893554335,37.724404684737],[-84.8982954615802,37.7230490442462],[-84.9022507437762,37.7215482817091],[-84.9054888110493,37.7203593613088],[-84.9096460354195,37.718768585287],[-84.9126862029373,37.7176509630188],[-84.9173052502966,37.7159185736474],[-84.9218093132997,37.7142154928699],[-84.9243054619797,37.7132759612222],[-84.9283356636704,37.7117666860279],[-84.9336466832931,37.7097880529574],[-84.9385998141067,37.7079124892943],[-84.9416002769872,37.7068028763544],[-84.945148712191,37.7054630470186],[-84.9472891280185,37.7046538926514],[-84.9502655160493,37.7035222699455],[-84.9534107873536,37.7023634787779],[-84.9556391482474,37.7015238710373],[-84.958638443318,37.7003901393293],[-84.9617328699772,37.6995269819534],[-84.9652582175799,37.6986849247202],[-84.9684564005528,37.6979036303464],[-84.9735724857589,37.6966719661632],[-84.97775836459,37.6956572920768],[-84.9823977147731,37.6945449367221],[-84.9876284250095,37.6932989297234],[-84.9914239867479,37.6923922566961],[-84.9964350588973,37.6911804773449],[-85.0000660492758,37.6903176392636],[-85.0037260552379,37.6895086743044],[-85.0067034314155,37.6888108822367],[-85.0118785359358,37.6875918629811],[-85.0145503052538,37.686838674228],[-85.0199725363088,37.6855119913022],[-85.0235319309591,37.6846098447324],[-85.0242181827507,37.6844415281342],[-85.0291582592466,37.6832298726693],[-85.0316097616569,37.6826248696638],[-85.0345983667757,37.6818697827332],[-85.0394191757479,37.6805346927612],[-85.0450254716046,37.6791370846848],[-85.048911134366,37.6781163406518],[-85.0526010542271,37.6772162370962],[-85.0558107347372,37.676396181349],[-85.0582495709021,37.6756960611071],[-85.0609754188002,37.6750003432185],[-85.0637876846287,37.6743064667331],[-85.0664691557518,37.6736310717277],[-85.0700310656848,37.6727461297899],[-85.0729327138841,37.6719805597546],[-85.076179134591,37.6708056340315],[-85.0791415098018,37.6697138828831],[-85.082940304577,37.6683362647011],[-85.0867663201019,37.6669479560954],[-85.0896781192638,37.6659080581461],[-85.0934025344318,37.664562654334],[-85.0961788676489,37.6635227940775],[-85.0996797819741,37.6622897767057],[-85.1031756657338,37.6610309237042],[-85.1073989153791,37.6595374407957],[-85.1107123513045,37.6583168737796],[-85.1146483197219,37.6568991482311],[-85.1180671280302,37.6556708562462],[-85.1222426771339,37.6542098380889],[-85.1261881676932,37.652731366268],[-85.1300881837363,37.651436426084],[-85.1419188648741,37.6471914673022],[-85.1477559091812,37.6450142869119],[-85.1520559647832,37.6434164883434],[-85.1560061265821,37.6420052337591],[-85.1602993549879,37.6404395941248],[-85.1644976305699,37.6389381560093],[-85.1700316129446,37.6368182931073],[-85.1725791452588,37.6358731562134],[-85.1756279383999,37.6347135942604],[-85.1796296625977,37.633148937798],[-85.1824277350447,37.632068727026],[-85.1850099459222,37.6310649820135],[-85.1906540267163,37.6288868679856],[-85.1938139513395,37.627706655013],[-85.1986537749514,37.6259839252949],[-85.2016994850744,37.6248941319412],[-85.206777255337,37.6230333940373],[-85.2125307922553,37.6209489859835],[-85.2177418114206,37.6190501756796],[-85.2240378651935,37.6167658927446],[-85.2291061169073,37.614890877699],[-85.2339316635943,37.6127208097677],[-85.2385240238033,37.610660196798],[-85.2427880183349,37.6087185561505],[-85.2481275280269,37.6062915061162],[-85.24985025779,37.6054063467011],[-85.2519822546066,37.604416491009],[-85.2567459361166,37.6022797347952],[-85.2602056716693,37.6007188083044],[-85.2626279635616,37.6002857466604],[-85.2664160656899,37.600033524355],[-85.2695569541139,37.5998050949692],[-85.2726169411618,37.5996194967779],[-85.280112243144,37.5999478631506],[-85.2838242022722,37.6001096661416],[-85.2886021598087,37.6003190588556],[-85.294165340125,37.6005808001648],[-85.3001235096717,37.6008425398414],[-85.3051822437352,37.6010947629627],[-85.3116543780835,37.6014183700095],[-85.3157898811901,37.6016420387947],[-85.3192734122163,37.6018133607621],[-85.3245558160057,37.6021369668183],[-85.3288483625902,37.6023463602318],[-85.3341069718044,37.6026223768218],[-85.3390372153412,37.6029079127736],[-85.3418878095878,37.6031268229515],[-85.3463278837966,37.6033980818224],[-85.351481796161,37.603764519035],[-85.3554412195904,37.604021499844],[-85.3588581261653,37.6042594457484],[-85.3634362085511,37.6045735352265],[-85.3669102219269,37.6048019642047],[-85.3717452862643,37.6051493649827],[-85.3759854862207,37.6053873108378],[-85.3798021413003,37.6056490521073],[-85.3819055851656,37.6057870600967],[-85.3852035179659,37.6060154889067],[-85.3904240547817,37.6063533719019],[-85.3954018883673,37.6067198087899],[-85.3990186682962,37.6069625141804],[-85.4038632511825,37.6073003978555],[-85.4084032629665,37.6076192447036],[-85.4129861046267,37.6079523701514],[-85.4181162224159,37.6083045299404],[-85.4233700723557,37.6086852441584],[-85.4366941819921,37.609430555318],[-85.4431377615925,37.6095828402144],[-85.4509043233494,37.6097827152245],[-85.4594227929655,37.6100016250963],[-85.4679602987808,37.6102395710849],[-85.4746418259303,37.6104204097549],[-85.4817516554342,37.6106107666735],[-85.4911246447693,37.6108523136558],[-85.5070463255762,37.6113263442416],[-85.5252777564383,37.6117927176962],[-85.5381696758118,37.6121068066747],[-85.5509188277337,37.6124351720093],[-85.5651527636663,37.6127920918367],[-85.5755176960944,37.6131061801524],[-85.5883953394413,37.6134631003172],[-85.5929314228927,37.6136059041948],[-85.6073406075608,37.61396278567],[-85.61559829086,37.6141450327749],[-85.6167155444435,37.6141736180738],[-85.6215978278256,37.614356170645],[-85.6271277938325,37.6146683972511],[-85.6324489581298,37.6149753340643],[-85.637250642868,37.6152537736855],[-85.6428944119467,37.6154591802049],[-85.648571863357,37.6155027088406],[-85.6540683419668,37.6155632839912],[-85.6584656653512,37.6155746891463],[-85.6638479671901,37.6156410223134],[-85.6694492827868,37.615741503927],[-85.6752121900318,37.6158361092238],[-85.6802994716566,37.6159221477667],[-85.6856627121435,37.6160118792725],[-85.6906836019806,37.6160932169681],[-85.6967417091027,37.6161937442227],[-85.7009485195782,37.6162692952305],[-85.705022200627,37.616339678032],[-85.709800065637,37.6163910533364],[-85.7149730150989,37.6164957492658],[-85.7200031953128,37.6166337577639],[-85.725486183922,37.6168174691274],[-85.7313831746045,37.6169957870992],[-85.7333757663638,37.6169906766515],[-85.7379538487496,37.6171286856542],[-85.7415801481256,37.6172286230479],[-85.747689932631,37.6174147536663],[-85.7518689366553,37.6175236762334],[-85.7556951102837,37.6176140960171],[-85.7596916898299,37.6177643540103],[-85.7630619217392,37.6178330063174],[-85.7670546573943,37.6180709521528],[-85.7710283568503,37.618327934052],[-85.7741216561238,37.6185135318147],[-85.7772762160081,37.6187340447161],[-85.7805890311977,37.6188894868989],[-85.7836966073961,37.6190988786897],[-85.7863473273904,37.6193558613053],[-85.7892277618742,37.6196521476828],[-85.7923521024323,37.6199227450377],[-85.7957508783098,37.6199045297326],[-85.8004658657416,37.6200923748521],[-85.8015522172793,37.6201327102604],[-85.8037026753733,37.6202125527876],[-85.8067502099747,37.6203355766541],[-85.809797564913,37.6204870622287],[-85.8128379129921,37.6206056727399],[-85.8160971814042,37.6207241428909],[-85.8197249369493,37.6208610406748],[-85.8239976837667,37.6211894797724],[-85.8293875745731,37.6217002811946],[-85.8333504116006,37.6219875547123],[-85.8384246128566,37.6224574978347],[-85.8416547309378,37.6227311359268],[-85.8461519119475,37.6231356451334],[-85.8501850987398,37.6235044611234],[-85.8520758754448,37.6236815492394],[-85.8539158048097,37.6248857513273],[-85.8573890510242,37.6271543673126],[-85.8608640040378,37.6294032767681],[-85.8644663381586,37.6317526428882],[-85.8675179151788,37.6337530642943],[-85.8711465699375,37.6361132467372],[-85.8736587975627,37.6377568727139],[-85.8767660710288,37.6397682287585],[-85.8801731114069,37.6419999706735],[-85.8838367995633,37.6443792399669],[-85.8872185083487,37.6466025918012],[-85.888615298784,37.6484008277521],[-85.890356348789,37.6508623140028],[-85.892509761442,37.6536819748245],[-85.8946810200264,37.6564956883299],[-85.8968106372058,37.6592737088488],[-85.8986885949517,37.6617476422316],[-85.9001954200261,37.6650141580746],[-85.9012083199163,37.6671846559952],[-85.9019978617959,37.668506017225]]},"properties":{"VOLTAGE":345,"VOLT_CLASS":"345","OWNER":"KENTUCKY UTILITIES CO","STATUS":"IN SERVICE","TYPE":"AC; OVERHEAD","ID":"141214","SUB_1":"BROWN PLANT","SUB_2":"HARDIN","INFERRED":"Y","SOURCEDATE":1411084800000}},{"type":"Feature","geometry":{"type":"LineString","coordinates":[[-91.5694142396844,42.2957901272419],[-91.5691163906755,42.2960570428039],[-91.5683026158428,42.296149841711],[-91.5683036039896,42.2962372576779],[-91.5683078727838,42.2990979438313],[-91.5683154572598,42.3041805248921],[-91.5683254483224,42.3108762818595],[-91.5683799059915,42.3165178659889],[-91.5685595977944,42.3202109523276],[-91.5686357398962,42.3238372501729],[-91.5687880258965,42.3328316127428],[-91.568968864848,42.3418450110258],[-91.5691116322995,42.3504205888964],[-91.5692068106004,42.3587106307572],[-91.5693400612998,42.3677049941082],[-91.5694542749017,42.3771086233298],[-91.5695018640522,42.386045878822],[-91.5694066857512,42.3950212061913],[-91.5693781319015,42.4039679789113],[-91.5693019889014,42.4130575198864],[-91.56925286992,42.4219947736997],[-91.5692551004369,42.4305132627983],[-91.5692574665993,42.4395552153152],[-91.5692597285572,42.4481973939725],[-91.5692610194363,42.4531276543041],[-91.5692643036769,42.4623694778517],[-91.5692829536006,42.4658815552027],[-91.571325985763,42.4687479442091],[-91.5712766422028,42.4708307140154],[-91.5711865304,42.4746572311737],[-91.5712284844187,42.4764151799551],[-91.5722598339082,42.4779421517445],[-91.5731489378674,42.4792582221223],[-91.5740829791504,42.480591629952],[-91.5775569314407,42.4834412569156],[-91.5786556509833,42.4843033419189],[-91.5786223378593,42.4857119830569],[-91.5784938473326,42.4903507418976],[-91.5785192427057,42.4944058832741],[-91.5784622041767,42.4970891582019],[-91.5784934727351,42.5040990800042],[-91.5786865835717,42.5104250646962],[-91.5787056188726,42.5159132911245],[-91.5787127577842,42.5209030211033],[-91.5786984808594,42.5261069019944],[-91.5786974163558,42.5313607701158],[-91.5787748753878,42.5365002057408],[-91.5786723066469,42.5419636306724],[-91.5787841406116,42.5475387077366],[-91.5790235191769,42.5525209009189],[-91.5790453832726,42.5539060777639],[-91.5790692272552,42.5558262776915],[-91.5791966487867,42.5559939701608]]},"properties":{"VOLTAGE":161,"VOLT_CLASS":"100-161","OWNER":"NOT AVAILABLE","STATUS":"IN SERVICE","TYPE":"AC; OVERHEAD","ID":"144434","SUB_1":"DUNDEE","SUB_2":"COGGON","INFERRED":"Y","SOURCEDATE":1475539200000}},{"type":"Feature","geometry":{"type":"LineString","coordinates":[[-82.9685480618286,36.9705178832046],[-82.9687706940004,36.9708427751697],[-82.967878395632,36.9743227369238],[-82.9667090002362,36.9805229997421],[-82.9692979996823,36.9851840001507],[-82.9741109995997,36.9911099997981],[-82.9849429293131,36.9978159261914],[-83.0032112324243,37.0093782579827],[-83.0185587559157,37.0185986688534],[-83.0325380886355,37.0278785670388],[-83.0491943155621,37.0388835742931],[-83.0529419665532,37.0412630349083],[-83.0629357034277,37.0466168226974],[-83.0689486010365,37.0498552692863],[-83.0695868531476,37.0502478510412],[-83.0787955127695,37.0550317638313],[-83.0832272586972,37.0573219951704],[-83.0862015850945,37.0598799147926],[-83.0895328310188,37.0602963210529],[-83.0946189277658,37.062646039196],[-83.10898492413,37.0699628808805],[-83.1099961953746,37.0705577468627],[-83.1148096318732,37.073125652294],[-83.1213057431548,37.0763353757898],[-83.1220689554135,37.0767124788096],[-83.1319208330333,37.0814453337184],[-83.1404940244232,37.0861196669458],[-83.149134764631,37.091107911688],[-83.1572137092398,37.0954974157957],[-83.1640399549815,37.099854797179],[-83.1720321456901,37.1048659936895],[-83.1841353119047,37.1130707746881],[-83.1894653398789,37.1168725519551],[-83.1960688528375,37.1211249668462],[-83.2002850686741,37.1238661169568],[-83.2073559247694,37.1285536227506],[-83.2159916353098,37.1346726100595],[-83.222955522716,37.1397597341503],[-83.2294898384483,37.1444835679649],[-83.2374656537675,37.1497642161595],[-83.2444410737453,37.1539777886695],[-83.2504966278554,37.1578913088658],[-83.2574897680005,37.1623739069899],[-83.265883858679,37.1670591543135],[-83.2700401443097,37.169385434148]]},"properties":{"VOLTAGE":161,"VOLT_CLASS":"100-161","OWNER":"NOT AVAILABLE","STATUS":"IN SERVICE","TYPE":"AC; OVERHEAD","ID":"144519","SUB_1":"ARNOLD","SUB_2":"TAP154618","INFERRED":"Y","SOURCEDATE":1426723200000}},{"type":"Feature","geometry":{"type":"LineString","coordinates":[[-86.4924956859557,33.5925332133177],[-86.4926715689018,33.5922441526414],[-86.492935393321,33.5925648907004],[-86.495587899166,33.5910027702433],[-86.4976557131523,33.5897019717328],[-86.4987466631659,33.5888169430157],[-86.4998233524244,33.587866564711],[-86.5030462893732,33.5845164022593],[-86.5042085431625,33.5833046092592],[-86.5049358425728,33.5825977223374],[-86.5056987952183,33.5819918141182],[-86.5065330507412,33.5814334242281],[-86.5095135539544,33.5796810082916],[-86.5146973487767,33.576645382734],[-86.5155387360247,33.5760869590001],[-86.5160022110157,33.5757008129592],[-86.5167509020078,33.5749344553413],[-86.5173270383119,33.5742175978744],[-86.5181816999648,33.5729691002295]]},"properties":{"VOLTAGE":115,"VOLT_CLASS":"100-161","OWNER":"ALABAMA POWER CO","STATUS":"IN SERVICE","TYPE":"AC; OVERHEAD","ID":"129821","SUB_1":"UNKNOWN112347","SUB_2":"TAP142570","INFERRED":"Y","SOURCEDATE":1403481600000}},{"type":"Feature","geometry":{"type":"LineString","coordinates":[[-91.5359973791374,41.5706284910144],[-91.5365773171118,41.5715047692969],[-91.5377324409727,41.5714620931188],[-91.5542179071469,41.5713233968578],[-91.5596370048781,41.5713127279541],[-91.5783899347121,41.5743533009457],[-91.597984251794,41.5776070877952],[-91.6253221741858,41.5776924313313],[-91.650763411653,41.5777671062448],[-91.6758623909969,41.5778951201815],[-91.6945582787087,41.5807220359905],[-91.7163630173282,41.5811060601395],[-91.7503179426792,41.5817567620456],[-91.7720941597884,41.5821301129243],[-91.7892498823523,41.5873141348836],[-91.8120100933624,41.5876341232802],[-91.8426137349684,41.5880714370262],[-91.8672135869843,41.5883807542413],[-91.8891181499914,41.5882314288742],[-91.9143882592954,41.5879434432624],[-91.9283638271758,41.5930096787147],[-91.9408420130721,41.5974356437182],[-91.9582972123921,41.5976169421519],[-91.9805155129105,41.5978515620289],[-92.00655570389,41.5981501692551],[-92.0328953707274,41.5984487737561],[-92.0534736817103,41.598630068672],[-92.0720982647481,41.598790035023],[-92.0966125522331,41.5990246513072],[-92.1137540140419,41.5992379381592],[-92.1221393551295,41.6003896726953],[-92.1481652853538,41.6037274567229],[-92.1740072370148,41.607065651124],[-92.1768465421333,41.6074348752569],[-92.1795383438822,41.6077849538017],[-92.1822790139825,41.6081413461951],[-92.1852279135657,41.6085247357326],[-92.1882533496111,41.608918265815],[-92.1909609617089,41.6092703519681],[-92.1937776292823,41.609636674682],[-92.1964019675533,41.6099778767827],[-92.1989963020939,41.6103152479961],[-92.2015509310988,41.6106474457589],[-92.2043403797191,41.6106599377316],[-92.2071834577618,41.6106726332109],[-92.2098764273205,41.6106846550257],[-92.2129015040398,41.6106981551334],[-92.2160237775745,41.6107120582265],[-92.2188346069968,41.6107246851877],[-92.2217205346786,41.610737580805],[-92.2245637025528,41.6107502749259],[-92.2273638411249,41.6107627682219],[-92.2304004162799,41.6107762683133],[-92.2322994547905,41.6107847297124],[-92.2339513667664,41.6107921863279],[-92.2375991556407,41.6108084388182],[-92.239444924055,41.6108166342413],[-92.2409897568491,41.6108235521932],[-92.2457642127526,41.6108448426891],[-92.2487576687739,41.6108582762705],[-92.2529846024101,41.6108771488322],[-92.2553771744395,41.6108878951548],[-92.25829535164,41.610900857904],[-92.261063510188,41.6109132833347],[-92.2637886394339,41.6109253729408],[-92.2669964325836,41.6109397461361],[-92.2698933206102,41.6109526417105],[-92.2717927184469,41.6109611722658],[-92.2750108431208,41.6109754782887],[-92.2770386102116,41.6109845448131],[-92.2800854261607,41.6109981791868],[-92.2823814301954,41.6110084546669],[-92.2859965203933,41.6110245747889],[-92.2888292678103,41.6110372688533],[-92.2913179595751,41.6110483509709],[-92.2948591193234,41.6110641352613],[-92.297208662949,41.6110746787166],[-92.3005879453848,41.6110897906859],[-92.3033991332349,41.6111022839162],[-92.3061886716867,41.6111147758008],[-92.3116924697694,41.6111393592638],[-92.31405288301,41.6111498362141],[-92.3172931062398,41.6111643436878],[-92.3202333819963,41.6111774407099],[-92.3232374381379,41.611190874222],[-92.3260696465657,41.6112035682536],[-92.3279469458464,41.6112118287758],[-92.3296741366432,41.6112196869836],[-92.3316481835817,41.611228484817],[-92.3338474399586,41.611238290783],[-92.3360252257019,41.6112479630909],[-92.3394797869585,41.6112633436761],[-92.3411640382847,41.6112709332212],[-92.3441679147633,41.6112843660421],[-92.3474414645918,41.6112989413214],[-92.3492219263833,41.6113069331751],[-92.3525381470861,41.6113217757621],[-92.3545012345782,41.6113304412684],[-92.3578271579844,41.6113453510141],[-92.3594606535987,41.6112955817739],[-92.3631943223125,41.6114197687211],[-92.3653394093794,41.6114911639677],[-92.3679393125764,41.6115776709903],[-92.3704273773171,41.6116604838931],[-92.3733866084244,41.6117588793192],[-92.3760705041005,41.6118481390151],[-92.378890944598,41.6119420342065],[-92.3811866791381,41.6120184647819],[-92.3840182587452,41.6121126277067],[-92.388276452855,41.6122543433209],[-92.391087461042,41.6123478342715],[-92.3934693440179,41.6124270858799],[-92.3959145582212,41.612508487273],[-92.3989092718839,41.6124899503311],[-92.4007437224239,41.6124786669726],[-92.4040912036004,41.612458047973],[-92.4057005354318,41.6124480407038],[-92.4099168680494,41.6124220493332],[-92.4117836570413,41.6124105638025],[-92.4149379106001,41.6123910872228],[-92.4180064666775,41.6123721472694],[-92.4206456271507,41.6123558931582],[-92.4234456758913,41.6123386322695],[-92.4268893684313,41.6123173422666],[-92.4296786355918,41.6123001478589],[-92.4330044691665,41.6122796631285],[-92.4349676473884,41.6122675737762],[-92.4373493507012,41.6122528650613],[-92.4400957700194,41.6122358727975],[-92.4418879090112,41.612224858047],[-92.4439054353078,41.6122123657057],[-92.4464910561901,41.6121964480416],[-92.4477867861559,41.6121884562981],[-92.4494625025886,41.6121781803343],[-92.4516833194306,41.6121644777036],[-92.4539255125832,41.6121505762668],[-92.455949327985,41.6121356646923],[-92.4591889223942,41.6121085307492],[-92.4620749399075,41.6120844869765],[-92.4644004086835,41.6120649417919],[-92.468319578605,41.6120321667721],[-92.4705723736745,41.61201336104],[-92.4724501221129,41.6119976448168],[-92.474510228554,41.6119803838323],[-92.4774815860193,41.6119555327078],[-92.4804323720646,41.6119308837357],[-92.4828359044387,41.6119107347052],[-92.4851103489066,41.6118917281189],[-92.4870304079949,41.6118756760487],[-92.4899273849546,41.6118514300271],[-92.4932535769572,41.6118236908209],[-92.4946341977173,41.6118121386917],[-92.4993708354457,41.6117724456941],[-92.5007978083763,41.6117605577377],[-92.5023052712545,41.6117478638156],[-92.5050872638579,41.6117246916926],[-92.5084883753551,41.6116961478112],[-92.5125969999701,41.6116617600035],[-92.5161593590608,41.6116319393116],[-92.5187449799431,41.6116103797489],[-92.5219635537746,41.6115834470761],[-92.5243240568466,41.6115637680837],[-92.5270814356112,41.6115406637301],[-92.5294522693091,41.6115208497253],[-92.5325529841753,41.6114948579811],[-92.5353320123382,41.6114716857672],[-92.5384433273248,41.6114455596754],[-92.5415863528409,41.6114193657374],[-92.5441612837713,41.6113977389396],[-92.5469085115732,41.6113747688544],[-92.5495256633219,41.6113528727138],[-92.5513609214474,41.6113375599856],[-92.5551799292147,41.6113055898936],[-92.5576801203135,41.6112846346986],[-92.5600727830728,41.6112646869585],[-92.5631979321147,41.6112418511543],[-92.5631932608752,41.6108700287208],[-92.5635995024029,41.6104703918181]]},"properties":{"VOLTAGE":345,"VOLT_CLASS":"345","OWNER":"MIDAMERICAN ENERGY CO","STATUS":"IN SERVICE","TYPE":"AC; OVERHEAD","ID":"131905","SUB_1":"MONTEZUMA SWITCHING STATION","SUB_2":"HILLS","INFERRED":"N","SOURCEDATE":1438300800000}},{"type":"Feature","geometry":{"type":"LineString","coordinates":[[-84.5797091336401,38.8957647632828],[-84.5801140088302,38.8957167442867],[-84.5822163360896,38.8948233642465],[-84.5815243638262,38.8939389929271],[-84.5798260089501,38.89170134168],[-84.5785090787436,38.8900604657126],[-84.5774881434232,38.8887485341963],[-84.5759024372836,38.8866131587906],[-84.5739654000365,38.8840743852869],[-84.5738392765706,38.8797748268165],[-84.5735939188187,38.8759045918618],[-84.5723710700702,38.8746878870901],[-84.5711480138109,38.873516874319],[-84.5696105472021,38.8719698553227],[-84.5682071990653,38.8706267456611],[-84.5660946310116,38.8694430773285],[-84.564933917833,38.8688153547598],[-84.5629945449661,38.8677035572506],[-84.5597619574162,38.8664144342752],[-84.5556792042814,38.8644624837183],[-84.5532082982609,38.8632307291483],[-84.5504770595728,38.8618683591856],[-84.5485173856788,38.8608649437602],[-84.5471873400691,38.8601999327901],[-84.5444166662383,38.8588078447082],[-84.5424537584093,38.8578705623357],[-84.540689645956,38.8570348367178],[-84.5377614076244,38.8556327552459],[-84.5358165550343,38.8547293572666],[-84.5345042960672,38.8540912919203],[-84.5323316307211,38.8530605542025],[-84.5297050466618,38.8518192263278],[-84.5267769879932,38.8503947927929],[-84.5256858942491,38.8497027499174],[-84.5237139134357,38.8482880693321],[-84.5227967326324,38.8476412708792],[-84.5210051326297,38.8463831278501],[-84.5182715592201,38.8444532276721],[-84.5160839818402,38.8429320930518],[-84.513460452053,38.8412715486837],[-84.5119974557813,38.8403572636862],[-84.5088180493945,38.8383724817409],[-84.5049034599825,38.8359373658522],[-84.503308052038,38.8349422607714],[-84.5012196486654,38.8325500627625],[-84.4995721384344,38.8306683542304],[-84.4968950690562,38.8276081768879],[-84.4960484967324,38.8266406693094],[-84.4953870671887,38.825513865067],[-84.4947756738063,38.8244725647997],[-84.4938992774152,38.8230124512776],[-84.4919381653184,38.8197031316857],[-84.4906763018388,38.8176134867659],[-84.4897214834216,38.8159939277828],[-84.4880538500298,38.8131308607005],[-84.4865896859483,38.8106504322103],[-84.4850779704454,38.8079590828416],[-84.4828196363639,38.8042892303385],[-84.4802880940617,38.8000040297543],[-84.4793470342414,38.7983615437444],[-84.4789045744381,38.7975830740814],[-84.4774101371314,38.7951191869627],[-84.4768622546397,38.7941477372674],[-84.4714131639577,38.7877423491833],[-84.4693988715962,38.7854005930324],[-84.4674798006547,38.7830830589007],[-84.4645577606985,38.7796051458541],[-84.4596068756731,38.7794609556832],[-84.4539278162785,38.7792685849529],[-84.4495566141059,38.7791349692745],[-84.4420200183667,38.7788547802375],[-84.438817883705,38.7787521856756],[-84.4320541086047,38.7780696701262],[-84.4215963712246,38.7770652833237],[-84.4202146715878,38.776904070291],[-84.4144292525618,38.7762832363392],[-84.4082019513493,38.7757063763081],[-84.4035253219801,38.7752707698367],[-84.3927130195574,38.7742304859988],[-84.3898518853775,38.7738971906671],[-84.3879255380822,38.773702984721],[-84.3864207701498,38.7735436550364],[-84.3781294099089,38.7723920592185],[-84.3752826487735,38.7720231767139],[-84.369760525059,38.7711561877067],[-84.3624422199339,38.7700237439132],[-84.35841300639,38.7694094330553],[-84.3549751537977,38.7690919448207],[-84.350817839596,38.7686002660106],[-84.3466095028828,38.7682095820557],[-84.3454883155767,38.7681171287452],[-84.3424548854236,38.767804887815],[-84.3416427176769,38.766951226184],[-84.3398626161099,38.7651311732965],[-84.3388093414392,38.7640448618011],[-84.3379361789831,38.7639662719074],[-84.3352870472102,38.7637101887299],[-84.3319847503942,38.7633945663501],[-84.325794908929,38.7628089871761],[-84.3217721632552,38.7624380952322],[-84.3147392528958,38.761747927885],[-84.3112244146837,38.7613510422657],[-84.3061573765937,38.7607852698038],[-84.3006614845838,38.760146992948],[-84.2910059427524,38.7590792386909],[-84.2878455797514,38.7587142822835],[-84.2850139103128,38.7584025599043],[-84.280932054595,38.7577098317041],[-84.277807535272,38.7571804576917],[-84.2742162504292,38.7565774546906],[-84.2719632756966,38.7561994536932],[-84.2693405543931,38.7557608566551],[-84.2679622692527,38.7555305942153],[-84.2660263998154,38.7552090497963],[-84.2625072496899,38.7546138768535],[-84.2593077201424,38.7540872813457],[-84.2564313146027,38.7535758838257],[-84.2540597622526,38.7532145407389],[-84.2513786495573,38.7534901368144],[-84.2477978759016,38.7538524592682],[-84.2462502583301,38.7540244426972],[-84.2429746405798,38.7543691789053],[-84.2380546576002,38.7549009562855],[-84.2358720218527,38.7544267632102],[-84.2322946608967,38.7536728387721],[-84.2306794001844,38.7533468753259],[-84.2274539093252,38.7527020861328],[-84.2261356810531,38.7524316641406],[-84.2251665291172,38.752232851727],[-84.2199302493261,38.7511660313251],[-84.2164525124335,38.7504561387965],[-84.2146341417371,38.7500700500965],[-84.212243545103,38.7495760676969],[-84.2096988873976,38.749558063327],[-84.2068553601973,38.74956408767],[-84.2044241597123,38.7495551909224],[-84.2009111181307,38.7495254860479],[-84.1967752745626,38.7494983733333],[-84.1952520013354,38.7494875842916],[-84.193997774434,38.7494983733333],[-84.1895792301477,38.7494721706714],[-84.1859591093842,38.749121736729],[-84.1838069256265,38.7488967766783],[-84.1815929377773,38.7486957762702],[-84.179467344152,38.7484887501623],[-84.1758618659276,38.7481666850034],[-84.1727642053334,38.7478475609255],[-84.1705299155587,38.7476626707816],[-84.1680336770472,38.7474943859417],[-84.1662155767437,38.7470540532481],[-84.1646478369099,38.7466601693241],[-84.1621476458111,38.7459944412176],[-84.1565976743228,38.7447307891736],[-84.1540898484424,38.7441386810453],[-84.1501081548787,38.7431678681221],[-84.1489055802079,38.7428710732074],[-84.1438221038466,38.7416499662767],[-84.140324872614,38.7406297906773],[-84.1389056242966,38.7402314570429],[-84.137423943067,38.7398088768877],[-84.1341715027493,38.7388938502044],[-84.1295600012383,38.7375488609177],[-84.1252700067674,38.7363294848429],[-84.1238442007485,38.7359412869645],[-84.1210630166288,38.7346494277125],[-84.1174826014009,38.7329779502801],[-84.1146380860538,38.7316528906893],[-84.1127766869536,38.7307694350647],[-84.1116312451348,38.7302242332769],[-84.109654322689,38.7299180642084],[-84.1062915692544,38.729375588282],[-84.1017514838085,38.7286615546809],[-84.100216622314,38.7283925910943],[-84.0988915174384,38.7283053421697],[-84.0945945161084,38.7280824890112],[-84.0937735457702,38.7280480798609],[-84.0885918844467,38.727751151332],[-84.0850194633265,38.7275908780918],[-84.0840125417245,38.7275291367071],[-84.0826819571257,38.7274347392331],[-84.0788981633174,38.7271675917224],[-84.0754183594013,38.726907943268],[-84.0731527184233,38.7267527840512],[-84.0710382639075,38.7266049830204],[-84.0674087108335,38.7263371322937],[-84.0654565818896,38.7262071311212],[-84.0617514813986,38.725940539675],[-84.0567200165939,38.7255575422037],[-84.0549425201412,38.7254192698982],[-84.0515697055755,38.7251736309053],[-84.048782772238,38.7249620513069],[-84.0460680625511,38.7247543263471],[-84.044974364591,38.7246533359959],[-84.0440092146497,38.7249468433421],[-84.0407671049578,38.7258105377808],[-84.0384004044086,38.7264604762064],[-84.0368697640977,38.7268680672413],[-84.0328255486886,38.7279829757411],[-84.0318371323814,38.7282494887862],[-84.0301849509109,38.7280776542112],[-84.0272026339991,38.7277780620637],[-84.0256295042736,38.7276149856769],[-84.0242457394099,38.7274827442596],[-84.0203738208723,38.727121478662],[-84.0164510576896,38.726484793716],[-84.0140928004058,38.7261299712837],[-84.0125169757343,38.7258766257275],[-84.010873328259,38.7256276937462],[-84.0075634855947,38.7251164442044],[-84.0004634710836,38.7240588888184],[-83.9988762378081,38.7238231269789],[-83.9946852376815,38.723188585262],[-83.9935644097015,38.7231884436912],[-83.9908396397817,38.7231991673227],[-83.9889341334011,38.7231991673227],[-83.9851277020477,38.7232061757732],[-83.9826933565609,38.7232183697746],[-83.9796423194283,38.7232148662509],[-83.9774791762241,38.7232201926722],[-83.9747509028747,38.7232288831482],[-83.9733342596716,38.7232288831482],[-83.9704065603292,38.7232183697746],[-83.9681917639962,38.7232393257348],[-83.9661540256056,38.7232533433282],[-83.9622826460572,38.7221724919802],[-83.9581400651245,38.7210549696964],[-83.9546564882842,38.7201227422961],[-83.9502537552452,38.7189333456833],[-83.9466199800894,38.7179451590797],[-83.9436161036109,38.7171546842079],[-83.9415828567968,38.716584424739],[-83.9374962409063,38.7159127402709],[-83.9337936547997,38.7152687352481],[-83.932740020803,38.7150773830512],[-83.9317163402311,38.714889849691],[-83.929576962856,38.7144979262226],[-83.9272002002773,38.7140603340227],[-83.9253689845707,38.7137321563391],[-83.9236538311987,38.713417644098],[-83.9205082005683,38.7128382439093],[-83.9168304079636,38.7121682759202],[-83.9143726173462,38.7117221878719],[-83.9125479593411,38.7113871293362],[-83.9087518586135,38.7106999740416],[-83.9068789610776,38.710364980812],[-83.9043270270185,38.7099017777111],[-83.9025045249701,38.7095547940033],[-83.9016107012624,38.7093171617651],[-83.8994180025871,38.7087103898474],[-83.8975796012564,38.7082021723444],[-83.8958541172587,38.7077380439349],[-83.8927005805554,38.7068508570052],[-83.8905847785668,38.7062996543347],[-83.8861176372202,38.7050522648295],[-83.8842279411885,38.704530070865],[-83.8825953429912,38.7040151638327],[-83.8804331879338,38.7033817782314],[-83.878255312359,38.7027266532002],[-83.8743117082617,38.7015565280267],[-83.8729363875618,38.7011406603257],[-83.8710404033231,38.7005846456817],[-83.8685497343663,38.699856935309],[-83.8670967992258,38.6994314522536],[-83.8641880543358,38.6988705868441],[-83.8621155511438,38.698471528926],[-83.8598572763511,38.6980388857916],[-83.8576329578761,38.6976133933224],[-83.8542222344053,38.6969484701238],[-83.852196263945,38.6965688922361],[-83.8484633147819,38.6958700261651],[-83.8470166678484,38.6953309383117],[-83.844767645703,38.6945016507424],[-83.8431071997319,38.6938923692542],[-83.8409108188622,38.6931016277273],[-83.8386926987626,38.6922941901367],[-83.8366215430436,38.6915421347358],[-83.8342687645846,38.6906740288849],[-83.8325148048907,38.6900376503315],[-83.8304765284093,38.6892873942703],[-83.8277839172784,38.6883347666854],[-83.8263697004249,38.6881638879346],[-83.8245688468765,38.6879749867815],[-83.8223770474148,38.6877137942728],[-83.8188290613686,38.6873052766697],[-83.8164686481281,38.6870420482374],[-83.8154292084112,38.6892712657822]]},"properties":{"VOLTAGE":138,"VOLT_CLASS":"100-161","OWNER":"NOT AVAILABLE","STATUS":"IN SERVICE","TYPE":"AC; OVERHEAD","ID":"133681","SUB_1":"UNKNOWN130287","SUB_2":"TAP137345","INFERRED":"Y","SOURCEDATE":1411084800000}},{"type":"Feature","geometry":{"type":"LineString","coordinates":[[-84.0842807966346,38.1120818898415],[-84.0838329676009,38.1109986637886],[-84.0818756293266,38.1113278248639],[-84.0786793337142,38.1129897899509],[-84.0765771861178,38.1140889823085],[-84.0736049303373,38.1156393572241],[-84.0715982736556,38.116668540339],[-84.0691796495846,38.1179284599619],[-84.0672289579452,38.118942062704],[-84.0643456353777,38.1204352317985],[-84.0626025444004,38.1213555848725],[-84.0609813548072,38.1221902742311],[-84.0579828682203,38.1237481800328],[-84.0553302330179,38.1251090317803],[-84.053771835663,38.1259507462887],[-84.0507088500387,38.127510479095],[-84.047955873019,38.1289302662372],[-84.0463559725997,38.1297657869064],[-84.0435299634457,38.1312356276822],[-84.0420532229501,38.1326267250746],[-84.0410413606141,38.1336378626772],[-84.0391725045987,38.1354841602628],[-84.03710323624,38.1374380892545],[-84.0350247143356,38.1394850857048],[-84.0333884330456,38.14107674795],[-84.031250712164,38.143148795076],[-84.0294275812949,38.1449160787328],[-84.0282287804465,38.146091794959],[-84.0254255867041,38.1487945556796],[-84.0223534382639,38.1517695410241],[-84.0206305593805,38.1534434419433],[-84.0193406675657,38.1547014560501],[-84.0166833620221,38.1572569747103],[-84.0153569096736,38.1585435308806],[-84.0130642294054,38.160772734328],[-84.0120751842776,38.1617260582287],[-84.0105482279577,38.1632133372831],[-84.0089802186293,38.164707790149],[-84.0064141810202,38.1672163446487],[-84.0046911215754,38.1688754842226],[-84.003264507971,38.1702550578264],[-84.0007545252356,38.1726793829467],[-83.9985329017065,38.1748279308836],[-83.9969567177089,38.1772477256533],[-83.9959415316064,38.1788445647033],[-83.9945972027837,38.1808752899757],[-83.9937142486909,38.1822190480119],[-83.9916290792534,38.1854603467231],[-83.9907131569897,38.1868298632447],[-83.9897691165593,38.1883064627881],[-83.9888298389966,38.1897534490526],[-83.987881128225,38.1911893917567],[-83.9861392050576,38.1938705727978],[-83.9848428462711,38.1958895827235],[-83.9835018412149,38.1979179260397],[-83.9815312069761,38.2009735707059],[-83.9799259175634,38.2034928787102],[-83.9787943996316,38.2052126751902],[-83.9778231411464,38.2067260307197],[-83.9759320078102,38.2096803701585],[-83.9749729664129,38.2112030917474],[-83.9729366653269,38.2144067521573],[-83.9719725044308,38.2159332567192],[-83.9709691751916,38.2174674928164],[-83.9697100066578,38.2195000341011],[-83.9683574133345,38.2216949787082],[-83.9672310157998,38.2234839297815],[-83.9674032228398,38.2271895692218],[-83.9674278366785,38.2291871900938],[-83.9675262022022,38.2313059857774],[-83.9676442408305,38.2333289680347],[-83.9677784491339,38.2379642759713],[-83.9679604478105,38.2415299731846],[-83.968004734754,38.243301290692],[-83.9680612387854,38.2452307423334],[-83.9681620297603,38.2467333893396],[-83.967660141011,38.2486320602963],[-83.9671813389646,38.2503984781788],[-83.9671928374002,38.2527170710999],[-83.9671406452822,38.2560544819069],[-83.9671580725987,38.2579252582609],[-83.9671615760283,38.2600499886996],[-83.9671781050295,38.2618739682277],[-83.9671995747648,38.2637044622293],[-83.9671995747648,38.2669237953051],[-83.9653308993108,38.2690307709868],[-83.9635014802347,38.2711600428954],[-83.962148976743,38.2726242822272],[-83.9604476574263,38.274610993822],[-83.9592980833573,38.2760107779593],[-83.9582409459309,38.2773295792648],[-83.9570806819099,38.2786762797839],[-83.9557637517034,38.2800621649195],[-83.9548846603664,38.2813529676902],[-83.9536887332286,38.283233176016],[-83.9518877009155,38.285996283093],[-83.9509303663172,38.2875076756491],[-83.9494247000695,38.2897620511218],[-83.9484638620416,38.2912426252831],[-83.9475099410414,38.2927092798058],[-83.9467054997045,38.2939690476514],[-83.9454811858038,38.2958769888494],[-83.9439683330338,38.2981350523123],[-83.942453144644,38.300450428853],[-83.9410143130535,38.3026399690642],[-83.9398633016799,38.3044607640325],[-83.9379183592583,38.3074304460771],[-83.9364576986063,38.3096140660522],[-83.9354051425879,38.3112688309177],[-83.9334127691192,38.3143268323213],[-83.9323455705617,38.3159101617],[-83.9312710058188,38.3175504753352],[-83.928710447933,38.3214655671365],[-83.9271879831895,38.3237715312661],[-83.9251552753646,38.326895249329],[-83.925060323439,38.3285990889661],[-83.924838978553,38.3319237807748],[-83.9246228438957,38.3351821548969],[-83.9245121705543,38.33712544131],[-83.9244014091781,38.3388331270987],[-83.9242801366148,38.3406110913435],[-83.9240798123064,38.3437780461596],[-83.9239375191654,38.3461677732771],[-83.9237530052061,38.349235363068],[-83.9236212223539,38.3509922891089],[-83.9234578188037,38.3537330903365],[-83.9231573323412,38.3587017872712],[-83.9227250630264,38.3623475591053],[-83.9225864529781,38.3637699513084],[-83.9221982011123,38.3669895630099],[-83.9217786878746,38.3706711883397],[-83.9212484123624,38.372019960291],[-83.9204969716272,38.3738441542561],[-83.9199362432269,38.3751539920084],[-83.9178687706005,38.3802256510156],[-83.9167319526084,38.3829976668162],[-83.9156177721615,38.3857433822884],[-83.915499014881,38.3883184557534],[-83.9153695676485,38.3911303656735],[-83.9151699619924,38.3951681397148],[-83.9150081754097,38.3995271392321],[-83.9148139596453,38.403429282157],[-83.9141049193915,38.4043717523051],[-83.9120015141538,38.4072054919941],[-83.9094731159551,38.4106618642632],[-83.9085732744333,38.4118514447099],[-83.9060613154043,38.4152255259628],[-83.9039358107123,38.4181279573281],[-83.903516207643,38.4198451338978],[-83.9030139595677,38.4217136562348],[-83.902651219856,38.4230701327718],[-83.9019401125787,38.4258055302076],[-83.9016006401312,38.4272952876512],[-83.9008615063154,38.4301963889131],[-83.9004620264069,38.4318455839909],[-83.8994913060126,38.4335009337637],[-83.898089035854,38.4360012667949],[-83.8972341091982,38.437443883305],[-83.896263480432,38.439114865173],[-83.894821234345,38.4416806501791],[-83.8939383700838,38.4431356762796],[-83.8924482446905,38.4457794829685],[-83.8913536484151,38.4477474478839],[-83.8897956085897,38.4505163818574],[-83.8883135689322,38.4531355782579],[-83.8875545823487,38.4559759879156],[-83.8867083693511,38.459347093263],[-83.8859928612273,38.4619528851443],[-83.8857598382426,38.4647762777181],[-83.8853387080374,38.4698305362645],[-83.8850239383618,38.4728457598658],[-83.8848563127298,38.4750283288674],[-83.8848093308404,38.4766798751569],[-83.8845096528617,38.4782865871901],[-83.8842153647746,38.4796946716762],[-83.8837656681433,38.4820629606849],[-83.8836266089373,38.4832694382255],[-83.8832709659164,38.4853175272295],[-83.8829111008136,38.4870968816818],[-83.8826863423295,38.488367260238],[-83.8819876327015,38.491779248225],[-83.8813621357691,38.4952286891919],[-83.8809739737349,38.497330643155],[-83.8806485141074,38.4987777272678],[-83.8802698742152,38.4997061562595],[-83.8792137249356,38.501750473236],[-83.8784859098925,38.5031604901685],[-83.87756594521,38.505010265106],[-83.8762849476148,38.5074919532197],[-83.8752672462294,38.5095407581711],[-83.8743176371426,38.5113509362376],[-83.873424172761,38.513077843935],[-83.8725159760088,38.5149551280085],[-83.8711383196891,38.5175585591234],[-83.8701543051268,38.5194653861617],[-83.8691189069304,38.5215213712668],[-83.868044252356,38.5236081497971],[-83.8671147664298,38.5254674499039],[-83.8662670253979,38.5270472832305],[-83.8655071396007,38.5287761327545],[-83.8648199293067,38.5303582827328],[-83.8639025697385,38.5324092477829],[-83.8630579737084,38.5343227792777],[-83.8621012679308,38.5364517692918],[-83.8611536351376,38.5386635389413],[-83.8599116244258,38.5414418389766],[-83.8586227216561,38.5442577611474],[-83.8575668418712,38.5466082599857],[-83.8566962854276,38.54959828067],[-83.8560044020975,38.55204913571],[-83.8553823187632,38.5541907377772],[-83.8547645473424,38.5561918511184],[-83.8541379724317,38.5583264456767],[-83.8531126353664,38.5617457946839],[-83.8520673557018,38.5652851616635],[-83.851412664421,38.567504472933],[-83.8500585430634,38.5721110272296],[-83.849260300102,38.574862891907],[-83.8488523751315,38.5776847377549],[-83.8486009366834,38.5794139873128],[-83.848164984276,38.5825239882952],[-83.8478758165861,38.584611526284],[-83.8476418045562,38.5862436358005],[-83.8473206577405,38.5884602626705],[-83.8471462049123,38.5896295693407],[-83.8467149237444,38.5925310879439],[-83.8465038196526,38.5939369387392],[-83.8462193232022,38.5956943707877],[-83.8459853120707,38.5973153482833],[-83.8456503303012,38.5996427687724],[-83.8454484788569,38.6009840328514],[-83.845118077597,38.6033759910372],[-83.8443563071344,38.6056924751585],[-83.8436725993717,38.6076323449616],[-83.8431738547259,38.6090318631029],[-83.8438867577354,38.610804369068],[-83.8445143207929,38.6123896273043],[-83.8452104315948,38.6139823350321],[-83.8458445460656,38.6156998548412],[-83.8465048590034,38.6173088211803],[-83.8462526363262,38.6196882818231],[-83.8460242082242,38.6216489582504],[-83.845819573799,38.6236905360587],[-83.8455959049714,38.6255322389682],[-83.8453722352454,38.627630923189],[-83.8451628433426,38.6294583492737],[-83.8449382357755,38.6312515313045],[-83.8447034161602,38.6331884637265],[-83.8444921324054,38.6351876561676],[-83.8436610111045,38.6373847387353],[-83.8428738012514,38.6396043707058],[-83.8421028562948,38.6416126360932],[-83.8414032941656,38.6434638571633],[-83.8406561437842,38.6454483267474],[-83.8399327870797,38.6473709321839],[-83.8392634236155,38.6493872528214],[-83.8372835367293,38.64942485688],[-83.8350691688927,38.6494458218357],[-83.8339317867586,38.6494553400063],[-83.831402374362,38.64961760403],[-83.8312672246241,38.6503014727512],[-83.8304073572342,38.6541256423159],[-83.8297585041044,38.6571466832758],[-83.829246554224,38.6594450857219],[-83.828084583404,38.663026771836],[-83.8271907596963,38.6659197807837],[-83.8263770657119,38.6683691907514],[-83.8255111796096,38.6724444586559],[-83.8249199075913,38.6751431741344],[-83.8243218101734,38.6779176666771],[-83.8227778756946,38.6793238782307],[-83.820614822322,38.6813897350363],[-83.8182188357961,38.6836374322629],[-83.8171026790556,38.6862189747461],[-83.8157290651547,38.6896118276931],[-83.8140625106396,38.6936475326889],[-83.8142369625695,38.6946780539422],[-83.8152934217678,38.6962820060162],[-83.8146426857692,38.6974550169722]]},"properties":{"VOLTAGE":345,"VOLT_CLASS":"345","OWNER":"EAST KENTUCKY POWER COOP, INC","STATUS":"IN SERVICE","TYPE":"AC; OVERHEAD","ID":"137336","SUB_1":"UNKNOWN109449","SUB_2":"UNKNOWN121396","INFERRED":"Y","SOURCEDATE":1411084800000}},{"type":"Feature","geometry":{"type":"LineString","coordinates":[[-95.4073480018267,41.9661351953033],[-95.4063918476148,41.9657367062583],[-95.4063214843752,41.9648258538228],[-95.4059497633072,41.9635046231136],[-95.4049122334086,41.9596009041741],[-95.4034187016037,41.9540783857491],[-95.4027733923278,41.9519043327654],[-95.3987492749266,41.9475075970881],[-95.3892458699751,41.9371292019731],[-95.3834553125857,41.930762192296],[-95.3759262977292,41.9231742357129],[-95.3705547361478,41.9185902860581],[-95.362578203973,41.9117774191031],[-95.3552917306499,41.9056102990447],[-95.3488654831446,41.9001410460378],[-95.3409753006282,41.8934371138041],[-95.3343418531093,41.8876400140666],[-95.3296761786951,41.8837675121593],[-95.3240455672403,41.8794860071876],[-95.317218521998,41.8743048409416],[-95.3076286838448,41.8672017990528],[-95.2999815432234,41.8615119869482],[-95.2925464885524,41.8560034242199],[-95.2837160708691,41.8493524542023],[-95.2768613871604,41.8438778962312],[-95.2693602146878,41.8378432992321],[-95.2676203998663,41.8364053939363],[-95.2666221452102,41.8355412191447],[-95.2623724311967,41.8317018739962],[-95.2588357567366,41.8285282203083],[-95.2543747993925,41.8241747230689],[-95.2481898851866,41.8171984532816],[-95.2419034532687,41.8102624832427],[-95.2356510288726,41.8035049247923],[-95.2307800418052,41.7981580297165],[-95.2264542710299,41.7933099391905],[-95.2194189513889,41.7858598913233],[-95.2135657427966,41.7802968941178],[-95.2057831524001,41.7730803361431],[-95.199102087883,41.7667736109914],[-95.1924660702841,41.7604126200912],[-95.186229353829,41.7545545598882],[-95.1836653571923,41.7518418727254],[-95.1812630959342,41.7475201138564],[-95.1746763697933,41.73610241708],[-95.1719492256262,41.7314300181769],[-95.1685580243432,41.7256227968689],[-95.1647149219633,41.7190564340613],[-95.1633930851587,41.7166131699816],[-95.1583447679593,41.7125608847016],[-95.1521746022938,41.7074721037322],[-95.1510337400863,41.7065494077773],[-95.1432566159382,41.7001374071444],[-95.1371643952932,41.6952164990801],[-95.1302999091682,41.6893715106716],[-95.1281229777227,41.6874754791662],[-95.1205727060317,41.6818304409036],[-95.1121398287942,41.6756669680932],[-95.1021192520555,41.6682813831838],[-95.0925169911003,41.661285601714],[-95.087858468174,41.6580253800409],[-95.0812224496769,41.6536710548542],[-95.07832275711,41.6516820318909],[-95.071722761954,41.6459276940771],[-95.0666859575633,41.6413594411246],[-95.0597755244081,41.6350094331531],[-95.0519783363881,41.6280434826822],[-95.0429997263274,41.6197982297096],[-95.038758264238,41.6159658702608],[-95.0355879416154,41.6130046560943],[-95.0299501786727,41.6079151093041],[-95.0273927451274,41.6060028722965],[-95.0234231518706,41.6034922482842],[-95.0096047936565,41.5942296300361],[-95.0054121235618,41.5914210820133],[-95.0003257779815,41.5877448999088],[-94.9965609314392,41.5839902836696],[-94.9857429336976,41.5735415060177],[-94.977860289843,41.5658363402912],[-94.9757496935914,41.5639264128763],[-94.9703876388807,41.5593594281334],[-94.9643981100457,41.5543972696845],[-94.9561268558975,41.5474602797305],[-94.9490582608618,41.5422588279896],[-94.9315179641349,41.530896491696],[-94.9293729668995,41.5294675302615],[-94.9261969732125,41.5273514977742],[-94.9245719208635,41.5262764749876],[-94.923292899562,41.5254195382278],[-94.9222559742295,41.5245034722051],[-94.921705935781,41.5240305377155],[-94.9185646071825,41.5210403737792],[-94.9156164549977,41.5182564048001],[-94.9137747523584,41.516436117185],[-94.9124639998661,41.5153259997277],[-94.9157810003066,41.5153220002153],[-94.9196769406932,41.5153418430678],[-94.9200390003803,41.5153180000301],[-94.9198369557981,41.5148992531895]]},"properties":{"VOLTAGE":161,"VOLT_CLASS":"100-161","OWNER":"NOT AVAILABLE","STATUS":"IN SERVICE","TYPE":"AC; OVERHEAD","ID":"144694","SUB_1":"UNKNOWN130489","SUB_2":"EXIRA","INFERRED":"Y","SOURCEDATE":1438300800000}},{"type":"Feature","geometry":{"type":"LineString","coordinates":[[-83.5254043037882,34.0429752590746],[-83.525529068103,34.0431893330572],[-83.5256599382669,34.0436533282508],[-83.5272444999527,34.0433315001544],[-83.5331729999423,34.0421585000293],[-83.5357833999533,34.0419796998371],[-83.54122279961,34.0415488997243],[-83.5449154000438,34.0412500000805],[-83.548673299914,34.0409511001276],[-83.5538030996996,34.0405273999129],[-83.5570469000209,34.0402614996824],[-83.5629948000272,34.0397812999572],[-83.5669203003766,34.0394940996284],[-83.5711428996416,34.0388392997878],[-83.5733059054035,34.0385281943599],[-83.5750461002123,34.0382779001932],[-83.5796014004242,34.0376287998217],[-83.5840723003219,34.0369897001342],[-83.5868600996353,34.0365936002074],[-83.5913430001269,34.0359443998498],[-83.5968101999466,34.0351587996565],[-83.599139299713,34.0347836000454],[-83.6032851999207,34.0346983997573],[-83.6070238003853,34.0345920999017],[-83.6112191995618,34.0344673997199],[-83.6163944999148,34.0343166999273],[-83.621842400329,34.0341543002872],[-83.6269353997307,34.0340013003666],[-83.6302302998186,34.033862399867],[-83.634692600144,34.0336577001787],[-83.6394730999128,34.0334551998276],[-83.6438218001858,34.0332550998298],[-83.6484658997619,34.0330056000631],[-83.6544258003621,34.0326725997968],[-83.658884599953,34.0324395998549],[-83.6629820001185,34.0321998999256],[-83.667071300175,34.031970200351],[-83.6707628998857,34.0317537999088],[-83.6759648999656,34.0314509000038],[-83.6798172001957,34.0312611998934],[-83.6846694996102,34.0309976000481],[-83.6879339000976,34.0301570998324],[-83.6933684003427,34.0287805997352],[-83.6998297998233,34.0271476000142],[-83.7038968998143,34.0261193996817],[-83.7088929997429,34.0248539000355],[-83.713156599914,34.0237558999149],[-83.7176756001036,34.0226067000462],[-83.7236962995806,34.0210992002071],[-83.7257753002871,34.0193676000892],[-83.7288139002446,34.0168886001076],[-83.7330112002563,34.0134071997735],[-83.7356373998365,34.0112230997643],[-83.7389582998637,34.0084749996385],[-83.7426544001339,34.0054163999297],[-83.7458151997162,34.0028006998728],[-83.7489210996582,34.0002399000848],[-83.7520669997832,33.9976459997966],[-83.7526879000362,33.9971341001792],[-83.7535269777156,33.9956566399007],[-83.7531627782415,33.9955553489236]]},"properties":{"VOLTAGE":230,"VOLT_CLASS":"220-287","OWNER":"GEORGIA POWER CO","STATUS":"IN SERVICE","TYPE":"AC; OVERHEAD","ID":"146341","SUB_1":"UNKNOWN111503","SUB_2":"WINDER","INFERRED":"Y","SOURCEDATE":1397088000000}},{"type":"Feature","geometry":{"type":"LineString","coordinates":[[-93.6352445229639,43.2631188427322],[-93.6346402217807,43.2629470591981]]},"properties":{"VOLTAGE":69,"VOLT_CLASS":"UNDER 100","OWNER":"NOT AVAILABLE","STATUS":"NOT AVAILABLE","TYPE":"OVERHEAD","ID":"147814","SUB_1":"FOREST CITY LIGHT PLANT","SUB_2":"NOT AVAILABLE","INFERRED":"Y","SOURCEDATE":1441929600000}},{"type":"Feature","geometry":{"type":"LineString","coordinates":[[-83.4878589999944,34.6013969000011],[-83.4883433293748,34.6009399379514],[-83.4899334058182,34.5989795960903],[-83.4914949616496,34.5968020356688],[-83.4937552962793,34.5936383091333],[-83.4947712522381,34.5921074787636],[-83.4969026319121,34.5891632629391],[-83.4985326591311,34.5870580772919],[-83.5010354265981,34.5835945870834],[-83.5028847002386,34.5809105000531],[-83.5065056995545,34.5758886003625],[-83.5092995508179,34.5720994630938],[-83.5129431813907,34.5670500302672],[-83.5149546000417,34.5640944999044],[-83.5165102997558,34.5638824997629],[-83.5157861004316,34.5629857003633],[-83.5188328849397,34.5588117492004],[-83.5220486910618,34.5543135271087],[-83.5245265877718,34.5507414316942],[-83.5286024220823,34.5450947639581],[-83.5313212990538,34.5412908156479],[-83.5313817035702,34.5412063020102],[-83.5310640844385,34.5403743027179],[-83.5309743571147,34.5401643022012]]},"properties":{"VOLTAGE":115,"VOLT_CLASS":"100-161","OWNER":"GEORGIA POWER CO","STATUS":"IN SERVICE","TYPE":"AC; OVERHEAD","ID":"140122","SUB_1":"UNKNOWN110327","SUB_2":"UNKNOWN110330","INFERRED":"Y","SOURCEDATE":1400716800000}},{"type":"Feature","geometry":{"type":"LineString","coordinates":[[-85.6860456998817,37.9761672636939],[-85.6861408781827,37.9774224297973],[-85.6862717492449,37.9802837317024],[-85.6863788239351,37.9827881147678],[-85.6864859004221,37.9851735237024],[-85.6866346174157,37.988784356268],[-85.6867297948183,37.9909139737872],[-85.6868487676946,37.9936503541681],[-85.6869201523186,37.9957442799494],[-85.6870986107347,37.9994978800193],[-85.687128354852,38.0005388940119],[-85.6872830195911,38.0049468447845],[-85.6873544033169,38.0079211723496],[-85.6874198392971,38.0107408331679],[-85.6875269139874,38.0136556728472],[-85.6876875282686,38.0185871051644],[-85.6877172705893,38.0198958090685],[-85.689567302408,38.0219183507233],[-85.6915482025938,38.0241371981079],[-85.6934577208505,38.0262727647848],[-85.6955516470654,38.0285689441275],[-85.6977050588201,38.0308532270653],[-85.6994956033023,38.0327924879847],[-85.7011850208397,38.0346663131419],[-85.7033265353068,38.0369862880788],[-85.7048114576579,38.038561339814],[-85.7058612333905,38.0397489050657],[-85.7059262408744,38.0398224452269],[-85.7070933662275,38.0410538159465],[-85.7156978773798,38.0467763248324],[-85.7184794971823,38.0485860776701],[-85.7226723756861,38.0529566933258],[-85.7271195528738,38.0575999319765],[-85.7320854092217,38.0627040867955],[-85.7357365910328,38.0662732086497],[-85.7369709364203,38.0673201716796],[-85.7415008071231,38.0707046727862],[-85.747225280847,38.0750107589945],[-85.7496785628199,38.0769460380336],[-85.7516135438234,38.0783489736743],[-85.7529460418338,38.0797915216523],[-85.7541000814281,38.0810199190801],[-85.7557032427319,38.0827212340312],[-85.7571130731119,38.0842292169766],[-85.7584277260892,38.0856479711109],[-85.760197450318,38.0875336931746],[-85.761794662978,38.0892707003356],[-85.7639272553777,38.0914151892449],[-85.7657445678587,38.0933009117147],[-85.7667945052881,38.0943627470931],[-85.7680585938946,38.0956625272792],[-85.7694684251729,38.0970634346974],[-85.7706730273413,38.0984018819506],[-85.7723178291518,38.1002162210198],[-85.7739685796061,38.1020811231298],[-85.776232043068,38.1042613037411],[-85.7769904960522,38.1049424250718],[-85.778626374897,38.106483125758],[-85.7803009208249,38.1080327502975],[-85.7823621286005,38.1099868818272],[-85.7842775946027,38.1118071700375],[-85.7855000427026,38.1129731061693],[-85.7868920280494,38.1142877581002],[-85.788408934018,38.1157124599531],[-85.7889145696402,38.1162805572529],[-85.7905445007395,38.1181454592024],[-85.7920881756052,38.119921132207],[-85.7934385204454,38.1214529099594],[-85.795214193318,38.1234605801912],[-85.7958804423232,38.1241000600274],[-85.7971088390669,38.125307636948],[-85.7977096529902,38.125762708948],[-85.7992741481092,38.1269940796955],[-85.800246753169,38.1277644301227],[-85.8016357632956,38.1288649306629],[-85.8034560509969,38.1306138348561],[-85.8045565518986,38.1315061329503],[-85.8057343851699,38.1324281737362],[-85.8079443090408,38.1339599519305],[-85.8095177280239,38.1352091688556],[-85.8110970947524,38.1367022808111],[-85.8119150350732,38.1373417612301],[-85.8138780902259,38.1389389741657],[-85.815701352249,38.141169719326],[-85.817625741217,38.1432576960288],[-85.8195293099316,38.1460000252033],[-85.8209123723127,38.1480314903264],[-85.8224292782812,38.1501997733195],[-85.8238629032364,38.1522669301137],[-85.825504730725,38.154140756284],[-85.8268164093804,38.1554673046893],[-85.8287764902112,38.1575552818581],[-85.8299037600101,38.1582126077305],[-85.8316586117311,38.1593904412688],[-85.8345883241981,38.1612761639345],[-85.8364591753718,38.1624510231518],[-85.8387672518656,38.1637656753469],[-85.8414084542094,38.1654878097699],[-85.8424524420966,38.1662194949233],[-85.8448319032145,38.1679059378314],[-85.8464677829576,38.1690926942886],[-85.8493439558336,38.171127132763],[-85.8502392294222,38.1732716219895],[-85.8505607822765,38.1739530471817],[-85.8510961611178,38.1752855449093],[-85.8529105001753,38.179592369826],[-85.8538622849817,38.1817457818009],[-85.854778377027,38.1839586807436],[-85.8542846386923,38.186486858295],[-85.8536005437557,38.1890269319556],[-85.8534220844414,38.1899251791514],[-85.8530711135582,38.1916562367163],[-85.8525892734094,38.194142773872],[-85.8520836368888,38.1966114636732],[-85.8515958480963,38.1991455902534],[-85.8512270312817,38.2016797161755],[-85.850953392768,38.2039877943181],[-85.8506559605775,38.2065397651523],[-85.8505845768517,38.2089906097812],[-85.8500967871609,38.2134639967866],[-85.8498647900522,38.2148202899791],[-85.8495852028948,38.215079651144]]},"properties":{"VOLTAGE":161,"VOLT_CLASS":"100-161","OWNER":"NOT AVAILABLE","STATUS":"IN SERVICE","TYPE":"AC; OVERHEAD","ID":"142163","SUB_1":"CAMPGROUND","SUB_2":"TAP138385","INFERRED":"Y","SOURCEDATE":1437004800000}},{"type":"Feature","geometry":{"type":"LineString","coordinates":[[-83.1997680001932,32.8384650000234],[-83.2008618643416,32.8381325977649],[-83.2065519173187,32.839127098006],[-83.2163775973699,32.8409603030379],[-83.2254331939489,32.8427096022917],[-83.2381110313154,32.845225655216],[-83.250161392761,32.8477176762186],[-83.2625397533714,32.850425273105],[-83.268600585982,32.8517670600611],[-83.2796526936698,32.8541750380197],[-83.2879099080485,32.8559838387918],[-83.3031109998603,32.8660289996667],[-83.3185210002814,32.8761360002715],[-83.318865000238,32.8763610000812],[-83.3189399996828,32.876409999736],[-83.3183804489738,32.8783508963156],[-83.3172403368596,32.8810835322951],[-83.3170530003936,32.8825889999012]]},"properties":{"VOLTAGE":115,"VOLT_CLASS":"100-161","OWNER":"GEORGIA POWER CO","STATUS":"IN SERVICE","TYPE":"AC; OVERHEAD","ID":"148195","SUB_1":"UNKNOWN112280","SUB_2":"UNKNOWN112282","INFERRED":"Y","SOURCEDATE":1403049600000}},{"type":"Feature","geometry":{"type":"LineString","coordinates":[[-83.5804994048913,40.6233204222768],[-83.5806539690191,40.6231279817775],[-83.5906159261938,40.6263099336724],[-83.5910909553161,40.6262739348073],[-83.5936449563986,40.6260739628041],[-83.5939238823961,40.6260504407375],[-83.5953299245805,40.6259419670862],[-83.5978879680818,40.6257449947009],[-83.6026949429987,40.6253709569282],[-83.6162229423568,40.6243309900051],[-83.6170319651017,40.6246009888745],[-83.6182878997004,40.6250499618504],[-83.6196219877289,40.6255229313324],[-83.6245449351489,40.6271989897124],[-83.6247309762443,40.6272629420242],[-83.6270469228782,40.6280599460068],[-83.6325569193364,40.6299579907589],[-83.6357659710259,40.6302619872025],[-83.6485449551001,40.6314709337682],[-83.6528629770078,40.6318799788031],[-83.6589279526486,40.6324539329365],[-83.6659559222739,40.6331189609239],[-83.6762089336007,40.6340889832072],[-83.6823509846928,40.6346729401882],[-83.6830809556927,40.6348029416906],[-83.6857699726642,40.6352789779419],[-83.6893319724288,40.6359139830665],[-83.7184098991866,40.6410969396822],[-83.7235689238633,40.6419919342556],[-83.7289869328363,40.6429609421881],[-83.7329579364481,40.643668943186],[-83.7361539616676,40.6442369340977],[-83.7407009641413,40.6450459362086],[-83.7482289360537,40.6463899799624],[-83.748651952721,40.6464649549821],[-83.7684629488393,40.6528999521922],[-83.7709539771222,40.6537099390337],[-83.778147955412,40.6560189458343],[-83.7954009089273,40.6615549617991],[-83.7960489535733,40.6617949633269],[-83.7962149622378,40.6618479788802],[-83.8188959858573,40.6647389663144],[-83.8229939214187,40.6651889640244],[-83.8485009541923,40.6680109882495],[-83.8541489318781,40.6686079336878],[-83.8612559532485,40.6693239758078],[-83.8707979480279,40.6702969467834],[-83.875237407789,40.6706993642464],[-83.877328989401,40.6709229009735],[-83.8820898753539,40.6713926252447],[-83.8841551507011,40.6715935087026],[-83.8863418046129,40.6718386760735],[-83.8955447644243,40.6727904907477],[-83.8976648666482,40.6730068107414],[-83.9021168606025,40.6734614952962]]},"properties":{"VOLTAGE":138,"VOLT_CLASS":"100-161","OWNER":"OHIO POWER CO","STATUS":"IN SERVICE","TYPE":"AC; OVERHEAD","ID":"148375","SUB_1":"UNKNOWN137331","SUB_2":"TAP140023","INFERRED":"Y","SOURCEDATE":1475712000000}},{"type":"Feature","geometry":{"type":"LineString","coordinates":[[-84.0519601601103,32.2928631483365],[-84.0521562461672,32.2933805088798],[-84.0527979810466,32.2966051577297],[-84.0537368157399,32.3010652308089],[-84.0523380705706,32.3068860990539],[-84.0518817264063,32.3087904822596],[-84.0517533787117,32.3140695097329],[-84.058940813673,32.323493859123],[-84.0597679392675,32.3258678689894],[-84.0644169553231,32.3313869008795],[-84.0658430326333,32.3315194496362],[-84.0715473463655,32.3364316596216],[-84.07501271705,32.3392852792747],[-84.0778886410927,32.3401688578885],[-84.0925534809008,32.3396166222659],[-84.1037719637658,32.3368553913261],[-84.1080858507282,32.3365441199899],[-84.1145863907041,32.3361023133072],[-84.1147527667796,32.3344756437046],[-84.1133623409081,32.3342547359639],[-84.113409877058,32.3340940761401]]},"properties":{"VOLTAGE":-999999,"VOLT_CLASS":"100-161","OWNER":"GEORGIA POWER CO","STATUS":"IN SERVICE","TYPE":"OVERHEAD","ID":"149259","SUB_1":"UNKNOWN116910","SUB_2":"UNKNOWN116911","INFERRED":"Y","SOURCEDATE":1409270400000}},{"type":"Feature","geometry":{"type":"LineString","coordinates":[[-91.9582614289011,33.1420273786814],[-91.9582134840177,33.1412318268981],[-91.9486328832406,33.1379527532607],[-91.9487652302348,33.1272420580852],[-91.9488889641821,33.1222546103032],[-91.9489746311208,33.114011573875],[-91.9490602872798,33.1075017449737],[-91.9492074636627,33.099286117178],[-91.9493826468212,33.098804821082]]},"properties":{"VOLTAGE":115,"VOLT_CLASS":"100-161","OWNER":"ENTERGY ARKANSAS INC","STATUS":"IN SERVICE","TYPE":"AC; OVERHEAD","ID":"149369","SUB_1":"UNKNOWN107892","SUB_2":"UNKNOWN117215","INFERRED":"Y","SOURCEDATE":1425945600000}},{"type":"Feature","geometry":{"type":"LineString","coordinates":[[-94.9641570004268,35.4926840002913],[-94.9659170003927,35.4926850001138],[-94.9709570000909,35.493849000037],[-94.9712910000018,35.4927409996592],[-94.9753430002111,35.4927580002841],[-94.9854589995925,35.4927859996706],[-94.994298999605,35.4927439998558],[-95.0003180003678,35.4927769998166],[-95.0073459996375,35.4946420003514],[-95.0143060000334,35.4928450000699],[-95.0202339996613,35.4928779999891],[-95.0350230001164,35.4928989998643],[-95.04787799963,35.4929069998849],[-95.0481449995937,35.4976520003086],[-95.0482430004013,35.5001229997874],[-95.0586619997314,35.5001860002969],[-95.0741380002747,35.5001460001532],[-95.0782480002104,35.5001350002016],[-95.0782640001039,35.5034659998712],[-95.080267999569,35.5034659998712],[-95.0802669036243,35.5028355890017],[-95.0804600692582,35.5025773532581]]},"properties":{"VOLTAGE":69,"VOLT_CLASS":"UNDER 100","OWNER":"OKLAHOMA GAS & ELECTRIC CO","STATUS":"IN SERVICE","TYPE":"AC; OVERHEAD","ID":"161624","SUB_1":"UNKNOWN119087","SUB_2":"TAP159661","INFERRED":"Y","SOURCEDATE":1542326400000}},{"type":"Feature","geometry":{"type":"LineString","coordinates":[[-95.3302011586387,36.0167829610412],[-95.3315408252051,36.0135622940928],[-95.3486629292178,36.0088616308322],[-95.3679266492071,36.0084739772438],[-95.3678457469326,36.0048857497361],[-95.3677783427436,35.9927538450502],[-95.3677545490667,35.9803509050543],[-95.3677069590179,35.9751339360307],[-95.367708446628,35.9735420771184],[-95.3586319929647,35.9735385082946],[-95.3595640274114,35.9558424562934],[-95.3602179030218,35.9548126258393],[-95.362675886777,35.9549482550165],[-95.366418779392,35.9551743040973],[-95.3704339998787,35.9554339998161]]},"properties":{"VOLTAGE":69,"VOLT_CLASS":"UNDER 100","OWNER":"PUBLIC SERVICE CO OF OKLAHOMA","STATUS":"IN SERVICE","TYPE":"AC; OVERHEAD","ID":"161641","SUB_1":"UNKNOWN119008","SUB_2":"TAP159676","INFERRED":"Y","SOURCEDATE":1415923200000}},{"type":"Feature","geometry":{"type":"LineString","coordinates":[[-97.3720643317474,34.98677748617],[-97.3717363343793,34.9868787438507],[-97.3714827956702,34.9868749248775],[-97.3722249604017,34.9879997678078],[-97.3731096212935,34.9893268493368],[-97.374717425989,34.9917424307381],[-97.3763524002303,34.9941837830419],[-97.3763666609854,34.9987865898914],[-97.3763452703019,35.0007199262766],[-97.3763666609854,35.0041951418515],[-97.3764094432509,35.011653217051],[-97.3764308348327,35.0154374772227],[-97.3764374841625,35.0170492317552],[-97.3771748761449,35.0171110786421]]},"properties":{"VOLTAGE":138,"VOLT_CLASS":"100-161","OWNER":"NOT AVAILABLE","STATUS":"IN SERVICE","TYPE":"AC; OVERHEAD","ID":"161653","SUB_1":"UNKNOWN119290","SUB_2":"PURCELL","INFERRED":"Y","SOURCEDATE":1542585600000}},{"type":"Feature","geometry":{"type":"LineString","coordinates":[[-95.5772409995869,41.6387490001077],[-95.5726529998003,41.6387430002083],[-95.5635199998849,41.6386800002235],[-95.5577780000298,41.6386159998561],[-95.5525309997441,41.6385469998295],[-95.5427009996947,41.6383840001736],[-95.535516999891,41.6383590001117],[-95.5314000002826,41.6383650000469],[-95.5233319998489,41.6383849998268]]},"properties":{"VOLTAGE":69,"VOLT_CLASS":"UNDER 100","OWNER":"MIDAMERICAN ENERGY CO","STATUS":"IN SERVICE","TYPE":"AC; OVERHEAD","ID":"162669","SUB_1":"TAP159234","SUB_2":"TAP159236","INFERRED":"Y","SOURCEDATE":1541116800000}},{"type":"Feature","geometry":{"type":"LineString","coordinates":[[-91.3734348703526,42.5849807889955],[-91.3714099392431,42.5835168977071]]},"properties":{"VOLTAGE":-999999,"VOLT_CLASS":"NOT AVAILABLE","OWNER":"NOT AVAILABLE","STATUS":"NOT AVAILABLE","TYPE":"OVERHEAD","ID":"143054","SUB_1":"ELK WIND FARM","SUB_2":"NOT AVAILABLE","INFERRED":"N","SOURCEDATE":1442534400000}},{"type":"Feature","geometry":{"type":"LineString","coordinates":[[-95.3970146137399,35.7250460676488],[-95.396870355085,35.7253029947297],[-95.3969343726254,35.7260712119974],[-95.4117028357965,35.7261587533329],[-95.4116917380095,35.706751990818],[-95.4132689101538,35.7041666489891],[-95.4150445201444,35.7010802791912],[-95.4162901241173,35.6988952593576],[-95.4214877763513,35.6897559276911],[-95.4283245835858,35.6897276928664],[-95.4378921812492,35.6897341863151],[-95.4407346295729,35.6820977442619],[-95.4421831638668,35.6782042718287],[-95.443862833785,35.6737111241124],[-95.4449554546651,35.670771793064],[-95.4466895615913,35.6685074900407],[-95.44722208379,35.6678379732435],[-95.4540955431865,35.6588221572206],[-95.4592547484245,35.6521279682426],[-95.4631093285789,35.6470931607519],[-95.4675619181161,35.6411489896953],[-95.4684409196216,35.6400019353439],[-95.4798429660284,35.625091933891],[-95.4804209420822,35.6243349412393],[-95.4823469300513,35.6217999433396],[-95.4834149370926,35.6204159412108],[-95.4899489231432,35.6118679440055],[-95.4910349863217,35.6104479847928],[-95.4915849349386,35.6097289761347],[-95.4923409570817,35.6087399536482],[-95.4956449606967,35.6044179713629],[-95.4972249176184,35.6023519903627],[-95.4976379629861,35.601811931243],[-95.5001299794157,35.5986519937596],[-95.5002559232186,35.598496922653],[-95.5006889111855,35.597944931353],[-95.507549973831,35.5891829749352],[-95.5101279590334,35.585890966994],[-95.5141409130706,35.5807779786707],[-95.5151589737821,35.5794649410814],[-95.5159749135547,35.5784899377537],[-95.5180689763135,35.5759779636819],[-95.5208939083875,35.5725899880467],[-95.5221019627815,35.5712219411938],[-95.5263099410669,35.5662389638492],[-95.5275099106235,35.5648009496496],[-95.5398021272897,35.549795606998],[-95.539705553905,35.5426053297904],[-95.53983835904,35.5090264187011],[-95.5399692292039,35.4682632782476],[-95.5385831933992,35.4680550746658],[-95.5402666622928,35.4645334729557],[-95.5398859481905,35.4645394213122],[-95.5397550780267,35.4644799348017]]},"properties":{"VOLTAGE":69,"VOLT_CLASS":"UNDER 100","OWNER":"NOT AVAILABLE","STATUS":"IN SERVICE","TYPE":"AC; OVERHEAD","ID":"143858","SUB_1":"UNKNOWN119169","SUB_2":"UNKNOWN119170","INFERRED":"Y","SOURCEDATE":1412640000000}},{"type":"Feature","geometry":{"type":"LineString","coordinates":[[-92.8896687292861,34.0603308638215],[-92.8891262106349,34.0604831486877],[-92.8726032344077,34.0602737570191],[-92.8563753098356,34.0622153972243],[-92.8368446940871,34.0645663041216],[-92.816828668285,34.0670123902393],[-92.7993729416539,34.0690777627798],[-92.7833924822813,34.0710098849536],[-92.7675262356122,34.0729134537258],[-92.752973452551,34.0735606670524],[-92.7491187259713,34.0737415056678],[-92.7352512272162,34.0743316123632],[-92.7305208588301,34.0745410050095],[-92.7267422752505,34.0744553439029],[-92.7185474111391,34.074303058848],[-92.7024051472175,34.0740365591573],[-92.6858155447424,34.0736939166351],[-92.6740419722021,34.0735035602369],[-92.6573571923243,34.0731323638812],[-92.6413005890532,34.0741698087354],[-92.6230453636159,34.0752548432038],[-92.6162496228646,34.0756545930008],[-92.6076454916996,34.0754737540052],[-92.5908464982199,34.0751025580982],[-92.5863255217367,34.075045450834],[-92.5720868274281,34.0751977360423],[-92.5716656603919,34.0750950920189]]},"properties":{"VOLTAGE":115,"VOLT_CLASS":"100-161","OWNER":"ENTERGY ARKANSAS INC","STATUS":"IN SERVICE","TYPE":"AC; OVERHEAD","ID":"145131","SUB_1":"UNKNOWN107953","SUB_2":"UNKNOWN108006","INFERRED":"Y","SOURCEDATE":1426550400000}},{"type":"Feature","geometry":{"type":"LineString","coordinates":[[-82.7156659995824,38.5033430001744],[-82.714889815651,38.5033158342856],[-82.7104485853105,38.5040169517829],[-82.7050412600011,38.5047248420209],[-82.7025249800756,38.505135299123],[-82.698402563626,38.5060513919982],[-82.6968618630822,38.5059324191817],[-82.692983341029,38.5037909036967],[-82.6872012511594,38.5019527702168],[-82.6826386341695,38.5004715562023],[-82.6803781459279,38.4997279741432],[-82.6754824048846,38.4980385569258],[-82.6733748647016,38.497283996852],[-82.6726035846734,38.4966091638789]]},"properties":{"VOLTAGE":69,"VOLT_CLASS":"UNDER 100","OWNER":"KENTUCKY POWER CO","STATUS":"IN SERVICE","TYPE":"AC; OVERHEAD","ID":"145174","SUB_1":"BELLEFONTE","SUB_2":"RUSSELL","INFERRED":"Y","SOURCEDATE":1425513600000}},{"type":"Feature","geometry":{"type":"LineString","coordinates":[[-92.2207534587494,34.2745688781598],[-92.2343830108537,34.2759584833199],[-92.2524764326404,34.2777097659224],[-92.2553317861615,34.2780428910456],[-92.2662868236963,34.2818119566464],[-92.2773941481297,34.2856000590263],[-92.2847419242844,34.2882555369332],[-92.2880541340095,34.2895404460938],[-92.2946595172605,34.2918342467583],[-92.3101260136281,34.2972118280039],[-92.3213570702121,34.3011617339426],[-92.3253926357433,34.3027131418923],[-92.3386795461439,34.307995546047],[-92.3488446043195,34.3120501472285],[-92.3591238751987,34.3126021817012],[-92.3652438492944,34.3129257890895],[-92.3785402773454,34.3136301093154],[-92.3947777186696,34.3144867150733],[-92.408702325124,34.3148769466716],[-92.4174777766917,34.3147436970253],[-92.4260152834053,34.3144771978401],[-92.4394068888589,34.3142392510797],[-92.4413009399231,34.3142202158143],[-92.4508568558945,34.3144200899668],[-92.4558537238826,34.3145628580933],[-92.464048587994,34.3147341790793],[-92.4674845289714,34.3153242859788],[-92.4693214732347,34.3148769466716],[-92.4851686828062,34.3152386250187],[-92.4975894699491,34.3155241597285],[-92.5157495161871,34.3159048738845],[-92.5329387432162,34.3162284811548],[-92.5487098097876,34.3165616049173],[-92.565451698263,34.3168852118816],[-92.5791478748188,34.3171517123253],[-92.5960896384449,34.3175038721426],[-92.6132503098276,34.3178655503003],[-92.6220352808424,34.3178084432482],[-92.6267085424276,34.3208255988849],[-92.6303729124053,34.3231669892088],[-92.6309344645608,34.3231098820545]]},"properties":{"VOLTAGE":115,"VOLT_CLASS":"100-161","OWNER":"ENTERGY ARKANSAS INC","STATUS":"IN SERVICE","TYPE":"AC; OVERHEAD","ID":"145828","SUB_1":"POYEN","SUB_2":"TAP149972","INFERRED":"Y","SOURCEDATE":1425945600000}},{"type":"Feature","geometry":{"type":"LineString","coordinates":[[-81.147402959966,41.7996091629458],[-81.1485135947625,41.7994643619662],[-81.1507667985655,41.7982240478936],[-81.1520787907329,41.7971183771038],[-81.1527312218524,41.7908486449008],[-81.1530016228377,41.787724418677],[-81.1540806881402,41.7861028487273],[-81.1549078137347,41.7846354261428],[-81.1548792922244,41.7813406907337],[-81.1548416600005,41.7779429848173],[-81.1548297761876,41.771694777144],[-81.1548357176449,41.7621617626738],[-81.1548060076635,41.7559120171276],[-81.1547941238506,41.7476268417119],[-81.1620730648,41.7440535580642],[-81.1691202691522,41.740608651906],[-81.1766963108138,41.7369462983068],[-81.1833394592394,41.733580826719],[-81.1833335168838,41.7312306577118],[-81.1834464153521,41.7284192097175],[-81.179988174596,41.7234833572402],[-81.1787819500702,41.7206050430771],[-81.1757693599334,41.7152782709228],[-81.1742779194065,41.7127854908759],[-81.1740758918923,41.7104301250903],[-81.1738441543968,41.7076177669314],[-81.1722814100943,41.7045124962812],[-81.1709147509502,41.7016910059083],[-81.1678843346449,41.7000007152704],[-81.1654718855932,41.6990557291667],[-81.161348142332,41.6974008616679],[-81.1550555713275,41.6948630209959],[-81.1448175169502,41.6908563986811],[-81.1410027582141,41.6899423399372],[-81.1405225188632,41.6894626867747],[-81.140484669247,41.6884281360472],[-81.1420764408114,41.6877763500344]]},"properties":{"VOLTAGE":345,"VOLT_CLASS":"345","OWNER":"AMERICAN TRANSMISSION SYSTEMS, INC.","STATUS":"IN SERVICE","TYPE":"AC; OVERHEAD","ID":"156955","SUB_1":"PERRY","SUB_2":"LEROY CENTER","INFERRED":"N","SOURCEDATE":1522195200000}},{"type":"Feature","geometry":{"type":"LineString","coordinates":[[-84.5831120004453,37.8852249997319],[-84.5831350000115,37.8855509997536],[-84.5812289995575,37.8867709997245],[-84.5798279798538,37.889481003182],[-84.5778316591878,37.8936125140082],[-84.5777007288368,37.8938734738523]]},"properties":{"VOLTAGE":69,"VOLT_CLASS":"UNDER 100","OWNER":"EAST KENTUCKY POWER COOP, INC","STATUS":"IN SERVICE","TYPE":"AC; OVERHEAD","ID":"164070","SUB_1":"UNKNOWN129158","SUB_2":"TAP160500","INFERRED":"Y","SOURCEDATE":1548979200000}},{"type":"Feature","geometry":{"type":"LineString","coordinates":[[-83.4324859996683,38.1806990002163],[-83.4316250004011,38.1818650001845],[-83.4307919998246,38.1838820000615],[-83.4305367893507,38.1843007577791]]},"properties":{"VOLTAGE":69,"VOLT_CLASS":"UNDER 100","OWNER":"KENTUCKY UTILITIES CO","STATUS":"IN SERVICE","TYPE":"AC; OVERHEAD","ID":"164100","SUB_1":"UNKNOWN157707","SUB_2":"TAP160510","INFERRED":"Y","SOURCEDATE":1549238400000}},{"type":"Feature","geometry":{"type":"LineString","coordinates":[[-82.9857123471337,36.9652432443497],[-82.9866308188162,36.9680414901407],[-82.9860835426872,36.9716201991091],[-82.9846130356014,36.974632596928],[-82.9844845450747,36.9746373557696]]},"properties":{"VOLTAGE":-999999,"VOLT_CLASS":"100-161","OWNER":"KENTUCKY UTILITIES CO","STATUS":"IN SERVICE","TYPE":"OVERHEAD","ID":"164108","SUB_1":"UNKNOWN160519","SUB_2":"TAP160520","INFERRED":"Y","SOURCEDATE":1549324800000}},{"type":"Feature","geometry":{"type":"LineString","coordinates":[[-80.5832000027621,35.5597321789736],[-80.5831691788698,35.5600381396689],[-80.5834616137324,35.5602041147439],[-80.5837170389037,35.5598902198002],[-80.5837455002268,35.5595313442454],[-80.5854202473773,35.5576377806518],[-80.5884381806934,35.554482154112],[-80.5936996501435,35.554693871188],[-80.5955380892033,35.5548484636485],[-80.6003107188319,35.5552506661873],[-80.602678324883,35.5554479247413],[-80.6095011435519,35.5559437332169],[-80.6100418197585,35.5557693711502],[-80.6119937187337,35.5548475691092],[-80.6162340067249,35.5528364939654],[-80.6194311979577,35.5513120542775],[-80.6244574148044,35.550551338661],[-80.6293583588899,35.5498319762482],[-80.6321824501408,35.5494057560459],[-80.6372593966483,35.5475939660049],[-80.6434106662518,35.5453661078912],[-80.6493009330445,35.5432308570629],[-80.6542598337372,35.5413004052358],[-80.6581388848981,35.5397222048366],[-80.6627686302943,35.5378926910601],[-80.6656445929646,35.5367593012014],[-80.6699853638086,35.5350356583622],[-80.6741600307666,35.5341583389287],[-80.6745902348545,35.5340186399083]]},"properties":{"VOLTAGE":100,"VOLT_CLASS":"100-161","OWNER":"DUKE ENERGY CAROLINAS, LLC","STATUS":"IN SERVICE","TYPE":"AC; OVERHEAD","ID":"150814","SUB_1":"UNKNOWN114688","SUB_2":"UNKNOWN114689","INFERRED":"Y","SOURCEDATE":1405296000000}},{"type":"Feature","geometry":{"type":"LineString","coordinates":[[-81.1420764408114,41.6877763500344],[-81.140457082883,41.6874817857995],[-81.141050294364,41.6844000218292],[-81.1408007298016,41.6816664061993],[-81.1413295671111,41.6788128478086],[-81.1424347778799,41.6732410919471],[-81.1422802856173,41.671456845203],[-81.1423040541414,41.6654557299455],[-81.1422565179915,41.656097846287],[-81.1423159379543,41.6522086858887],[-81.1434568010601,41.6502284982138],[-81.1455721502979,41.6488432180158],[-81.1597259780667,41.6396516660933],[-81.1731667671804,41.6307874599263],[-81.1824719283217,41.6246493043066],[-81.1858588644037,41.6223839900997],[-81.1911472383965,41.6193634478076],[-81.1982776303373,41.615321031039],[-81.2001909520609,41.6141926617335],[-81.2020923899717,41.6129754236938],[-81.2099952414286,41.6075464386971],[-81.2172801238353,41.6025346630362],[-81.2281302040089,41.5953184431692],[-81.2349397276117,41.590776788229],[-81.2369354949155,41.5894487447291],[-81.2401412003805,41.5872733027418],[-81.2419505367201,41.5860533341784],[-81.248856321992,41.5813401292241],[-81.2558583662383,41.5749927910584],[-81.2602792093134,41.5709653757103],[-81.2621331110742,41.5693063277853],[-81.2636447538135,41.5680100002488],[-81.2654202218703,41.5664308989725],[-81.27049706058,41.5624029491587],[-81.2759803321585,41.5578785419237],[-81.2807790856939,41.5539300976988],[-81.2879237383897,41.5480229892374],[-81.2899059869468,41.546352679224],[-81.2949970873099,41.5432841050575],[-81.3037104257657,41.5387743712528],[-81.3084450063521,41.5362178257003],[-81.3113399450344,41.5347126729653],[-81.313935407859,41.533399639113],[-81.3192903317429,41.5300368676771],[-81.3252442091392,41.5262949129391],[-81.3272763707885,41.5249603537695],[-81.3276043690549,41.5224513102978],[-81.3281248879648,41.5176197910128],[-81.3284029731391,41.5150143578712],[-81.3284742769148,41.5132524279334],[-81.3286097536394,41.5094454272083],[-81.3290019257531,41.5078542159742],[-81.3294725315709,41.5040148577665],[-81.3301071374202,41.4980177409119],[-81.3309841752085,41.491352439857],[-81.331739996129,41.4843766400899],[-81.3318897336087,41.4790454680732],[-81.3319182560173,41.4765720398868],[-81.3320323420584,41.4709677461371],[-81.3320822551505,41.4670513986901],[-81.3322034720184,41.4630760371681],[-81.3323032973043,41.4581385559334],[-81.3336652016655,41.456305607174],[-81.3366314450219,41.4524257842751],[-81.33907716857,41.4491977652176],[-81.342285845662,41.4449807901419],[-81.3438474023918,41.4428909073116],[-81.3459579977451,41.4398886990097],[-81.3514056169866,41.4326258088631],[-81.3551324351479,41.4271656338652],[-81.3604279390691,41.4195876321849],[-81.3659611228414,41.4158232538853],[-81.3713421921917,41.4122511700961],[-81.3749264028017,41.4091566321477],[-81.378529627153,41.4063043922401],[-81.3881794242581,41.3984886140649],[-81.3925907595643,41.3945090510279],[-81.3970686456599,41.3903723313223],[-81.4015275180143,41.3864778671138],[-81.4046648904323,41.3836816971819],[-81.4123371919665,41.376769221722],[-81.4169767002532,41.3726385068346],[-81.4234320819197,41.3667737253323],[-81.4299540125792,41.3644833201591],[-81.443634857588,41.364725922033],[-81.4600252523607,41.3650113339719],[-81.4663330192665,41.36512678571],[-81.4667817142762,41.3642142237419]]},"properties":{"VOLTAGE":345,"VOLT_CLASS":"345","OWNER":"AMERICAN TRANSMISSION SYSTEMS, INC.","STATUS":"IN SERVICE","TYPE":"AC; OVERHEAD","ID":"158468","SUB_1":"UNKNOWN137113","SUB_2":"LEROY CENTER","INFERRED":"N","SOURCEDATE":1443398400000}},{"type":"Feature","geometry":{"type":"LineString","coordinates":[[-90.9173319997934,42.6016829998256],[-90.9279109998554,42.6017719999172],[-90.937150000076,42.6018879997789],[-90.9417679999998,42.6019909997202],[-90.9489640003973,42.6020770000543],[-90.9571120002987,42.6021909998067],[-90.9668129995784,42.602450999819],[-90.9681089999371,42.6024690002426],[-90.9693869998541,42.602327000213],[-90.9728380001889,42.6023799998242],[-90.9863689999201,42.6025409999012],[-90.9863649997222,42.5955379997626],[-90.989587999553,42.5955770002616],[-90.9905879996357,42.5956520002369],[-90.9942959998885,42.5956879997169],[-90.9946850000509,42.5955309999587],[-90.9960199998694,42.5954310002182],[-91.0034310003521,42.5954939998486],[-91.0143200000355,42.5954329999765],[-91.0143099999897,42.5948229999558]]},"properties":{"VOLTAGE":69,"VOLT_CLASS":"UNDER 100","OWNER":"NOT AVAILABLE","STATUS":"IN SERVICE","TYPE":"AC; OVERHEAD","ID":"160468","SUB_1":"TAP159090","SUB_2":"TAP159092","INFERRED":"Y","SOURCEDATE":1540512000000}},{"type":"Feature","geometry":{"type":"LineString","coordinates":[[-91.7742577710148,40.7040875518376],[-91.7707300743177,40.7040987059663],[-91.7703874308172,40.7042890620288],[-91.7674940066943,40.7042605090627],[-91.7657712769313,40.7042129200777],[-91.7657284470552,40.7040059071546],[-91.7615953226875,40.7039416613285],[-91.7580332699223,40.7039844909781],[-91.7567769140137,40.7040987059663],[-91.7497884370232,40.7041129818046],[-91.7414436683454,40.704084428763],[-91.7344409144301,40.7040415978157],[-91.730793200116,40.7041129818046],[-91.7276166198292,40.7041058442264],[-91.7184081057343,40.7041129818046],[-91.7128972738429,40.7042271958915],[-91.70775050039,40.7043414111445],[-91.699298654327,40.7045270090659],[-91.6953225752339,40.7045127319544],[-91.6855072976737,40.7044342101699],[-91.68259483825,40.7044127941311],[-91.6757134368481,40.7044199330385],[-91.6715374826043,40.7044627630615],[-91.6659052990978,40.7044770401837],[-91.6619078041683,40.704505593057],[-91.6562042360377,40.7045127319544],[-91.6522995406703,40.7044984548398],[-91.6468244006417,40.70451987017],[-91.6428054907742,40.7045270090659],[-91.632833169736,40.70451987017],[-91.6230036170476,40.70453414728],[-91.6136023658153,40.70451987017],[-91.6065425050991,40.7044913173029],[-91.6032945410864,40.7044627630615],[-91.6005248491143,40.7044913173029],[-91.5931723136852,40.7044841777222],[-91.5838495859885,40.7045127319544],[-91.5716215359831,40.7044770401837],[-91.5663819629681,40.7044770401837],[-91.5662677475696,40.7048982040379],[-91.565932243879,40.7049053428932]]},"properties":{"VOLTAGE":69,"VOLT_CLASS":"UNDER 100","OWNER":"NOT AVAILABLE","STATUS":"IN SERVICE","TYPE":"AC; OVERHEAD","ID":"160544","SUB_1":"TAP159141","SUB_2":"UNKNOWN159143","INFERRED":"Y","SOURCEDATE":1540771200000}},{"type":"Feature","geometry":{"type":"LineString","coordinates":[[-83.249430999553,36.8526569999413],[-83.2378722267736,36.8498768837389],[-83.2327497554441,36.8483063642451],[-83.2250563776367,36.8463553107467],[-83.2206571731801,36.8451657209076],[-83.2202711338649,36.8464714022804],[-83.2133458111338,36.8512064489506],[-83.2083899593232,36.8543328649505],[-83.2027900424034,36.8575075887666],[-83.1996243784439,36.8591876922888],[-83.1922456167001,36.8600599659088],[-83.1845694739697,36.8579757580868],[-83.1756701546058,36.8551583870514]]},"properties":{"VOLTAGE":69,"VOLT_CLASS":"UNDER 100","OWNER":"KENTUCKY UTILITIES CO","STATUS":"IN SERVICE","TYPE":"AC; OVERHEAD","ID":"164291","SUB_1":"TAP154622","SUB_2":"TAP160523","INFERRED":"Y","SOURCEDATE":1427155200000}},{"type":"Feature","geometry":{"type":"LineString","coordinates":[[-84.2354507317474,30.9293054112869],[-84.2332462516671,30.9237443631186],[-84.2328243713686,30.9228472251644],[-84.2317845220199,30.920548270796],[-84.2309169911023,30.9184684590976],[-84.2305367036998,30.9175661736693],[-84.229793954165,30.9158533381833],[-84.229110624593,30.9151549407554],[-84.2281480222739,30.9134930411121],[-84.2280232399927,30.9126518847313],[-84.2269536815609,30.9112448421565],[-84.2261158606247,30.9107503331414],[-84.2241906550881,30.908813056882],[-84.2235192102273,30.908170689179],[-84.2216653075681,30.9058203990666],[-84.2210374193205,30.905038244164],[-84.2179064231444,30.9049861160517]]},"properties":{"VOLTAGE":115,"VOLT_CLASS":"100-161","OWNER":"GEORGIA POWER CO","STATUS":"IN SERVICE","TYPE":"AC; OVERHEAD","ID":"141457","SUB_1":"UNKNOWN111599","SUB_2":"TAP143132","INFERRED":"Y","SOURCEDATE":1409184000000}},{"type":"Feature","geometry":{"type":"LineString","coordinates":[[-79.446147571081,35.1443400697714],[-79.4452681563504,35.1440990739344],[-79.440096245341,35.1450591687005],[-79.4370349296848,35.1456227817828],[-79.4371347549708,35.1501898486434],[-79.4371680312638,35.1527511811748],[-79.4297143940428,35.1544379621019],[-79.4297524233221,35.1578502838572],[-79.4224984375713,35.1578969211681],[-79.4213052853294,35.1596613218547],[-79.4202690022924,35.1612430323622],[-79.4226695666329,35.166512586793],[-79.4215382121944,35.1672353752112],[-79.4208822156615,35.1675307059092],[-79.4202499867545,35.168031990242]]},"properties":{"VOLTAGE":-999999,"VOLT_CLASS":"UNDER 100","OWNER":"PROGRESS ENERGY CAROLINAS INC","STATUS":"IN SERVICE","TYPE":"OVERHEAD","ID":"142698","SUB_1":"TAP147638","SUB_2":"TAP147639","INFERRED":"Y","SOURCEDATE":1404172800000}},{"type":"Feature","geometry":{"type":"LineString","coordinates":[[-84.312672434243,32.8998185558655],[-84.3131389958453,32.8995215910477],[-84.3127665453454,32.8992216368958],[-84.3120694823293,32.8982693459143],[-84.3110803680312,32.8970235939238],[-84.3074440569314,32.8924416467993],[-84.3065897474181,32.891320027871],[-84.3066702930614,32.8884395670001],[-84.306945991412,32.8831026583708],[-84.3070315801973,32.8811420370923],[-84.3071478617209,32.8776998877254],[-84.3072819855828,32.8761666089161],[-84.3231103368216,32.8755243608215],[-84.3300315713198,32.875228929104],[-84.3307860483606,32.8751999067534],[-84.3307849964334,32.8751393081937],[-84.3308737580683,32.8749241547178]]},"properties":{"VOLTAGE":115,"VOLT_CLASS":"100-161","OWNER":"GEORGIA POWER CO","STATUS":"IN SERVICE","TYPE":"AC; OVERHEAD","ID":"149165","SUB_1":"UNKNOWN115676","SUB_2":"UNKNOWN142386","INFERRED":"Y","SOURCEDATE":1479772800000}},{"type":"Feature","geometry":{"type":"LineString","coordinates":[[-82.3955507749612,38.4775064787149],[-82.3993860000144,38.4772949996694],[-82.4053289997109,38.4770699999732],[-82.4104579999959,38.4771130003413],[-82.4182960002758,38.4783020001158],[-82.4227290002517,38.4778730002767],[-82.4400929999091,38.4746429998963],[-82.4496690004136,38.4729020001406],[-82.4582919997928,38.4713240002461],[-82.4644599996202,38.470289000274],[-82.4707599996921,38.4662040000839],[-82.4767729997088,38.4596739996613],[-82.4878840000483,38.4543560001344],[-82.4990880002743,38.4510469999929],[-82.5052800003912,38.4486679997157],[-82.5130140000157,38.4453079999392],[-82.5164989997874,38.4433879998877],[-82.5241139995862,38.4391760001106],[-82.5294720002001,38.436225999865],[-82.5324280000673,38.434596000246],[-82.541446000355,38.4295889997911],[-82.549119999705,38.426027000053],[-82.5537979999033,38.4237979999504],[-82.5634820003628,38.4187969997286],[-82.5731919998634,38.413651999718],[-82.5736898237359,38.4137324401442],[-82.5737862551867,38.4142170058925],[-82.5733600000928,38.4143050002676],[-82.5723370004439,38.4160560003049],[-82.5701120001476,38.4249530001896],[-82.5696550002131,38.426798000101],[-82.5694049999679,38.433100999697],[-82.5754010002661,38.4445189997008],[-82.5826140003821,38.4602729999353],[-82.5870349997641,38.4642429997999],[-82.594692000294,38.4706819996584],[-82.5967240002465,38.4750750001272],[-82.5996950001823,38.4786139998657],[-82.6077739995884,38.4882389999202],[-82.6110913656432,38.4916647742388],[-82.6172991222101,38.4903735380254],[-82.6188213138658,38.4902936358076],[-82.6244378577032,38.4910757749987],[-82.6327497929574,38.4945967130038],[-82.6404789282047,38.496883020054],[-82.645755146195,38.4972570283458],[-82.6509488862659,38.5005372847231],[-82.6554590030156,38.4977829099357],[-82.6597296567584,38.4931616592424],[-82.6633558133023,38.4910226840991],[-82.6715760413457,38.495885161093],[-82.6726035846734,38.4966091638789]]},"properties":{"VOLTAGE":138,"VOLT_CLASS":"100-161","OWNER":"NOT AVAILABLE","STATUS":"IN SERVICE","TYPE":"AC; OVERHEAD","ID":"150356","SUB_1":"BELLEFONTE","SUB_2":"NORTH PROCTORVILLE SUBSTATION","INFERRED":"Y","SOURCEDATE":1475107200000}},{"type":"Feature","geometry":{"type":"LineString","coordinates":[[-81.6610069038268,32.763624878741],[-81.6613933761301,32.7637274933286],[-81.6642725242263,32.7617049509231],[-81.6627972578662,32.7574159726516],[-81.6610483538907,32.7493912397918],[-81.6610543034328,32.7488201703386],[-81.6590139150122,32.7487547340165],[-81.6565392746951,32.7487666320827],[-81.6549271913239,32.7487606830498],[-81.6541419676458,32.7490938078797],[-81.6495079678285,32.7504501002474],[-81.6471404039983,32.7511758360958],[-81.6447430978473,32.7488737078067],[-81.6441136186833,32.7491609809054]]},"properties":{"VOLTAGE":115,"VOLT_CLASS":"100-161","OWNER":"GEORGIA POWER CO","STATUS":"IN SERVICE","TYPE":"AC; OVERHEAD","ID":"156252","SUB_1":"UNKNOWN112376","SUB_2":"UNKNOWN155699","INFERRED":"Y","SOURCEDATE":1514851200000}},{"type":"Feature","geometry":{"type":"LineString","coordinates":[[-86.2956350001599,37.4849149997566],[-86.2967661201381,37.4841220443129]]},"properties":{"VOLTAGE":69,"VOLT_CLASS":"UNDER 100","OWNER":"KENTUCKY UTILITIES CO","STATUS":"IN SERVICE","TYPE":"AC; OVERHEAD","ID":"156353","SUB_1":"UNKNOWN124713","SUB_2":"TAP155982","INFERRED":"Y","SOURCEDATE":1517184000000}},{"type":"Feature","geometry":{"type":"LineString","coordinates":[[-82.6273909407407,38.4742296656553],[-82.6270320000043,38.4747169999958],[-82.6273099998386,38.474952999901],[-82.6280899998133,38.4753339999979],[-82.6323970002908,38.4775170000128],[-82.6356479997108,38.479215000345],[-82.6368460001602,38.4801000000352],[-82.638895999656,38.481118000338],[-82.639412999865,38.4811309999346],[-82.6418580002693,38.4823139998216],[-82.6421949996549,38.4819320000904],[-82.6437770002439,38.4827219996658],[-82.645122999933,38.4834079999922],[-82.6463549998193,38.4827869996949],[-82.6492849997472,38.4841890002253],[-82.6495209997487,38.4839089998823],[-82.6527539996253,38.4854540001573],[-82.6561249995942,38.4872069998562],[-82.6570240002929,38.4876210001037],[-82.6578240003591,38.488495000003],[-82.6590749996136,38.489812000161],[-82.6605609999431,38.4912490000638],[-82.6611500001221,38.491810000101],[-82.663423000099,38.4929620002031],[-82.6642669996478,38.493450000283],[-82.6668109997863,38.494969999855],[-82.6690910003342,38.4964459998861],[-82.6696160000408,38.496151000142],[-82.6701139999831,38.4955630000825],[-82.6712370000895,38.4958889998498],[-82.6726035846734,38.4966091638789]]},"properties":{"VOLTAGE":69,"VOLT_CLASS":"UNDER 100","OWNER":"KENTUCKY POWER CO","STATUS":"IN SERVICE","TYPE":"AC; OVERHEAD","ID":"157481","SUB_1":"UNKNOWN121253","SUB_2":"BELLEFONTE","INFERRED":"Y","SOURCEDATE":1520553600000}},{"type":"Feature","geometry":{"type":"LineString","coordinates":[[-82.1447930442073,41.401171101834],[-82.1447081354467,41.4021739087647],[-82.1352140864489,41.402257190063],[-82.131418845409,41.402257190063],[-82.1272428911651,41.4023166762542],[-82.1242209756173,41.4021382168433],[-82.121258547406,41.4021501137034],[-82.118212837283,41.4021977031435],[-82.1158928617049,41.4021739087647],[-82.1154059999737,41.4016270001847]]},"properties":{"VOLTAGE":138,"VOLT_CLASS":"100-161","OWNER":"NOT AVAILABLE","STATUS":"IN SERVICE","TYPE":"AC; OVERHEAD","ID":"159619","SUB_1":"UNKNOWN113248","SUB_2":"UNKNOWN113295","INFERRED":"Y","SOURCEDATE":1538438400000}},{"type":"Feature","geometry":{"type":"LineString","coordinates":[[-91.0056530119534,42.4480618868496],[-91.0056678826646,42.4482343978943],[-91.0062590001727,42.4477100000714],[-91.0089336926087,42.447725788095],[-91.0163190003759,42.4477729996839],[-91.0218210000315,42.4494199999318],[-91.0247359998908,42.450328000102],[-91.0417940001248,42.4555679998436],[-91.0541189999089,42.4593639997729],[-91.0542980000091,42.45982799998],[-91.0551959999845,42.4600090000127],[-91.0623079998181,42.4621860001508],[-91.0692849999326,42.464327999769],[-91.0702850000153,42.4646670001141],[-91.0708919997376,42.4649339999382],[-91.0717450004055,42.4646759999928],[-91.0729560003754,42.4652939998267],[-91.0737349996269,42.4657819997427],[-91.0758260000289,42.4673289999101],[-91.0773220004041,42.4683909997471],[-91.0787710000254,42.4690839997253],[-91.0795650002438,42.4693599997949],[-91.081531000074,42.4698300002242],[-91.0824320004225,42.4700950000946],[-91.0831040004422,42.4703150002099],[-91.0836600001109,42.470525999853],[-91.085377000419,42.4713410001012],[-91.0871280001641,42.4724800001243],[-91.0886539997783,42.4735330001012],[-91.0894449996236,42.4739849999474],[-91.0903019995912,42.4743899998394],[-91.0956109998012,42.4765789996737],[-91.1044059996078,42.4801749999513],[-91.1107359998169,42.4827389999353],[-91.1113870349545,42.482786242101]]},"properties":{"VOLTAGE":69,"VOLT_CLASS":"UNDER 100","OWNER":"NOT AVAILABLE","STATUS":"IN SERVICE","TYPE":"AC; OVERHEAD","ID":"160587","SUB_1":"UNKNOWN159100","SUB_2":"UNKNOWN163555","INFERRED":"Y","SOURCEDATE":1540512000000}},{"type":"Feature","geometry":{"type":"LineString","coordinates":[[-83.9743929269289,34.5381057078949],[-83.9746710121032,34.5372510863327]]},"properties":{"VOLTAGE":-999999,"VOLT_CLASS":"100-161","OWNER":"GEORGIA POWER CO","STATUS":"IN SERVICE","TYPE":"OVERHEAD","ID":"146268","SUB_1":"UNKNOWN110442","SUB_2":"TAP155238","INFERRED":"Y","SOURCEDATE":1408665600000}},{"type":"Feature","geometry":{"type":"LineString","coordinates":[[-82.4000865952062,40.0679631778831],[-82.3996603769432,40.0680838263361],[-82.3989009995925,40.0666339999884],[-82.3990470000807,40.0660650000424],[-82.4000510003614,40.0649330000954],[-82.3995929997037,40.0638459999051],[-82.39903600021,40.0629700001195],[-82.3984699995973,40.0619289997922],[-82.3978930000122,40.0606140001456],[-82.3972047728253,40.060288711993],[-82.3971530002205,40.0601359999252],[-82.3967869996243,40.0595019998216],[-82.3965230000337,40.0588969997292],[-82.3963576848686,40.0583470720532],[-82.395779000044,40.0573090002808],[-82.3959809997103,40.057008000053],[-82.3957480000818,40.0561669997227],[-82.3951571736279,40.0556906460208]]},"properties":{"VOLTAGE":69,"VOLT_CLASS":"UNDER 100","OWNER":"OHIO POWER CO","STATUS":"IN SERVICE","TYPE":"OVERHEAD","ID":"159317","SUB_1":"UNKNOWN112976","SUB_2":"UNKNOWN112977","INFERRED":"Y","SOURCEDATE":1537833600000}},{"type":"Feature","geometry":{"type":"LineString","coordinates":[[-82.4706050537803,40.0363832302351],[-82.4702178754013,40.0363728110153],[-82.470027517901,40.0356649207237],[-82.4628118030763,40.0353139509679],[-82.4574580146628,40.035111696763],[-82.4533058558925,40.0348975451242],[-82.445179996768,40.0345287291672],[-82.4413490638652,40.0343859607208],[-82.4367567045546,40.0341182721733],[-82.4355312821328,40.0331843332533],[-82.4344902676692,40.0339992989191],[-82.433824018664,40.0339755042433],[-82.4318728607989,40.0355756923103],[-82.4305939005828,40.0367773189105],[-82.430135854111,40.0371877757194],[-82.4276493183029,40.0395434431927],[-82.4259361061902,40.0385678638388],[-82.4253769318753,40.0390972936954],[-82.4252877031165,40.0394482639245]]},"properties":{"VOLTAGE":69,"VOLT_CLASS":"UNDER 100","OWNER":"OHIO POWER CO","STATUS":"IN SERVICE","TYPE":"OVERHEAD","ID":"159321","SUB_1":"UNKNOWN113882","SUB_2":"UNKNOWN158903","INFERRED":"Y","SOURCEDATE":1537833600000}},{"type":"Feature","geometry":{"type":"LineString","coordinates":[[-92.3871731330399,33.8163478790293],[-92.3933784264263,33.8118217961216],[-92.4055707836705,33.8121168489932],[-92.4084737263421,33.8106891719413],[-92.411766899868,33.809061620822],[-92.41357529118,33.8085143452447],[-92.415850055448,33.8074055157433],[-92.4180915083888,33.8059778391943],[-92.4180915083888,33.8057541699816]]},"properties":{"VOLTAGE":115,"VOLT_CLASS":"100-161","OWNER":"ENTERGY ARKANSAS INC","STATUS":"IN SERVICE","TYPE":"AC; OVERHEAD","ID":"159394","SUB_1":"UNKNOWN121602","SUB_2":"UNKNOWN161364","INFERRED":"Y","SOURCEDATE":1552435200000}},{"type":"Feature","geometry":{"type":"LineString","coordinates":[[-83.2590331589986,37.1823220406544],[-83.259390623803,37.1830263108565],[-83.2578517567206,37.1840899798668],[-83.2568999719142,37.1846991219169],[-83.256100473108,37.1853653719842],[-83.2465899175668,37.192955989716],[-83.2437189558177,37.1951910221078],[-83.2378848876292,37.1996399996879],[-83.2267189148858,37.2086029327472],[-83.2123563258315,37.2208920140089],[-83.1999086898414,37.2314771880005],[-83.1948404390258,37.2351891469395],[-83.192746512811,37.2380444997167],[-83.1897959809889,37.2409950319116],[-83.1866550925649,37.2421133792771],[-83.1794691200609,37.2456825701688],[-83.175520701892,37.2452260106521],[-83.1749081496829,37.2449874673377]]},"properties":{"VOLTAGE":161,"VOLT_CLASS":"100-161","OWNER":"KENTUCKY POWER CO","STATUS":"IN SERVICE","TYPE":"AC; OVERHEAD","ID":"129211","SUB_1":"HAZARD","SUB_2":"WOOTON","INFERRED":"N","SOURCEDATE":1426809600000}},{"type":"Feature","geometry":{"type":"LineString","coordinates":[[-94.656171849258,35.1125603492386],[-94.6422125983764,35.1125904858852],[-94.6380913721946,35.1152554822496],[-94.6309910603411,35.1152459641406],[-94.6301378252129,35.1152374380362],[-94.6297011658314,35.1151870992451]]},"properties":{"VOLTAGE":161,"VOLT_CLASS":"100-161","OWNER":"NOT AVAILABLE","STATUS":"IN SERVICE","TYPE":"AC; OVERHEAD","ID":"130637","SUB_1":"UNKNOWN119120","SUB_2":"TAP149548","INFERRED":"Y","SOURCEDATE":1415664000000}},{"type":"Feature","geometry":{"type":"LineString","coordinates":[[-92.5635995024029,41.6104703918181],[-92.5640888246196,41.6106554289619],[-92.5641363607695,41.6112240902661],[-92.5702589902852,41.6112098729551],[-92.5934470248477,41.6110037336821],[-92.6194111581671,41.610399530747],[-92.6301828028401,41.6101294139678],[-92.6390815320108,41.6102289307015],[-92.65632757299,41.6104421811916],[-92.6730221966067,41.6106767537673],[-92.6912094501198,41.6108828940851],[-92.70692483372,41.6109468682547],[-92.7219937285564,41.6107833776886],[-92.7380703849195,41.6104635060675],[-92.7489466096612,41.6102431482287],[-92.7538523193092,41.6117856372934],[-92.7758519546161,41.6186588612819],[-92.7979276475832,41.6192061280356],[-92.8113898282787,41.6195259583174],[-92.8443417450892,41.6203646137827],[-92.8742513617814,41.6211392956875],[-92.8838251021247,41.621395151967],[-92.8926192512267,41.6207626173045],[-92.9011567067363,41.6201371827675],[-92.9055490291995,41.6202651126863],[-92.9167104690439,41.6205209731058],[-92.9339755237644,41.620918974991],[-92.9509933926614,41.621253009864],[-92.9845442629841,41.621722078219],[-92.9982821510135,41.621963717917],[-93.0272505560701,41.6223972460097],[-93.0484515881911,41.6227099517336],[-93.0509424718452,41.6231434748094],[-93.0591756967142,41.626185159721],[-93.065070155046,41.628317095954],[-93.0736931750864,41.6314935508748],[-93.0976893197055,41.6402333232889],[-93.110305360167,41.6448230051687],[-93.1266006817416,41.6507194848622],[-93.1419262710687,41.6563597077196],[-93.1462995779939,41.6580005372671],[-93.1551697856545,41.6577022077925],[-93.173290488378,41.6572120918444],[-93.198826798145,41.6564449471095],[-93.2269110345866,41.6555996572659],[-93.243149314039,41.6551095253175],[-93.2520575500805,41.6547898722417],[-93.2563547993455,41.6575956607852],[-93.2679820920216,41.6649114482351],[-93.2914743563265,41.6802221907812],[-93.2992702507724,41.6854125302016],[-93.3046323063814,41.6853415287826],[-93.3447360058161,41.6850522023055],[-93.3634057489598,41.6856468313094],[-93.3790569587128,41.6862414541468],[-93.3903348624389,41.6866408252401],[-93.4068298345854,41.6871999402035],[-93.4291360765769,41.6845906947995],[-93.4538072332667,41.6816884508799],[-93.4623042825549,41.6806677530495],[-93.4832914033488,41.6781913829807],[-93.4935496599386,41.6778381159564],[-93.4964873817847,41.6756758631448],[-93.4977565916867,41.6749728490124]]},"properties":{"VOLTAGE":345,"VOLT_CLASS":"345","OWNER":"MIDAMERICAN ENERGY CO","STATUS":"IN SERVICE","TYPE":"AC; OVERHEAD","ID":"139793","SUB_1":"MONTEZUMA SWITCHING STATION","SUB_2":"BONDURANT","INFERRED":"N","SOURCEDATE":1440547200000}},{"type":"Feature","geometry":{"type":"LineString","coordinates":[[-83.9865280004041,38.7012610002147],[-83.9868170001091,38.7014609997915],[-83.9920750002655,38.702210000184],[-83.993374000099,38.7024099999109],[-83.9989920001055,38.7022069996861],[-84.0084430000382,38.7019760002282],[-84.0222080001211,38.7015549997218],[-84.0323560001879,38.7012880001412],[-84.0413329995694,38.7017660001372],[-84.0570090001292,38.7018020000163],[-84.0678810000942,38.70183399966],[-84.081943000278,38.7018449999066],[-84.0944479999872,38.7021780000076],[-84.1085849996158,38.7027419997929],[-84.1204380002952,38.7031669997636],[-84.1372660003754,38.7034010000284],[-84.1461099996875,38.7035370001061],[-84.1575850000751,38.7034869999633],[-84.1653630000806,38.7031799998763],[-84.1704533701134,38.7002160062648],[-84.171145793331,38.6997555809739],[-84.1707032140518,38.6988454368665],[-84.1712389108967,38.6985530008612]]},"properties":{"VOLTAGE":-999999,"VOLT_CLASS":"NOT AVAILABLE","OWNER":"NOT AVAILABLE","STATUS":"IN SERVICE","TYPE":"OVERHEAD","ID":"156601","SUB_1":"UNKNOWN121735","SUB_2":"UNKNOWN121738","INFERRED":"N","SOURCEDATE":1520380800000}},{"type":"Feature","geometry":{"type":"LineString","coordinates":[[-82.3889240001283,39.9722319998823],[-82.3884429999044,39.9769550000145],[-82.3879929178959,39.9814021867679],[-82.3876312390945,39.9852569142983],[-82.3869649900893,39.9908058168407],[-82.3866984913856,39.9915672437176],[-82.3866223483854,39.9927189041335],[-82.3861940451327,39.9973255401692],[-82.3858799563801,40.0005711251459],[-82.3850889996539,40.0082749998225],[-82.3850390003235,40.0104360000516],[-82.3847809996823,40.0128940000548],[-82.3845249995893,40.0152969999085],[-82.3843890000452,40.0162219998054],[-82.3839470001793,40.0197169998576],[-82.3834919998947,40.0237670001188],[-82.3827009955577,40.03088545828],[-82.3904865926156,40.0314755636996],[-82.3938939806417,40.0318372420638],[-82.3943029997602,40.0323170000466],[-82.3971205674455,40.031748582292],[-82.4017203818747,40.0321473976602],[-82.4092864010327,40.0325954160402],[-82.4153253893105,40.0329396220345],[-82.420167838698,40.0332195789423],[-82.423862488189,40.0334325287395],[-82.4274620132779,40.0336175273215],[-82.42891337996,40.0335996827631],[-82.4337550002024,40.0296559999334],[-82.4383589998825,40.0261049998471],[-82.4384380004235,40.0252879999936],[-82.4396350001497,40.0250979998252],[-82.4426160001313,40.0228100000536],[-82.4431690003252,40.0228849997477],[-82.4432582793897,40.0227810138715]]},"properties":{"VOLTAGE":69,"VOLT_CLASS":"UNDER 100","OWNER":"NOT AVAILABLE","STATUS":"IN SERVICE","TYPE":"OVERHEAD","ID":"159495","SUB_1":"TAP158957","SUB_2":"UNKNOWN163359","INFERRED":"Y","SOURCEDATE":1538092800000}},{"type":"Feature","geometry":{"type":"LineString","coordinates":[[-93.3014704045663,41.0163569927725],[-93.3010039417786,41.016517998276],[-93.3003495909593,41.0181657752267],[-93.3002901036229,41.0205630817335],[-93.2986125842714,41.0217766068559],[-93.2986363788467,41.0234838697655],[-93.2988445813801,41.0252744152701],[-93.2938834052548,41.0252625167653],[-93.2938596106796,41.028337971184],[-93.2938179701729,41.0323473627708],[-93.2938179701729,41.0361723462522],[-93.2973276754115,41.0362199350832],[-93.3031870976506,41.0362496787627],[-93.303175200363,41.0409491142923],[-93.303175200363,41.0461422882557],[-93.3031930462944,41.0492415359453],[-93.3040853437645,41.0492534328263],[-93.304219332879,41.0494334839076]]},"properties":{"VOLTAGE":69,"VOLT_CLASS":"UNDER 100","OWNER":"NOT AVAILABLE","STATUS":"IN SERVICE","TYPE":"AC; OVERHEAD","ID":"160856","SUB_1":"LUCAS CO","SUB_2":"UNKNOWN132644","INFERRED":"Y","SOURCEDATE":1541030400000}},{"type":"Feature","geometry":{"type":"LineString","coordinates":[[-93.0619363228885,41.3158580178716],[-93.0621403662222,41.3159543822858],[-93.0626471912139,41.3159543822858],[-93.06269002109,41.3210297728319],[-93.0626828830767,41.3281538788555],[-93.070328091422,41.3281324642896],[-93.0798364173446,41.3281681556786],[-93.0842907675798,41.3281039099501],[-93.0905511303881,41.3279682812199],[-93.0915219495971,41.3280824946931],[-93.0944486868439,41.3280468032572],[-93.0997881983326,41.3280039726988],[-93.1087611454138,41.3280111111271],[-93.1089430937847,41.3281763572276]]},"properties":{"VOLTAGE":69,"VOLT_CLASS":"UNDER 100","OWNER":"MIDAMERICAN ENERGY CO","STATUS":"IN SERVICE","TYPE":"AC; OVERHEAD","ID":"160875","SUB_1":"KNOXVILLE BATTERY ENERGY STORAGE","SUB_2":"UNKNOWN137742","INFERRED":"Y","SOURCEDATE":1541030400000}},{"type":"Feature","geometry":{"type":"LineString","coordinates":[[-94.6292880908194,35.0469484006702],[-94.6290282540218,35.0473381571497],[-94.6290389996692,35.0488059999455],[-94.629024208908,35.0521280116449],[-94.6290730000044,35.057210999696],[-94.6290730000044,35.0609739996459],[-94.6290920236272,35.0648900520059],[-94.6290587114015,35.0687923690218],[-94.6290539997378,35.0731189998652],[-94.6290599995856,35.0767680003355],[-94.6290810004003,35.0786240000684],[-94.6291700000887,35.0793380001715],[-94.6309004140408,35.079352416317],[-94.6308480656159,35.0797474066863]]},"properties":{"VOLTAGE":69,"VOLT_CLASS":"UNDER 100","OWNER":"NOT AVAILABLE","STATUS":"IN SERVICE","TYPE":"AC; OVERHEAD","ID":"162268","SUB_1":"UNKNOWN159853","SUB_2":"UNKNOWN159854","INFERRED":"Y","SOURCEDATE":1544486400000}},{"type":"Feature","geometry":{"type":"LineString","coordinates":[[-94.6291069922547,34.9875733229902],[-94.6291017793311,34.9912918557108],[-94.6298298944116,34.9914132091117],[-94.6291459997993,34.9946469997153],[-94.6291609998679,35.0000309996963],[-94.6291330002788,35.0057170002112],[-94.6290860004232,35.0125470000068],[-94.6290749996542,35.0148580001711],[-94.6290860004232,35.0182860002256],[-94.6290889998979,35.0218190001918],[-94.6290939999208,35.024732999682],[-94.6291030001416,35.0290330001805],[-94.6291330002788,35.0337580003025],[-94.6291309997307,35.0404250000227],[-94.6290889998979,35.0465170003577],[-94.6291596002927,35.0468456082104],[-94.6292880908194,35.0469484006702]]},"properties":{"VOLTAGE":69,"VOLT_CLASS":"UNDER 100","OWNER":"NOT AVAILABLE","STATUS":"IN SERVICE","TYPE":"AC; OVERHEAD","ID":"162269","SUB_1":"TAP159852","SUB_2":"UNKNOWN159853","INFERRED":"Y","SOURCEDATE":1544486400000}},{"type":"Feature","geometry":{"type":"LineString","coordinates":[[-85.3420479998642,37.3670110002798],[-85.3425190000424,37.3673460000272],[-85.3449240002638,37.368897000191],[-85.355157999646,37.3730970000841],[-85.3579870001899,37.3742489998522],[-85.360245999923,37.3762150001681],[-85.3644429998974,37.3798950001766],[-85.3720600002443,37.3864739998926],[-85.374736999554,37.3887700001365],[-85.3792900000787,37.3932640001437],[-85.3882139997568,37.4018159999541],[-85.3915789998779,37.4050190000852],[-85.3932839995922,37.4066439998816]]},"properties":{"VOLTAGE":161,"VOLT_CLASS":"100-161","OWNER":"NOT AVAILABLE","STATUS":"IN SERVICE","TYPE":"AC; OVERHEAD","ID":"163556","SUB_1":"UNKNOWN124807","SUB_2":"TAP160471","INFERRED":"Y","SOURCEDATE":1548892800000}},{"type":"Feature","geometry":{"type":"LineString","coordinates":[[-82.8286400000056,38.5966599996681],[-82.8277849996879,38.5963559999661],[-82.8250570003246,38.5973410001043],[-82.8241500001284,38.5977070000478],[-82.8237800002325,38.598015999796],[-82.8182950002954,38.599877999731],[-82.8160239999684,38.5977879997082],[-82.8144899999583,38.596392999964],[-82.8137190002044,38.5956889997692],[-82.8135525801115,38.5950472409032]]},"properties":{"VOLTAGE":69,"VOLT_CLASS":"UNDER 100","OWNER":"OHIO POWER CO","STATUS":"NOT AVAILABLE","TYPE":"AC; OVERHEAD","ID":"139308","SUB_1":"UNKNOWN137848","SUB_2":"NOT AVAILABLE","INFERRED":"Y","SOURCEDATE":1475107200000}},{"type":"Feature","geometry":{"type":"LineString","coordinates":[[-95.0031300847365,40.742820647839],[-95.0031058472918,40.7431693811052],[-95.0056537739665,40.745128581794],[-95.010155427688,40.748618267293],[-95.0121804594088,40.7501739807618],[-95.0160736527472,40.7522662148137],[-95.0221249793856,40.7565369038824],[-95.0276492437854,40.7604277600015],[-95.0312566336247,40.7629172200767],[-95.0326605288355,40.763939741807],[-95.0343124030823,40.7646080639803],[-95.0396483132249,40.7667659980061],[-95.0426490204472,40.7679788201718],[-95.0481453643097,40.7707599028283],[-95.0501864381448,40.7718466543114],[-95.0526583071593,40.7731223832243],[-95.0614673117012,40.7775341809969],[-95.0700891441688,40.7819166287811],[-95.0736483977836,40.7837118190774],[-95.0799290849752,40.7868791550266],[-95.0878616464135,40.790824614822],[-95.0957288446351,40.7946753751521],[-95.1057113938912,40.7994300347187],[-95.1134538107299,40.8029789387679],[-95.1198889892858,40.8059699468636],[-95.1267995266455,40.8092216721465],[-95.1385765576997,40.8146498528372],[-95.1501218512582,40.8200775907938],[-95.1615067101987,40.8257027220506],[-95.1732473882299,40.8315146357988],[-95.1835871561519,40.8366953068623],[-95.1896004526126,40.8396847942829],[-95.1979608376033,40.8437844441302],[-95.2053705031895,40.8472320903178],[-95.2109856869776,40.8497266877295],[-95.218650857685,40.8531605412651],[-95.2271930679775,40.8569357759329],[-95.2365410113842,40.8615089146786],[-95.2463452998535,40.8668096943267],[-95.2560141107,40.8720076038667],[-95.2649912753715,40.8766120511778],[-95.2745673908603,40.8812107868582],[-95.2854768900985,40.8863482698777],[-95.2948034428216,40.8909355492593],[-95.3035524336144,40.8952907427671],[-95.3132497659711,40.9001738260355],[-95.3296781891247,40.9078318872885],[-95.3392899569506,40.9122075231759],[-95.3502208477706,40.917245612682],[-95.3597967629352,40.9219094563051],[-95.3700362070063,40.9268734932761],[-95.3811097062759,40.9322390672961],[-95.3989508002824,40.9408263266964],[-95.4145227220335,40.9482470050129],[-95.4265089096318,40.9539662620542],[-95.436220503642,40.9586673151135],[-95.4440995865748,40.9624149927951],[-95.4504955482786,40.9654140602603],[-95.4530981410315,40.9666524130238],[-95.4622291942977,40.9711401238654],[-95.4720721139176,40.9767952718188],[-95.480928060823,40.9818553507809],[-95.4952316269699,40.9900367852583],[-95.4972780493742,40.9912316199005],[-95.4994748542487,40.9924892008462],[-95.5001886573701,40.9929386702016],[-95.5002205242065,40.9935842687186]]},"properties":{"VOLTAGE":161,"VOLT_CLASS":"100-161","OWNER":"MIDAMERICAN ENERGY CO","STATUS":"IN SERVICE","TYPE":"AC; OVERHEAD","ID":"139394","SUB_1":"UNKNOWN131420","SUB_2":"UNKNOWN131421","INFERRED":"Y","SOURCEDATE":1440115200000}},{"type":"Feature","geometry":{"type":"LineString","coordinates":[[-95.7832428321194,36.0681017428978],[-95.7834478492268,36.0681460001565],[-95.787034886835,36.0681352920079],[-95.7883519176528,36.0686278399181],[-95.7883633118839,36.1050552799012]]},"properties":{"VOLTAGE":138,"VOLT_CLASS":"100-161","OWNER":"PUBLIC SERVICE CO OF OKLAHOMA","STATUS":"IN SERVICE","TYPE":"AC; OVERHEAD","ID":"139395","SUB_1":"UNKNOWN118449","SUB_2":"TAP149299","INFERRED":"Y","SOURCEDATE":1417392000000}},{"type":"Feature","geometry":{"type":"LineString","coordinates":[[-83.1829121101183,30.3716265489679],[-83.1823109458521,30.3720574538737],[-83.1821469467189,30.3721640848798],[-83.1810702565621,30.3708004240931],[-83.17991751144,30.3694859600501],[-83.178926385814,30.3683273299267],[-83.1743502590605,30.3630993110287],[-83.1707018763999,30.3589771280635],[-83.1653243715646,30.3528806952997],[-83.1597507815708,30.3465428730881],[-83.1521628569947,30.3379533409751],[-83.1446688153488,30.329426653252],[-83.1372151790261,30.3209412811776],[-83.1354920010037,30.3189771223659],[-83.129495341342,30.3189976392533],[-83.1234844209252,30.3190263627333],[-83.1144763586995,30.3190509840709],[-83.105444528848,30.3191084317666],[-83.096165513173,30.3191740860133],[-83.0935843111036,30.3191002251766],[-83.091473714852,30.319116638356],[-83.0893393509746,30.3192356380896],[-83.0835779951201,30.3193095003751],[-83.0777691022174,30.3193587413508],[-83.0716274580621,30.3194079823019],[-83.0656664498391,30.3194613261206],[-83.062647918245,30.3194408093303],[-83.0507354095679,30.319087914127],[-83.0387801186255,30.3190263627333],[-83.0355857040853,30.3175368041129],[-83.035343271248,30.3183246733365],[-83.0350628091314,30.3193915676203],[-83.0327002722736,30.3190427767006],[-83.0306181984305,30.3189032598299],[-83.0276281874484,30.3188868458392],[-83.018762732774,30.3189607083877],[-83.0078532326376,30.3190673972585],[-83.0070498755672,30.3190756038514],[-83.0008797099016,30.3190673972585],[-82.9919999962688,30.3192397409913],[-82.9857537720447,30.319342326661],[-82.979507548719,30.3194243946543],[-82.9795265633586,30.3160390160007],[-82.9750439242768,30.3122431490456],[-82.9750391703923,30.3093376719585],[-82.9750296626233,30.3064608366785],[-82.9750011411131,30.3050203360154],[-82.9751960386988,30.3039204522788],[-82.9751770240592,30.3029108459779],[-82.9751342417938,30.3009039147447],[-82.9751247349231,30.2999558423408],[-82.9734277023671,30.2998819646933],[-82.9733896730878,30.2976943817758],[-82.9733706584482,30.2946776542423],[-82.9733365592983,30.2938095858557],[-82.9733498687376,30.2931627161241],[-82.9746485505674,30.293149581173],[-82.9754319443772,30.2926127089027],[-82.9763560431066,30.2921053857155],[-82.9769854189644,30.2923762867204],[-82.9779570529454,30.2929345040491],[-82.9780426183745,30.2929394302485],[-82.9782821990608,30.2931167453389]]},"properties":{"VOLTAGE":115,"VOLT_CLASS":"100-161","OWNER":"DUKE ENERGY FLORIDA, LLC","STATUS":"IN SERVICE","TYPE":"AC; OVERHEAD","ID":"144068","SUB_1":"UNKNOWN107674","SUB_2":"LIVE OAK","INFERRED":"N","SOURCEDATE":1424995200000}},{"type":"Feature","geometry":{"type":"LineString","coordinates":[[-95.7033424612444,36.0117936393606],[-95.7023300599192,36.0105648746787],[-95.7023177529998,36.0080890496976],[-95.6947515128562,36.0080134758991],[-95.6905757840895,36.0079849900977],[-95.6872572277669,36.0079196616521],[-95.6839640039353,36.0078217778843],[-95.6816693473736,36.0077768690326],[-95.6816340435829,36.0095596871949],[-95.6816464403339,36.011131882229],[-95.681642218252,36.0130301591272],[-95.6816507522472,36.0149456837395],[-95.6816464403339,36.0171625543495],[-95.6816337740883,36.0187729596831],[-95.6816210180113,36.0206333447158],[-95.6816210180113,36.022247168004],[-95.6816125738476,36.0237100573216],[-95.6816210180113,36.0258787307666],[-95.681604129684,36.0282084806715],[-95.6816083517658,36.0306099369628],[-95.6815945177104,36.0320025679063],[-95.6815945177104,36.0340554368217],[-95.6815988296238,36.0360035751235],[-95.6815945177104,36.0387440936538],[-95.6815902057971,36.0406990891957],[-95.6815902057971,36.0425213302915],[-95.6815902057971,36.0447729422986],[-95.6815988296238,36.0465532529145],[-95.6815945177104,36.0487314656786],[-95.6815988296238,36.0510526231416],[-95.6816031424355,36.0530317881402],[-95.6816161671088,36.0550806947631],[-95.6816161671088,36.0572830726907],[-95.6816117653639,36.0586511950471],[-95.6816187722231,36.0605551531743],[-95.681623173968,36.0626003790136],[-95.6816891103098,36.0643930668024],[-95.6813371503815,36.0663670311682],[-95.6809806988768,36.0687713899543],[-95.6806859616321,36.0707559907353],[-95.6804043397905,36.0726941448288],[-95.6800479781173,36.0751552332737],[-95.6798103737246,36.0767484812314],[-95.6795859745666,36.0782847761624],[-95.679264737021,36.0805108258791],[-95.678859956154,36.0831600630831],[-95.6785299151186,36.0854714933629],[-95.6783275246851,36.0868972727078],[-95.6779535560323,36.0893756299954],[-95.6777041837095,36.0910860417299],[-95.6774216635526,36.0929848601237],[-95.67718405916,36.0945755691467],[-95.6769866085622,36.095988771761],[-95.6766638447789,36.098195448178],[-95.6764261505547,36.0998259717342],[-95.6761391388215,36.1017317652374],[-95.6758162843084,36.1039129487312],[-95.6755203792538,36.1059454353199],[-95.6752288759441,36.1081301320491],[-95.6740494778076,36.1099959522627],[-95.6727310195667,36.1121080371601],[-95.6716772068053,36.1138252836778],[-95.6706458510276,36.1155169499437],[-95.6696368633005,36.1171543706994],[-95.6685336423,36.1189402278456],[-95.6672978299637,36.1209349553202],[-95.6661324464439,36.1228140396671],[-95.6647978194263,36.1249699688028],[-95.663787842654,36.126531442163],[-95.6638427297179,36.1285469448926],[-95.6638564739417,36.1307838332964],[-95.6638838725579,36.1335080623456],[-95.6638884539658,36.1351283487061],[-95.6638975269502,36.1372654397381],[-95.6639112711741,36.1400668517829],[-95.663915852582,36.1417166741059],[-95.6639432511982,36.1440565591598],[-95.6639386697902,36.1458317929264],[-95.6639569055905,36.1479574940036],[-95.6639599598625,36.1497210342902],[-95.6639694820045,36.1510903752445],[-95.6639891551092,36.153502948702],[-95.6639989467458,36.1550198280484],[-95.6640236504161,36.1578145846563],[-95.6640285013186,36.1599920357171],[-95.6640433244191,36.1621019782914],[-95.6640482642549,36.1637618531031],[-95.6640285013186,36.1667672626608],[-95.664013768948,36.1688450418642],[-95.664013948611,36.1714569272882],[-95.6639988569143,36.1734527837761],[-95.6639938263487,36.1750468659659],[-95.6639888856146,36.1771602456823],[-95.6639988569143,36.1796222673269],[-95.6639938263487,36.1816097949931],[-95.6640180808613,36.1836341783336],[-95.6640129595659,36.1850353370966],[-95.6640232012585,36.1872757607161],[-95.6640283216556,36.1893052908773],[-95.6640334420527,36.1912932260676],[-95.6640795256268,36.1934218267614],[-95.6641051276124,36.1953065698795],[-95.6641256092009,36.1984516946483],[-95.6642024151576,36.201877659931],[-95.6643151537258,36.205489546234],[-95.6638234159393,36.2072375837656],[-95.6633266475872,36.2092086827409],[-95.6629477382003,36.2107623896763],[-95.6624458485527,36.2127250662729],[-95.6619439607018,36.2146009373243],[-95.6620547229764,36.2165070573134],[-95.6621478782713,36.2186767887371],[-95.6622272004092,36.2207774688506],[-95.6623119995754,36.2228482337519],[-95.6623877275539,36.2248400282479],[-95.6624634564306,36.2269733689993],[-95.662548347225,36.2289799852295],[-95.6626202124477,36.2309820573422],[-95.6626996244171,36.2329930632267],[-95.6627808312205,36.2350620562683],[-95.6628527862748,36.2371458480547],[-95.6629413601618,36.2391954576708],[-95.6630024456011,36.2405970716876],[-95.6630598479478,36.242049447657],[-95.6631277605832,36.2438806391379],[-95.6631955833872,36.245593841353],[-95.663258285794,36.2474081407447],[-95.6633521597412,36.2495380411368],[-95.6634109095608,36.2514092622244],[-95.6635008309207,36.253583675675],[-95.6635778174389,36.2554819652583],[-95.6636592039053,36.2575975920549],[-95.6637234334481,36.2595405476916],[-95.6637918850728,36.2613799489051],[-95.663945946144,36.2637611671982],[-95.6639031863365,36.2657591622993],[-95.6639117203317,36.2675708930358],[-95.6639160322451,36.269354843234],[-95.6639374121488,36.2716909879101],[-95.663945946144,36.2728917692055],[-95.663945946144,36.2747377352646],[-95.6639630141344,36.2772392686414],[-95.6639630141344,36.2788332652786],[-95.6639673260478,36.2808137832083],[-95.6639759498745,36.2828665928992],[-95.6639844838697,36.2843155769696],[-95.6639887059516,36.2868926890581],[-95.6640058637735,36.2888004502578],[-95.6640058637735,36.2905218629444],[-95.6640143977687,36.2925986728346],[-95.6639973297783,36.2948270392978],[-95.6639630141344,36.2975141412991],[-95.6639416342307,36.2996079226915],[-95.6639160322451,36.3015223237606],[-95.6638903404279,36.3035711861296],[-95.6638817166012,36.3055785861227],[-95.6638132649766,36.3077031349433],[-95.6646393557118,36.3093586908187],[-95.665306983631,36.3107726539319],[-95.666184368169,36.31263502421],[-95.6671216703364,36.3146180869377],[-95.668157427859,36.3167941427299],[-95.6688379016868,36.3182390947585],[-95.6696382107734,36.319908178974],[-95.6704857712439,36.3217013551669],[-95.6713502200418,36.3234875420112],[-95.672228143569,36.3252713719395],[-95.6734634169162,36.3278358408883],[-95.6744564146313,36.3298598401946],[-95.6752952614436,36.3315804913585],[-95.6764765460422,36.3339939423612],[-95.677315482686,36.3357522758121],[-95.6779573289566,36.3370451297732],[-95.6789503266716,36.3390965326387],[-95.6799133206562,36.3410754488012],[-95.6810646024226,36.34343006776],[-95.6821046709603,36.3455570579351],[-95.6829777435849,36.3473565898075],[-95.6838209023106,36.3490628912331],[-95.6847710503866,36.3510449538838],[-95.6856955066455,36.3529270527053],[-95.6864744358283,36.3545401937181],[-95.6873176843855,36.3562360639172],[-95.6882249828225,36.3581283831178],[-95.6892992780708,36.3603307859301],[-95.6910882729591,36.3638635872291],[-95.6915205422738,36.3652110947019],[-95.6922780017214,36.3672203797239],[-95.6929328735635,36.369002050744],[-95.6938359499187,36.3713971263514],[-95.6944223701361,36.3729755270879],[-95.6951113779591,36.374839882193],[-95.6957876297049,36.3766455357941],[-95.696429565807,36.378378750236],[-95.6971999609946,36.380432461711],[-95.69793613037,36.382444752702],[-95.6987450632833,36.3846017740001],[-95.6994940785672,36.386634639122],[-95.7001231687607,36.3883366798324],[-95.7008379582322,36.3902419579714],[-95.7015141201466,36.3920645373142],[-95.7023016731562,36.394190269929],[-95.7030335306182,36.3961745823436],[-95.7037140044459,36.3979969502825],[-95.7044202599223,36.3998641747196],[-95.7049595185873,36.4012937760888],[-95.7058454371205,36.4037223449782],[-95.706474527314,36.4054171430643],[-95.7073776036691,36.4078007593176],[-95.7085332862821,36.4109731839975],[-95.7096183613138,36.4138229860095],[-95.7103423136013,36.4157353737057],[-95.7101271670907,36.4179779292725],[-95.7099938571026,36.4194823741205],[-95.7098643200386,36.420909083801],[-95.7097095403152,36.4227543630948],[-95.7095057125772,36.424951466254],[-95.7093716839368,36.426121190874],[-95.7069196721817,36.4264287431949],[-95.7048750859338,36.4263775210609],[-95.7041918075657,36.426586953644]]},"properties":{"VOLTAGE":345,"VOLT_CLASS":"345","OWNER":"PUBLIC SERVICE CO OF OKLAHOMA","STATUS":"IN SERVICE","TYPE":"AC; OVERHEAD","ID":"145549","SUB_1":"ONETA","SUB_2":"NORTHEASTERN (345KV)","INFERRED":"N","SOURCEDATE":1412640000000}},{"type":"Feature","geometry":{"type":"LineString","coordinates":[[-91.1303578071432,41.7693193160206],[-91.130862253396,41.7693502489204]]},"properties":{"VOLTAGE":69,"VOLT_CLASS":"UNDER 100","OWNER":"NOT AVAILABLE","STATUS":"NOT AVAILABLE","TYPE":"OVERHEAD","ID":"148041","SUB_1":"TIPTON","SUB_2":"NOT AVAILABLE","INFERRED":"Y","SOURCEDATE":1474934400000}},{"type":"Feature","geometry":{"type":"LineString","coordinates":[[-83.5791139997039,34.1299510000599],[-83.5790476411539,34.1303605017825],[-83.5742078166437,34.1344365191049],[-83.5727158946198,34.1357428432127],[-83.5715880310345,34.136720802125],[-83.5703459520507,34.1375488536551],[-83.5663698729576,34.1400829797369],[-83.5596526548436,34.1444231171311],[-83.5563300004067,34.1466239999763],[-83.5551360001552,34.1473270003683],[-83.5527479996523,34.1488410002844],[-83.5521919999836,34.1491969997536],[-83.5515629996217,34.1495980001029],[-83.5481370002995,34.1519090000171],[-83.5468989996671,34.1526810000886],[-83.5449570001263,34.1539369997082],[-83.5446929996374,34.1540950000565],[-83.5438080000807,34.1546799999018],[-83.5423540004366,34.155717000286],[-83.533727999786,34.162125999644],[-83.5295840004135,34.1651770002044],[-83.5252019995929,34.1682730003649],[-83.5223520000309,34.1704069996607],[-83.5191080002837,34.172910999884],[-83.5129050002962,34.1775990003666],[-83.5115539996859,34.1786079998338],[-83.5079090000806,34.1812619998054],[-83.5077709999883,34.1813629997318],[-83.5076420001169,34.1814580001482],[-83.4999406264052,34.1871315380119],[-83.497307138793,34.1889293969911],[-83.4947723796238,34.190958457861],[-83.489733999588,34.1946859997573],[-83.4869311525953,34.1969281243068],[-83.4832946528493,34.1998415000688],[-83.4818400531305,34.200879438949],[-83.4795155446536,34.2026368302526],[-83.4778185120975,34.2040285638433],[-83.4768059957879,34.204865952237],[-83.4760216533572,34.2054910386381],[-83.4754797428654,34.2059510051124],[-83.4744672283525,34.2065878780825],[-83.4727131509792,34.2079087843474],[-83.47120150824,34.2087697198432],[-83.4707309024222,34.2090645599762],[-83.4678060013318,34.2106674151955],[-83.4656150696427,34.211770928128],[-83.4651929162563,34.2119246296452],[-83.4651760000812,34.2119840001157]]},"properties":{"VOLTAGE":115,"VOLT_CLASS":"100-161","OWNER":"GEORGIA POWER CO","STATUS":"IN SERVICE","TYPE":"AC; OVERHEAD","ID":"158028","SUB_1":"UNKNOWN111494","SUB_2":"UNKNOWN111501","INFERRED":"Y","SOURCEDATE":1514851200000}},{"type":"Feature","geometry":{"type":"LineString","coordinates":[[-90.6640816848746,42.4021069971444],[-90.665097676766,42.4019064780512],[-90.6651976152397,42.3722393579102],[-90.6750343068396,42.3640159410068],[-90.67500575299,42.3603896418725],[-90.6903479997774,42.3604979999236],[-90.7014060004135,42.3603790000813],[-90.7098830002028,42.3604620002963],[-90.7275330000905,42.3605989997635],[-90.7288829999776,42.3604319999273],[-90.7348609998342,42.3603710001508],[-90.7447410001123,42.3605619998739],[-90.7601249996958,42.3603610002361],[-90.7805859996858,42.3602899998009],[-90.8008411686946,42.3602040441822],[-90.8009859995763,42.3601639999342],[-90.8009200003524,42.3633590002639],[-90.8059550000277,42.3674440000646],[-90.8248839996574,42.3674500000009],[-90.8306010002964,42.3674619998717],[-90.8306299997104,42.3711029999411],[-90.8402310003293,42.371156000032],[-90.8402499996975,42.3942909999184],[-90.8402260003064,42.3964860002341],[-90.848732000408,42.3964920000493],[-90.8488160000736,42.3988479997031],[-90.849791000042,42.4010959998608],[-90.8499400000049,42.4048439999522],[-90.8498210001792,42.4172350000288],[-90.8498160001563,42.4217159998657],[-90.8500270000435,42.4256209998041],[-90.8653360001823,42.4257590002866],[-90.889493999656,42.4258359999624],[-90.8893790000283,42.441892000263],[-90.8894040001426,42.4526300000399],[-90.8893060002333,42.4587180000975],[-90.8891108439328,42.4706015172391],[-90.887980599812,42.4757768451819],[-90.8880400871485,42.4935930592694],[-90.8880698303675,42.4996606842375],[-90.8978851070294,42.499749914036],[-90.8980933086645,42.5144133430788],[-90.8983907417534,42.5311290558521],[-90.8980933086645,42.5360366940186],[-90.898212282439,42.5413012520449],[-90.8981433699787,42.5431999530512],[-90.9010614627375,42.5431731580592],[-90.9112292383169,42.542999796798],[-90.9175628129225,42.5429209721788],[-90.9276819968316,42.5431101187995],[-90.936502154856,42.5432046793199],[-90.9440746086464,42.5433255071417],[-90.9537935724351,42.5434253250512],[-90.9634200340041,42.5436249637009],[-90.98146704523,42.5439664332046],[-90.9911851367546,42.5441660469596],[-91.0028783765522,42.5442395911816],[-91.0128039932805,42.5443236459642],[-91.0239201903739,42.5444182053083],[-91.0355226203778,42.5444970141387],[-91.0419799334223,42.5447175560277],[-91.0451515172796,42.5445600288338],[-91.0550080400878,42.5446125739023],[-91.0664591390006,42.5445758016909],[-91.0775313321198,42.544566171327],[-91.0846097717928,42.5445268219003],[-91.091619460702,42.5432238650154],[-91.0944339822002,42.5443064289129],[-91.0950701663894,42.5442324340574],[-91.0970332368135,42.5442158788199],[-91.1070728767008,42.5441213178456],[-91.1142991503234,42.5440531952834],[-91.1175009750664,42.545224791209],[-91.1265107746339,42.5450879262984],[-91.1352448390198,42.544977615072],[-91.1464463778619,42.544956601938],[-91.1536950797222,42.5449094338792],[-91.156638142951,42.54594393892],[-91.1623232884317,42.5478932521943],[-91.168864337037,42.5478458527388],[-91.1811641651286,42.547830093944],[-91.1940855779895,42.547761798066],[-91.2019223116449,42.5475726761274],[-91.2116810160034,42.5474365330989],[-91.2176342304431,42.551370538939],[-91.2264133022214,42.5513758098819],[-91.2358688961385,42.5513705568066],[-91.2453461951495,42.5512444762494],[-91.2529533257064,42.5510869139081],[-91.2608670548631,42.5511394349533],[-91.2696457080265,42.5511341818581],[-91.2806846329376,42.5509555690793],[-91.2828170690303,42.5509082837881],[-91.2928409596541,42.5506561847431],[-91.2983940833308,42.5506929460934],[-91.3064947393217,42.5507244648807],[-91.3157292138299,42.5506876922988],[-91.3244218524065,42.5506141457467],[-91.3353464747825,42.5504197759859],[-91.3386117277711,42.5503357433087],[-91.3442077774436,42.5502884780629],[-91.3561722590497,42.5502937312292],[-91.3586325137459,42.5502884767393],[-91.3744907070185,42.5502096831615],[-91.3830331939919,42.5501571540544],[-91.3884975218977,42.5500996456962],[-91.3952357641827,42.5538133267614],[-91.4005155439931,42.5537552778235],[-91.4048809592186,42.5538501689692],[-91.4059773117003,42.5534806679362],[-91.4136534732953,42.5527889028429],[-91.4164991286046,42.5528622721312],[-91.4268588948215,42.5532772021824],[-91.4365231242599,42.5536607418872],[-91.4485188528649,42.553529399828],[-91.457752623094,42.5534506129885],[-91.4657459277135,42.5533770749859],[-91.4778816264161,42.553240509852],[-91.4880998927044,42.5531932342328],[-91.4905140790978,42.5531460201199],[-91.497860970412,42.5535554690782],[-91.5020532470445,42.5538553477213],[-91.5102749743762,42.5532034310418],[-91.5154394796744,42.5527941260202],[-91.5241545518786,42.55298310376],[-91.5299956556725,42.5531512247384],[-91.5437945150551,42.5530881862901],[-91.5531493727945,42.5530671758863],[-91.5733350876589,42.5530619242769],[-91.5791269511987,42.5530981250359],[-91.5793319674078,42.5552577559667],[-91.5799523816723,42.5554181267068],[-91.5800594581592,42.5567744199821],[-91.5791802877704,42.5568941912646],[-91.5792506330437,42.5585588396715],[-91.5788799333602,42.5671069032121],[-91.5789150197586,42.5738451958921],[-91.5858994624151,42.5785967822898],[-91.5935930971407,42.5786038097929],[-91.6064945925551,42.5785898090267],[-91.6208883962689,42.5785338039458],[-91.6341890041808,42.5785408049971],[-91.6485264457971,42.5784707951103],[-91.6649553782955,42.5782817721908],[-91.6784458711939,42.5780787550936],[-91.6924729763205,42.5779755013103],[-91.7029902890719,42.5779755013103],[-91.7119036329341,42.5779124919107],[-91.7215440121018,42.5778442349083],[-91.7292732713166,42.5777759791541],[-91.7371091291146,42.5777339762882],[-91.7446313221648,42.5777339762882],[-91.7548063031311,42.5777549790476],[-91.7667988049875,42.5777759791541],[-91.7767805673194,42.5779597329255],[-91.7791839236238,42.5780017449],[-91.7890390836877,42.5781015139652],[-91.8013533521975,42.578080511984],[-91.8087543337698,42.5781435152605],[-91.8163080558898,42.578185533726],[-91.8212921031222,42.5779650168364],[-91.8282844796994,42.5780175026905],[-91.8306922000194,42.5780332393097],[-91.8357908588073,42.5783115400031],[-91.8383742258166,42.5783062839036],[-91.8453796117956,42.5783849990078],[-91.8477291437432,42.5785585331848],[-91.8505499830927,42.5783850003308],[-91.8554211938406,42.5783220727067],[-91.8581267523897,42.5784793552667],[-91.8609957926424,42.5786718847202],[-91.8647457963212,42.5810573231015],[-91.8658186946893,42.5817559580328],[-91.876099762199,42.5816888177823],[-91.8849313997945,42.581565429045],[-91.8904509543274,42.5814577877245],[-91.89487324908,42.5813402529823],[-91.899725837752,42.5844823688234],[-91.9005579400132,42.5851282659648],[-91.9006650156018,42.5855137389216],[-91.9018985471156,42.5859093262209]]},"properties":{"VOLTAGE":345,"VOLT_CLASS":"345","OWNER":"MIDAMERICAN ENERGY CO","STATUS":"IN SERVICE","TYPE":"AC; OVERHEAD","ID":"158094","SUB_1":"SALEM","SUB_2":"HAZLETON","INFERRED":"N","SOURCEDATE":1525824000000}},{"type":"Feature","geometry":{"type":"LineString","coordinates":[[-82.9108326954159,32.0499268883061],[-82.910608809196,32.0495796696945],[-82.9098711755667,32.0490085986342],[-82.9095440001571,32.0498890002995],[-82.9066826979922,32.0474381548316],[-82.9039344209581,32.0451419751768],[-82.9016977272917,32.0431432278002],[-82.9004485102947,32.0424531839634],[-82.8987115036068,32.0424888759479],[-82.8969031131932,32.042595951818],[-82.8956063070457,32.0430242548072],[-82.893095975764,32.0450111049924],[-82.8916207103021,32.0452252560366],[-82.8901930330924,32.0446779803191],[-82.8872900913192,32.0471883119739],[-82.8802944763154,32.052958504628],[-82.8775818902458,32.0552665822943],[-82.8769156412407,32.0570273831216],[-82.875749705257,32.0581695243717],[-82.8723946647575,32.0620480461262],[-82.8750001752384,32.0627261916582],[-82.8741435687329,32.0651770372025],[-82.8762731859124,32.0739215556858],[-82.8786764416055,32.0851645087222],[-82.8793188969337,32.0881388357413],[-82.8721924108678,32.0961814139316],[-82.8660177096084,32.103105644938],[-82.860516300146,32.109169400207]]},"properties":{"VOLTAGE":115,"VOLT_CLASS":"100-161","OWNER":"GEORGIA POWER CO","STATUS":"IN SERVICE","TYPE":"AC; OVERHEAD","ID":"158101","SUB_1":"UNKNOWN154654","SUB_2":"TAP155816","INFERRED":"Y","SOURCEDATE":1527552000000}},{"type":"Feature","geometry":{"type":"LineString","coordinates":[[-84.5358216880078,41.3103845499264],[-84.5373170002735,41.3104370000312],[-84.5400580000556,41.3102090002367],[-84.5505159997437,41.3093240003077],[-84.5719669997706,41.307545999817],[-84.5831529995549,41.306610999948],[-84.602698000026,41.3049549999919],[-84.6238200001649,41.3031210002785],[-84.6338140002459,41.3020069997098],[-84.6581700000863,41.2992800002494],[-84.6840180001041,41.2964029997085],[-84.6955539996927,41.294340000255],[-84.7119509997777,41.2914139997114],[-84.7312889996613,41.2879590000808],[-84.7515560003808,41.2843430002739],[-84.7523883317124,41.2842104788057],[-84.7527846199067,41.2843042553334]]},"properties":{"VOLTAGE":138,"VOLT_CLASS":"100-161","OWNER":"OHIO POWER CO","STATUS":"IN SERVICE","TYPE":"AC; OVERHEAD","ID":"146106","SUB_1":"SOUTH HICKSVILLE","SUB_2":"LOCKWOOD RD","INFERRED":"Y","SOURCEDATE":1476230400000}},{"type":"Feature","geometry":{"type":"LineString","coordinates":[[-82.0881061760315,41.2884717261869],[-82.0886557716105,41.2886443880665],[-82.0885703319455,41.2908156421111],[-82.0885250882962,41.2938605898751],[-82.0890395831039,41.2948151463058],[-82.091409987407,41.2992193150562],[-82.0988187690509,41.3130966618503],[-82.1132335044092,41.3130770816685],[-82.1131115221767,41.3201013702587],[-82.1130697056003,41.3213340878045],[-82.1130569719811,41.3239747117012],[-82.1129519337716,41.3309904678182],[-82.1129350957499,41.3319469751708],[-82.1119581751835,41.335930383042],[-82.1116022752443,41.3372314537946],[-82.1153949039834,41.3442844377258],[-82.1159056429348,41.345266207926],[-82.1163903046918,41.3459939168617],[-82.1168143427436,41.3465695793288],[-82.117105078892,41.3475124707886],[-82.1185800281469,41.3475822380771],[-82.1206791286578,41.3476851577405],[-82.1216769081052,41.3477058382246],[-82.1233983317178,41.3481425080869],[-82.1248611438349,41.3479222781883],[-82.124748326215,41.3493208756722],[-82.124813507972,41.3519528308827],[-82.124781456981,41.3542766623048],[-82.1247638922222,41.3577609741213],[-82.1312841583035,41.3577862169124],[-82.1312185417619,41.3603012532173],[-82.1310351893242,41.3649911376668],[-82.132444030659,41.3650216391011],[-82.1347397526227,41.3651194409999],[-82.1360397091619,41.3651964087202],[-82.1367228788338,41.3652275471742],[-82.1399008380346,41.3652088321466],[-82.1415154896892,41.3652017321793],[-82.1419726773716,41.3664620947029],[-82.1437482451414,41.3713987137759],[-82.1469812557978,41.3714267158942],[-82.1525221938277,41.3714654427675],[-82.15550199366,41.3714842739684],[-82.1554097169174,41.3738676442485],[-82.1553382640213,41.3758515092265],[-82.1552515146127,41.3786256431938],[-82.1551922680247,41.3805088788501],[-82.1550363474409,41.3853953239113],[-82.1577486945586,41.3889208327585],[-82.1585931872825,41.3899909727053],[-82.1584800822017,41.3941221853302],[-82.1584589089104,41.3957951917184],[-82.1583634925559,41.3986453208329],[-82.158336393977,41.3999970699874],[-82.1582790581057,41.402185806292],[-82.1648264775631,41.402185806292],[-82.1712034327121,41.4024713409052],[-82.1779016164235,41.4005082859913],[-82.1839573439084,41.3980455441429],[-82.1890374938082,41.3942027139715],[-82.2018865833056,41.3843398479983],[-82.2109047399001,41.3778201249674],[-82.2201965359066,41.3767731617023],[-82.229702482192,41.3757618907048],[-82.2335572087717,41.375690508171],[-82.2487729997166,41.3758060002788],[-82.2587675980755,41.3758451728126],[-82.2617895136233,41.3775226932691],[-82.2653349107248,41.379473851115],[-82.2666720000246,41.3794199999685],[-82.270499999928,41.3797059999233],[-82.2711469998333,41.3747099996806],[-82.2733720001296,41.3729660001781],[-82.279980999998,41.3676529999255],[-82.2884589996122,41.3635769998028],[-82.2996190003555,41.3581720001442],[-82.3075940000045,41.3543040001793],[-82.3173029996801,41.3496400002556],[-82.323314000047,41.348744000066],[-82.3300540003349,41.3478530001872],[-82.3361660000858,41.3470270002293],[-82.3408459999339,41.3453409998982],[-82.3438849996418,41.3452499999862],[-82.3473359999766,41.3455459997751],[-82.3629220001248,41.3434910001261],[-82.37198499972,41.3427349999013],[-82.3779940004371,41.3422049999022],[-82.3841449996477,41.3417080000079],[-82.3922080000586,41.3410459997808],[-82.3955709996315,41.3405549997365],[-82.405371000442,41.3392420000015],[-82.4141539996548,41.3380889999121],[-82.4200980000745,41.3377419997379],[-82.4259420000368,41.3373879999333],[-82.4339440003483,41.3369130002173],[-82.4428760004223,41.3368519999928],[-82.4542279998879,41.3367750001033],[-82.4628400002947,41.3366960002535],[-82.4720979998836,41.3366839996874],[-82.4795910003821,41.3366869998291],[-82.4885440003724,41.3366569997544],[-82.4960190004292,41.3365089997235],[-82.4960319999497,41.3371999997768],[-82.4949900584247,41.3373871682932]]},"properties":{"VOLTAGE":138,"VOLT_CLASS":"100-161","OWNER":"NOT AVAILABLE","STATUS":"IN SERVICE","TYPE":"AC; OVERHEAD","ID":"167799","SUB_1":"UNKNOWN113152","SUB_2":"SHINROCK","INFERRED":"Y","SOURCEDATE":1538438400000}},{"type":"Feature","geometry":{"type":"LineString","coordinates":[[-91.8896651413545,41.7939985659591],[-91.8891388193278,41.7926122620639],[-91.891166120193,41.7922696198894],[-91.8929554753058,41.7915653001399],[-91.8938691877139,41.7910941660151],[-91.8950065698479,41.7901138280491],[-91.8965912914339,41.7874535908688],[-91.8978952355947,41.7852264150869],[-91.8983711279979,41.78443167467],[-91.8995275463311,41.7836797662355],[-91.8994466440566,41.782490034974],[-91.9017214092231,41.7783497727068],[-91.9045672450937,41.7733243509155],[-91.9061329295822,41.7708116410925],[-91.9073416963403,41.7690984289949],[-91.9092976125814,41.7693982411486],[-91.9093404433559,41.7653341207215],[-91.9093785148559,41.762797616302],[-91.9093785148559,41.7619410098113],[-91.9095212823074,41.7611319929401],[-91.9093261673294,41.7602849049184],[-91.9093547202807,41.759266496062],[-91.909740192759,41.7577912302334],[-91.9094689338825,41.755935249965],[-91.9094927293561,41.7552023758457],[-91.9095212823074,41.7541696898519],[-91.9094974877322,41.7523089518606],[-91.9095022470065,41.7505195967876],[-91.909778264259,41.7487112068511],[-91.9100400045867,41.7448088908319],[-91.9101256652373,41.743980837839],[-91.9097972995599,41.7423247333301],[-91.9099828977858,41.7394741391799],[-91.9098829602105,41.7378703818308],[-91.9096640497589,41.7369661870247],[-91.9097877819095,41.7351768326783],[-91.9099781394097,41.7334969330242],[-91.910101870662,41.7308414552015],[-91.9103540942376,41.725449596146],[-91.9104016833881,41.7221373856736],[-91.9102731919631,41.7212141553027],[-91.9105825223397,41.7201338799178],[-91.9104112010386,41.7185634360444],[-91.9104730671139,41.7163315009921],[-91.9106063169149,41.7127099617132],[-91.9108870934418,41.7073181028051],[-91.9109965477693,41.7020023871576]]},"properties":{"VOLTAGE":69,"VOLT_CLASS":"UNDER 100","OWNER":"NOT AVAILABLE","STATUS":"IN SERVICE","TYPE":"AC; OVERHEAD","ID":"169309","SUB_1":"TAP168104","SUB_2":"TAP168107","INFERRED":"Y","SOURCEDATE":1572998400000}},{"type":"Feature","geometry":{"type":"LineString","coordinates":[[-95.1499133576707,41.6379875199887],[-95.150062999929,41.6380560003087],[-95.1500369999898,41.6392630001607],[-95.1500339996167,41.6445170001631],[-95.1477299996777,41.6451110000625],[-95.1422070001057,41.6450859999251],[-95.1342540001981,41.645066000211],[-95.1335860003764,41.6452550000474],[-95.1280240004464,41.6452719997214],[-95.111603000072,41.6454399998122],[-95.0930230004217,41.6454869998311],[-95.0762360003494,41.6457119999894],[-95.0615430001538,41.6457390003046],[-95.0495940001133,41.6457329997134],[-95.0406620000393,41.6457619997687],[-95.0342659997079,41.6458169998839],[-95.0341119997222,41.6335130002985],[-95.0339870000487,41.6196790001847],[-95.0339579997364,41.6166779998989],[-95.0336780002522,41.6167599996814],[-95.0137710002811,41.6166089998946],[-95.0027179996679,41.6165979999942],[-94.9951809996869,41.6165830001269],[-94.9886029997806,41.6165439997842],[-94.9765249998687,41.6164329999194],[-94.9570609995884,41.6163670003086],[-94.9419780003038,41.6163579996848],[-94.9300810001418,41.6163249998495],[-94.9212529998249,41.6162730000746],[-94.9133960001767,41.6162969999759],[-94.907495000313,41.6162919999972],[-94.8986219997903,41.6163379997866],[-94.8988300002027,41.626869999763],[-94.8989080000205,41.6290729997367],[-94.8988870001041,41.6297669998912],[-94.8987719995781,41.6312359996829],[-94.8987339999432,41.6327410003169],[-94.8986379996838,41.6372039998353],[-94.8987449998139,41.6379540001741],[-94.8986419998817,41.6413380002553],[-94.8986140002926,41.6437089997705],[-94.8986739996688,41.6453480001044],[-94.898636000034,41.6475550002837],[-94.8986209999653,41.6497389999908],[-94.8986689996459,41.6504719997868],[-94.898739999791,41.6512099999244],[-94.8988949996017,41.6519449999911],[-94.8998079996458,41.6554930000626],[-94.9011140000503,41.6597370002542],[-94.8987869996467,41.6597729999933],[-94.8986810002398,41.6636479998672],[-94.8985480001704,41.6665630002696],[-94.8985819996073,41.6674129999634],[-94.8986240003384,41.668867000064],[-94.8985499998202,41.6757639997076],[-94.8983690000703,41.6820219997018],[-94.898266999963,41.6881470003208],[-94.8983039997729,41.6913699996979],[-94.8983370002832,41.6974429997792],[-94.898375999743,41.7012889998314],[-94.8984009998573,41.7051930001539],[-94.8984200001239,41.7116750003253],[-94.8984650003297,41.7165930000393],[-94.8985790001325,41.7173429997973],[-94.8986119997445,41.7223129996797],[-94.8986689996459,41.7315669998701],[-94.9116450004316,41.7316349998843],[-94.9180609999562,41.7316349998843],[-94.9181220000555,41.7429219997512],[-94.9181720002843,41.7462080001332],[-94.9275389996531,41.7459880000291],[-94.9280092865689,41.7458147509999],[-94.9282615101445,41.745829027077]]},"properties":{"VOLTAGE":69,"VOLT_CLASS":"UNDER 100","OWNER":"NOT AVAILABLE","STATUS":"IN SERVICE","TYPE":"AC; OVERHEAD","ID":"169313","SUB_1":"UNKNOWN131001","SUB_2":"UNKNOWN168109","INFERRED":"Y","SOURCEDATE":1572998400000}},{"type":"Feature","geometry":{"type":"LineString","coordinates":[[-83.6828589999523,32.6181609996268],[-83.6833177758561,32.6185903106962],[-83.6870690003454,32.6184319999395],[-83.6884311957608,32.6181756911961],[-83.6900079995958,32.617879000022],[-83.6899965200248,32.6188235546959],[-83.689938000174,32.623637999675]]},"properties":{"VOLTAGE":115,"VOLT_CLASS":"100-161","OWNER":"GEORGIA POWER CO","STATUS":"IN SERVICE","TYPE":"AC; OVERHEAD","ID":"170769","SUB_1":"TAP143049","SUB_2":"TAP169139","INFERRED":"Y","SOURCEDATE":1577664000000}},{"type":"Feature","geometry":{"type":"LineString","coordinates":[[-93.5153644866387,42.0237090290049],[-93.5148484161861,42.0236258930332],[-93.514672732666,42.0230319147836],[-93.5184290146703,42.023040281183],[-93.5238835716008,42.0229984511773],[-93.532119786063,42.0230068169137],[-93.5390258237615,42.0229859019033],[-93.5407533792743,42.0230109997815],[-93.5506962328762,42.0230528291115],[-93.5529090097965,42.0230026340457],[-93.5566025480715,42.0229859019033],[-93.5608691486157,42.0229566218116],[-93.5657088132257,42.022814402029],[-93.5680052493501,42.0227725718748],[-93.5684752380253,42.0231295947795],[-93.5701834312504,42.0232049809736],[-93.5702389399485,42.0259892552451],[-93.5702468235634,42.0273255480906],[-93.5703033644257,42.0279217876947],[-93.5703085036874,42.0280716698165],[-93.5699877449439,42.0281566223244]]},"properties":{"VOLTAGE":-999999,"VOLT_CLASS":"NOT AVAILABLE","OWNER":"NOT AVAILABLE","STATUS":"IN SERVICE","TYPE":"AC; OVERHEAD","ID":"175114","SUB_1":"UNKNOWN132119","SUB_2":"UNKNOWN173446","INFERRED":"N","SOURCEDATE":1588636800000}},{"type":"Feature","geometry":{"type":"LineString","coordinates":[[-84.8484124881635,36.8382149268319],[-84.8478894036652,36.8388472682046],[-84.8475324841382,36.8387282950662],[-84.8462761291279,36.8403130160598],[-84.8438200489028,36.8446971733527],[-84.8421496675646,36.8474490202727],[-84.8419033926329,36.8484412551644],[-84.8412117626276,36.8524010749975],[-84.8409500231982,36.8537097782957],[-84.8399982383918,36.8535527337316],[-84.8399089997515,36.8533499999931]]},"properties":{"VOLTAGE":-999999,"VOLT_CLASS":"NOT AVAILABLE","OWNER":"NOT AVAILABLE","STATUS":"IN SERVICE","TYPE":"NOT AVAILABLE","ID":"179005","SUB_1":"UNKNOWN124791","SUB_2":"UNKNOWN176197","INFERRED":"NOT AVAILABLE","SOURCEDATE":1648598400000}},{"type":"Feature","geometry":{"type":"LineString","coordinates":[[-103.491207385186,31.3999993641889],[-103.491242999794,31.4012259990919],[-103.492052999906,31.410740000249],[-103.494253000088,31.4158539989152],[-103.493262000226,31.4161869993782],[-103.494561000059,31.4189729991559],[-103.49555200082,31.4186229991405],[-103.499454000343,31.4269759998471],[-103.499793534774,31.4277346916184],[-103.499825000064,31.4278050001224],[-103.498575185687,31.4282513620383],[-103.498158999809,31.4283999999099],[-103.49839271809,31.4289699996759]]},"properties":{"VOLTAGE":138,"VOLT_CLASS":"100-161","OWNER":"TEXAS-NEW MEXICO POWER CO.","STATUS":"IN SERVICE","TYPE":"AC; OVERHEAD","ID":"300753","SUB_1":"PECOS","SUB_2":"NOT AVAILABLE","INFERRED":"N","SOURCEDATE":1559347200000}},{"type":"Feature","geometry":{"type":"LineString","coordinates":[[-96.6789949999511,31.9448769992574],[-96.6796211122294,31.9440010002591],[-96.6808749995676,31.941549999744],[-96.6858320003234,31.9326819999097],[-96.6877210001607,31.9305829997485],[-96.6915781000894,31.9262683988977],[-96.6918423997174,31.9244322996729],[-96.6925790002841,31.9204769992548],[-96.6927120003535,31.9192729998539],[-96.6934790008077,31.9145560002263],[-96.6938229172209,31.9126586671042],[-96.6942755001392,31.9092935003713],[-96.6951100000038,31.9039299997647],[-96.6962500007269,31.896542000232],[-96.6969320007923,31.8918406668747],[-96.6969369999169,31.8907559988312],[-96.6990080002274,31.87858299992],[-96.7005310003668,31.8706400000424],[-96.7024930008974,31.8600969996988],[-96.7026310000913,31.8593649996667],[-96.7045030002102,31.8497579997319],[-96.7046990000288,31.8487209996522],[-96.7046820003104,31.8489349997574],[-96.7055579996462,31.8445799986784],[-96.706138001401,31.8416389999605],[-96.7067519998977,31.8386600002081],[-96.7073280005562,31.8356430003337],[-96.7092080001727,31.8331869992957],[-96.7111589999343,31.8305989999573],[-96.7149850001878,31.8255299996203],[-96.7177550002822,31.821846999925],[-96.7196819997543,31.819338999876],[-96.7206269708394,31.8150699991859],[-96.7209489998007,31.8139680003647],[-96.7211870003504,31.8130419988859],[-96.7216140001477,31.8113750003051],[-96.7236340004046,31.8034554999285],[-96.7239130000638,31.8024549993467],[-96.7242494999861,31.8011549998128],[-96.7253250007735,31.7970619997912],[-96.7261240010148,31.7938309998237],[-96.7272100004129,31.7894170002993],[-96.7273740013427,31.7887599997155],[-96.7287839997076,31.7829919990557],[-96.7295069997809,31.7800349999183],[-96.733070001167,31.7706259988929],[-96.7356150002322,31.7639039999581],[-96.7368370000727,31.7602739988613],[-96.7388559996064,31.7549119992081],[-96.7404549999138,31.7505399989057],[-96.7421129997724,31.7461089996226],[-96.7454639996498,31.7371509999289],[-96.7457709997965,31.736284999023],[-96.7482486674361,31.729604667078],[-96.7501390003734,31.7246319997538],[-96.75118600121,31.7217519998171],[-96.7533320009653,31.7159849991944],[-96.7570250002511,31.7059720002121],[-96.7637880001053,31.6860030001356],[-96.7706980002726,31.6655639999918],[-96.775175999556,31.6523580000842],[-96.7736559997896,31.6500170002891],[-96.7726599999048,31.6473290001315],[-96.7679490000946,31.634676000137],[-96.759226000258,31.6207309998876],[-96.7425789999278,31.5939729996513],[-96.7211279999009,31.5599940001128],[-96.6871304440997,31.503636000209],[-96.6870419995701,31.503308999765]]},"properties":{"VOLTAGE":138,"VOLT_CLASS":"100-161","OWNER":"ONCOR ELECTRIC DELIVERY CO.","STATUS":"NOT AVAILABLE","TYPE":"OVERHEAD","ID":"300787","SUB_1":"UNKNOWN306971","SUB_2":"NOT AVAILABLE","INFERRED":"N","SOURCEDATE":1414627200000}},{"type":"Feature","geometry":{"type":"LineString","coordinates":[[-84.9667178002536,34.6369470973382],[-84.9666747071711,34.6373065013268],[-84.9662277782492,34.6392795240154],[-84.9660862001672,34.6410246557145],[-84.965640899891,34.6446921560462],[-84.9654374925645,34.6465096792861],[-84.9651968419848,34.6484918742751],[-84.9649740166752,34.6502247266776],[-84.9646217001157,34.653032755787],[-84.9642520649358,34.6560951398938],[-84.9640745003435,34.6575955562441],[-84.9638480099076,34.6594554108023],[-84.9638492001753,34.6610725556427],[-84.9638955451591,34.6630183697124],[-84.9640899998754,34.6711345571256],[-84.9640143850847,34.6736159257132],[-84.9641174002882,34.676664556707],[-84.9641817996126,34.679293756788],[-84.9642299996175,34.6804655571465],[-84.9641272826547,34.6817348319087],[-84.963807144647,34.6839728018636],[-84.9637318945722,34.6846696162213]]},"properties":{"VOLTAGE":115,"VOLT_CLASS":"100-161","OWNER":"GEORGIA POWER CO","STATUS":"IN SERVICE","TYPE":"AC; OVERHEAD","ID":"167560","SUB_1":"TAP145943","SUB_2":"TAP173382","INFERRED":"Y","SOURCEDATE":1397088000000}},{"type":"Feature","geometry":{"type":"LineString","coordinates":[[-102.321230836858,33.9114465112592],[-102.320832001041,33.911453999933],[-102.320843000014,33.9080859992033],[-102.320871001399,33.9044409999605],[-102.320889000943,33.9033059993161],[-102.320939000273,33.8988280000432],[-102.320977999733,33.8957940002377],[-102.321007000943,33.8939199999035],[-102.324937000056,33.8939410000893],[-102.327585999776,33.8939659992739],[-102.32765700082,33.889741000234],[-102.327711000348,33.8854909998018],[-102.327764000051,33.8822610003662],[-102.327795999839,33.8801060002598],[-102.328387982424,33.8790793151054]]},"properties":{"VOLTAGE":69,"VOLT_CLASS":"UNDER 100","OWNER":"NOT AVAILABLE","STATUS":"IN SERVICE","TYPE":"AC; OVERHEAD","ID":"300089","SUB_1":"UNKNOWN301554","SUB_2":"UNKNOWN304715","INFERRED":"N","SOURCEDATE":1541030400000}},{"type":"Feature","geometry":{"type":"LineString","coordinates":[[-102.376283187136,33.590305728298],[-102.371092000078,33.5904229988687],[-102.371087000953,33.5914819999632],[-102.352738001282,33.5915099998397],[-102.351246000206,33.5914860003737],[-102.348326001222,33.5914769990756]]},"properties":{"VOLTAGE":69,"VOLT_CLASS":"UNDER 100","OWNER":"SOUTHWESTERN PUBLIC SERVICE CO.","STATUS":"IN SERVICE","TYPE":"AC; OVERHEAD","ID":"300096","SUB_1":"UNKNOWN302193","SUB_2":"NOT AVAILABLE","INFERRED":"N","SOURCEDATE":1356998400000}},{"type":"Feature","geometry":{"type":"LineString","coordinates":[[-102.291000394048,33.1958693347766],[-102.291747999875,33.1958739999113],[-102.291752000972,33.1947849999424],[-102.291726000134,33.187474999659],[-102.291706999868,33.181655000328],[-102.291655000887,33.1741850002726],[-102.291696000895,33.166036000023],[-102.29373899982,33.1626000000161],[-102.296209000339,33.1585629999999],[-102.295641000076,33.1580619997261],[-102.297412999738,33.1565610002363],[-102.302311999869,33.1525420001456],[-102.304994000998,33.1503320003667],[-102.305933000981,33.1495629996923],[-102.306267999819,33.1486419997329],[-102.30681033701,33.1480780442177]]},"properties":{"VOLTAGE":69,"VOLT_CLASS":"UNDER 100","OWNER":"NOT AVAILABLE","STATUS":"IN SERVICE","TYPE":"AC; OVERHEAD","ID":"300139","SUB_1":"GOODPASTURE","SUB_2":"BROWNFIELD SWITCHING","INFERRED":"N","SOURCEDATE":1541030400000}},{"type":"Feature","geometry":{"type":"LineString","coordinates":[[-99.263687999799,33.5974380001583],[-99.2635320001633,33.5884860003222],[-99.2705450011611,33.588417000169],[-99.2737089996441,33.5836819998064],[-99.2777740002722,33.5776169998054],[-99.2827820001834,33.5701619990384],[-99.2877650008785,33.5631619997216],[-99.302552999712,33.5565779997556],[-99.3238370002326,33.5482440000121],[-99.3395160002672,33.542100999909],[-99.354825000406,33.5360409997782],[-99.376495000716,33.527533999973],[-99.3958689996863,33.5199890002532],[-99.4057670013044,33.5161029988444],[-99.4168889997179,33.5116949993094],[-99.4214880002735,33.511193999919],[-99.4316120000508,33.5112449990074],[-99.4405540001705,33.5039019998312],[-99.4500260000196,33.498651000368],[-99.4584188519213,33.4953509251188],[-99.4622920002525,33.4938280000467],[-99.4720910012381,33.4899709992518],[-99.4734999997781,33.4893989998274],[-99.4803410012467,33.4867249998636],[-99.4886609997789,33.4817850000427],[-99.5054910004072,33.4731300000971],[-99.5063209997123,33.4726995201622],[-99.5063209997123,33.4726869996307],[-99.5080060002335,33.4718209999303],[-99.5097000000771,33.4709440002024],[-99.5121389997354,33.4696840002986],[-99.5139810006153,33.4687760003056],[-99.5155299997957,33.4679739996573],[-99.5170720002017,33.4671429997111],[-99.5184899998609,33.4664029999123],[-99.5193850012599,33.4652229991943],[-99.5203550003071,33.4645069997579],[-99.5212859998945,33.4653109996421],[-99.5234459998935,33.4652629987958],[-99.5296070000482,33.4651280000667],[-99.5321879999967,33.4650729997749],[-99.5336330003183,33.4643139999769],[-99.5367080000111,33.4627029998278],[-99.5447680000489,33.4616830003299],[-99.5455060001908,33.4623889996314],[-99.5488130005856,33.4611420000992],[-99.5488130005856,33.4611072768231],[-99.5504520001777,33.460873998819],[-99.5776199999453,33.457077000297],[-99.5950990001287,33.4546490070016],[-99.6018800004246,33.4543430001468],[-99.602786824551,33.4534171146458]]},"properties":{"VOLTAGE":138,"VOLT_CLASS":"100-161","OWNER":"NOT AVAILABLE","STATUS":"IN SERVICE","TYPE":"AC; OVERHEAD","ID":"300212","SUB_1":"TAP303442","SUB_2":"UNKNOWN304022","INFERRED":"N","SOURCEDATE":1546387200000}},{"type":"Feature","geometry":{"type":"LineString","coordinates":[[-96.6371912118917,31.745954854131],[-96.634255001012,31.7473419992447],[-96.630289000118,31.7419170000354],[-96.6262529998022,31.7437729990594],[-96.623989999871,31.7407449999895],[-96.6167030010335,31.7444179992434],[-96.6173540002385,31.7456019998398],[-96.6099269998623,31.7499589999267],[-96.6013399995698,31.7484369990195],[-96.5887170007581,31.7472530002951],[-96.5755769999409,31.7445040002017],[-96.561779000246,31.7402599997674],[-96.5483290007056,31.7331410003339],[-96.5465439997271,31.7297280003697],[-96.5443219998038,31.7296060003498],[-96.5280319998489,31.7165929996536],[-96.5190760012822,31.7098650002027],[-96.5109300001323,31.7037739993579],[-96.5029610003311,31.6992439998307],[-96.5015630007635,31.7013439997998],[-96.4991180003591,31.6990330000311],[-96.4839940010666,31.7088570000431]]},"properties":{"VOLTAGE":69,"VOLT_CLASS":"UNDER 100","OWNER":"ONCOR ELECTRIC DELIVERY CO.","STATUS":"IN SERVICE","TYPE":"AC; OVERHEAD","ID":"302299","SUB_1":"NOT AVAILABLE","SUB_2":"NOT AVAILABLE","INFERRED":"N","SOURCEDATE":1533513600000}},{"type":"Feature","geometry":{"type":"LineString","coordinates":[[-101.925927138589,35.6314115996815],[-101.925984180711,35.6415259497797],[-101.925955660099,35.6432952496395],[-101.92905738018,35.6574327993029],[-101.929758540412,35.6605129788984],[-101.929675350129,35.667435729172],[-101.929627810385,35.6759990102341],[-101.929520859663,35.6894840801748],[-101.929437670277,35.6998304197216],[-101.929366360214,35.7086990198464],[-101.929318830352,35.7179525791365],[-101.929211869748,35.7286521802766],[-101.929104920821,35.7391767102122],[-101.929095159728,35.7409980686482],[-101.929080870226,35.7426454497212],[-101.929063719591,35.7443993898282],[-101.92904943009,35.7462713387411],[-101.929029400354,35.7480831597962],[-101.929015210566,35.7499179797819],[-101.929000920166,35.7517041389557],[-101.928986639648,35.7535087692484],[-101.928966609912,35.7552740589127],[-101.928946760738,35.7571434900271],[-101.928935259607,35.7589549899506],[-101.928912440602,35.7607849698069],[-101.928892409968,35.762582469284],[-101.928880999567,35.7644007802891],[-101.928861060561,35.7662190402557],[-101.92884965016,35.7678705692619],[-101.92883823976,35.7695798590078],[-101.928829620425,35.7713725701593],[-101.928815330025,35.7731327296587],[-101.928792520902,35.7749577903293],[-101.928775451115,35.776717869014],[-101.928738349795,35.7784941701908],[-101.92920933021,35.7799624396803],[-101.929657499706,35.7814677898411],[-101.930114210383,35.7829590291859],[-101.930645110224,35.7847167496502],[-101.931144749592,35.7863608288611],[-101.93167853033,35.7881137288064],[-101.932275099714,35.7901005796364],[-101.932803220167,35.7918603288969],[-101.933337000008,35.7936201790899],[-101.933867999562,35.7953821798513],[-101.934433220437,35.7972437492797],[-101.934961339993,35.7990102598663],[-101.935495109951,35.8007745403226],[-101.936043270022,35.8025827193197],[-101.936577049863,35.8043375301393],[-101.937108041332,35.8061109497749],[-101.937630320042,35.8078403301858],[-101.938078580267,35.8093080597074],[-101.938592330371,35.8110141302163],[-101.939114700709,35.8127225702231],[-101.939671470234,35.8145929803263],[-101.940210910358,35.8163522497214],[-101.940736159797,35.8181045702959],[-101.941275770601,35.819870689047],[-101.941789519807,35.8215695400326],[-101.942263470053,35.8231759999738],[-101.942709311115,35.8246293900362],[-101.943181729733,35.8262152398273],[-101.943718650083,35.827967929723],[-101.944251529811,35.8297338188244],[-101.944748031364,35.8313637797382],[-101.945270850859,35.8331426492737],[-101.947069370584,35.8341932697889],[-101.948728559813,35.8351832786744],[-101.950399870009,35.8361519401243],[-101.951859280206,35.8370356800717],[-101.953342840711,35.8378701787416],[-101.955058540259,35.8388552698566],[-101.956701820323,35.8397913398787],[-101.958152061416,35.8406175792382],[-101.959636440287,35.8414795600335],[-101.960072580442,35.841737059915],[-101.960362770415,35.8417685498094],[-101.960586061051,35.841916838258]]},"properties":{"VOLTAGE":115,"VOLT_CLASS":"100-161","OWNER":"SOUTHWESTERN PUBLIC SERVICE CO","STATUS":"IN SERVICE","TYPE":"AC; OVERHEAD","ID":"311508","SUB_1":"DUMAS 19TH STREET","SUB_2":"NOT AVAILABLE","INFERRED":"N","SOURCEDATE":1491955200000}},{"type":"Feature","geometry":{"type":"LineString","coordinates":[[-81.1784832207123,39.9848389399359],[-81.1785474906793,39.9850104942258],[-81.1782266645621,39.9849327017739],[-81.1759158994107,39.9844286101001],[-81.1726020412771,39.9836942459305],[-81.1710710057074,39.9838933961409],[-81.1686912023314,39.984154779954],[-81.1673754049005,39.9841921207122],[-81.1652293548396,39.9841397651779],[-81.1568400000793,39.9839179998391],[-81.155491999842,39.9838819997627],[-81.1509729996524,39.9864320002463],[-81.1466059997988,39.9891090002962],[-81.1338490001945,39.9967290001233],[-81.1257320002553,40.0015649996945],[-81.1257210003846,40.0052800001276],[-81.1253737296621,40.0052250631916]]},"properties":{"VOLTAGE":138,"VOLT_CLASS":"100-161","OWNER":"OHIO POWER CO","STATUS":"UNDER CONSTRUCTION","TYPE":"AC; OVERHEAD","ID":"166848","SUB_1":"SPEIDEL","SUB_2":"BARNESVILLE","INFERRED":"Y","SOURCEDATE":1537315200000}},{"type":"Feature","geometry":{"type":"LineString","coordinates":[[-83.9099192597494,41.601460037276],[-83.9100724889806,41.6010906096715],[-83.9109337442677,41.6010805079378],[-83.9109202336059,41.6002243161079],[-83.9109404987003,41.5972970139864],[-83.9109540093622,41.5929651712251],[-83.9109844056565,41.5886128290279],[-83.9109895512064,41.5854842340153],[-83.9139692441392,41.5850147570233],[-83.9176475200376,41.5844226639948],[-83.9214366183976,41.5837950400882],[-83.9291467479884,41.5825318780041],[-83.9342604481674,41.5817108088274],[-83.9406618078478,41.5806726160685],[-83.9445036804341,41.5800370601098],[-83.9521135409712,41.5787975097658],[-83.9636497103414,41.5769539322745],[-83.9793176098941,41.5743548371956],[-83.9928140074188,41.5722276880834],[-83.9936117859513,41.5721097086984],[-83.9938962868933,41.5724368302611]]},"properties":{"VOLTAGE":-999999,"VOLT_CLASS":"NOT AVAILABLE","OWNER":"NOT AVAILABLE","STATUS":"IN SERVICE","TYPE":"AC; OVERHEAD","ID":"173698","SUB_1":"UNKNOWN113825","SUB_2":"UNKNOWN171366","INFERRED":"N","SOURCEDATE":1584662400000}},{"type":"Feature","geometry":{"type":"LineString","coordinates":[[-84.4993264501025,31.7733514041603],[-84.4995613325998,31.7734293571922],[-84.4995903957942,31.7737588289568],[-84.4988470003707,31.7738289996676],[-84.497546999814,31.7739519998967],[-84.4747300000065,31.776107000211],[-84.4658088003772,31.7767581883442],[-84.456610593552,31.7776674230861],[-84.4537653101452,31.7779702939243],[-84.4537509999828,31.7776240000657],[-84.4537429995869,31.7774439999664],[-84.4533030002691,31.7737479998558],[-84.4531180003212,31.7721940000293],[-84.4528980002131,31.7703460002302],[-84.4527020003946,31.7701449997594],[-84.4473759995678,31.764692999683],[-84.4428499997055,31.7600610001062],[-84.4398999996861,31.757403000343],[-84.4392579998037,31.7573719998047],[-84.4366879997259,31.7572479998389],[-84.4338959998902,31.7571129998536],[-84.4304689998449,31.7574499999074]]},"properties":{"VOLTAGE":115,"VOLT_CLASS":"100-161","OWNER":"GEORGIA POWER CO","STATUS":"IN SERVICE","TYPE":"AC; OVERHEAD","ID":"179240","SUB_1":"UNKNOWN111737","SUB_2":"UNKNOWN176209","INFERRED":"Y","SOURCEDATE":1397088000000}},{"type":"Feature","geometry":{"type":"LineString","coordinates":[[-95.6301476986566,29.5946232592946],[-95.6300671700813,29.5947976196837],[-95.6297443002968,29.5947816902845],[-95.6283449002557,29.5942654500046],[-95.6257325113745,29.5963513399281],[-95.6205597406774,29.5916462187676],[-95.6196540601062,29.5911339486479],[-95.5931020198576,29.5815590286578],[-95.5915170296754,29.5815925400093],[-95.5914814501019,29.5821959002405],[-95.5912633589138,29.5821958978969],[-95.5911218347307,29.5821958971157],[-95.5910218297817,29.5821958963344],[-95.5909496375722,29.582195894772]]},"properties":{"VOLTAGE":138,"VOLT_CLASS":"100-161","OWNER":"CENTERPOINT ENERGY HOUSTON ELECTRIC, LLC","STATUS":"IN SERVICE","TYPE":"AC; OVERHEAD","ID":"306936","SUB_1":"IMPERIAL","SUB_2":"TAP305071","INFERRED":"N","SOURCEDATE":1496102400000}},{"type":"Feature","geometry":{"type":"LineString","coordinates":[[-100.8171553528,36.4086306082161],[-100.815693619559,36.4085617490895],[-100.81563658103,36.4076837390869],[-100.815536751253,36.4027139193223],[-100.817854129801,36.4027081799643],[-100.817825610986,36.4005043696548],[-100.817680878919,36.400504870001],[-100.811943554795,36.4005247038103],[-100.811187220038,36.4005273190587],[-100.811182323321,36.4011689697898],[-100.811180290434,36.4014353428645],[-100.811180080228,36.4014628001155],[-100.810418272036,36.4014654232857],[-100.804513169567,36.4014857593588],[-100.804315454864,36.4017797142942]]},"properties":{"VOLTAGE":115,"VOLT_CLASS":"100-161","OWNER":"SOUTHWESTERN PUBLIC SERVICE CO.","STATUS":"IN SERVICE","TYPE":"AC; OVERHEAD","ID":"306941","SUB_1":"OCHILTREE","SUB_2":"NOT AVAILABLE","INFERRED":"N","SOURCEDATE":1491955200000}},{"type":"Feature","geometry":{"type":"LineString","coordinates":[[-99.0880898950942,30.1233477601901],[-99.087907609855,30.1233103486461],[-99.0882603001137,30.1230670897374],[-99.0894774301871,30.1215357801219],[-99.0911083197888,30.1196645700219],[-99.092513820289,30.1180179599129],[-99.0941519000063,30.1165935591752],[-99.0957698502746,30.115162849931],[-99.0976859603689,30.1134239293403],[-99.0999011196213,30.111441829696],[-99.1011691796797,30.1102279303293],[-99.1022637804466,30.1092507298117],[-99.1053635008778,30.1064830288217],[-99.1065560207057,30.1054451692435],[-99.1095984313167,30.1027357199703],[-99.1114359298405,30.1011306487676],[-99.113455171021,30.0993359887394],[-99.1156042996084,30.0973673598203],[-99.118215251185,30.0951219297372],[-99.1202159798841,30.093350329098],[-99.1226548106591,30.0911996289594],[-99.1252925401161,30.0888495888015],[-99.1270021212383,30.0873703589338],[-99.1265218800908,30.0848191502893],[-99.1260002302019,30.0821821298326],[-99.1257984703858,30.0811556703568],[-99.127199659871,30.0799537602416],[-99.1284120297717,30.0788868588349],[-99.1302440503689,30.077200318945],[-99.1319685498131,30.0755951402577],[-99.1322730077275,30.075315294231],[-99.1323333601415,30.0752598201175],[-99.1323462895934,30.0752479348579],[-99.1333888698206,30.0742896186216],[-99.1349269697416,30.0728339599855],[-99.1366315211966,30.0713723802177],[-99.1409848495899,30.0675785002549],[-99.1432705203039,30.0655856793343],[-99.1426983806045,30.063490430002],[-99.1409345403408,30.0622173202421],[-99.1382399996286,30.0602939993773],[-99.1374492010059,30.059568583064],[-99.1353727137856,30.0576637753816],[-99.13469620063,30.057746057826],[-99.1338424148345,30.057849901333]]},"properties":{"VOLTAGE":138,"VOLT_CLASS":"100-161","OWNER":"PEDERNALES ELECTRIC COOP, INC","STATUS":"NOT AVAILABLE","TYPE":"AC; OVERHEAD","ID":"309918","SUB_1":"UNKNOWN302447","SUB_2":"NOT AVAILABLE","INFERRED":"N","SOURCEDATE":1491782400000}},{"type":"Feature","geometry":{"type":"LineString","coordinates":[[-102.370452419358,36.0266060526936],[-102.377933439924,36.0266155699356],[-102.394227989846,36.0266917092826],[-102.406667809595,36.0267678587272],[-102.406677330838,36.0222468788382],[-102.415719290093,36.022275429234],[-102.429025230404,36.0222659201864],[-102.445500620176,36.0222944698488],[-102.461481080447,36.0222849491787],[-102.470551580077,36.0223039897912],[-102.484000300416,36.0222564002394],[-102.498162850826,36.0222659201864],[-102.503816450169,36.0222659201864],[-102.509032230405,36.030203799153],[-102.513258149844,36.0367235198193],[-102.524441619972,36.0428054201762],[-102.528762720406,36.0451468086883],[-102.529990520669,36.0458321001368],[-102.529981000323,36.0513048603235],[-102.530019070925,36.0626120602638],[-102.529286200163,36.0629832502177],[-102.529267160371,36.0646869498398],[-102.528791803364,36.0648374019032]]},"properties":{"VOLTAGE":69,"VOLT_CLASS":"UNDER 100","OWNER":"SOUTHWESTERN PUBLIC SERVICE CO","STATUS":"IN SERVICE","TYPE":"AC; OVERHEAD","ID":"309931","SUB_1":"TAP303669","SUB_2":"NOT AVAILABLE","INFERRED":"N","SOURCEDATE":1491868800000}},{"type":"Feature","geometry":{"type":"LineString","coordinates":[[-101.960586061051,35.841916838258],[-101.961273000054,35.8424499993345],[-101.964013999836,35.8426449990781],[-101.963807999972,35.8651809997081],[-101.963412999962,35.8655920000588],[-101.963350000213,35.872867000195],[-101.970994000324,35.8729119988737],[-101.971049000575,35.8679060001075],[-101.970981779643,35.8672087866772]]},"properties":{"VOLTAGE":69,"VOLT_CLASS":"UNDER 100","OWNER":"SOUTHWESTERN PUBLIC SERVICE CO.","STATUS":"IN SERVICE","TYPE":"AC; OVERHEAD","ID":"313684","SUB_1":"UNKNOWN301331","SUB_2":"DUMAS 19TH STREET","INFERRED":"N","SOURCEDATE":1536278400000}},{"type":"Feature","geometry":{"type":"LineString","coordinates":[[-95.2252998002442,30.7526686712435],[-95.2242700003486,30.7524750002816],[-95.2232350010041,30.7537820003621],[-95.2221499996342,30.7551019990077],[-95.2266970003112,30.7560159992406],[-95.2303340013172,30.7606199989532],[-95.2431050011652,30.7786129999004],[-95.2433260001998,30.790422999712],[-95.244686001031,30.8009909999037],[-95.2436369996462,30.8044930001393],[-95.2448400010168,30.8064379996807],[-95.2486370000597,30.8261720002535],[-95.2516850008867,30.8390680003746],[-95.2519069997462,30.8397779991126],[-95.2521849995806,30.8403700003406],[-95.252577999941,30.8410560001088],[-95.2532159996254,30.8419480001814],[-95.2538520005584,30.8428399989034],[-95.2546870007846,30.8439899988897],[-95.2555189997395,30.8451739997094],[-95.256204000178,30.8461169987384],[-95.2579599999459,30.8459169989336],[-95.2580847858203,30.8462229409309],[-95.2585695239342,30.847411401245]]},"properties":{"VOLTAGE":69,"VOLT_CLASS":"UNDER 100","OWNER":"NOT AVAILABLE","STATUS":"IN SERVICE","TYPE":"AC; OVERHEAD","ID":"313701","SUB_1":"UNKNOWN301204","SUB_2":"UNKNOWN301486","INFERRED":"Y","SOURCEDATE":1530489600000}},{"type":"Feature","geometry":{"type":"LineString","coordinates":[[-95.3765778467031,30.9555820286338],[-95.3761239881771,30.9551563402008],[-95.3756329995855,30.9552989999899],[-95.3747030007213,30.9554019988015],[-95.3687160006439,30.9557479997627],[-95.3635420001531,30.9559999999991],[-95.3634779996807,30.9543519998254],[-95.3634070004339,30.9525529989075],[-95.3633429999615,30.9509139992034],[-95.3632709999915,30.9490944997712],[-95.3632280003337,30.948022999766],[-95.3631570010869,30.9462459997856],[-95.3630860000435,30.9445360001337],[-95.3630610008275,30.9418039997665],[-95.3629820011847,30.9406710003503],[-95.3627804991851,30.9390334996406],[-95.3625689998346,30.9365849986294],[-95.3623830000617,30.9335140001228],[-95.3619660012085,30.9265969990403],[-95.3617279997605,30.922644999623],[-95.3614740002156,30.9184400000102],[-95.3614089999183,30.9173570001355],[-95.3613179996817,30.9158529990819],[-95.3612199997724,30.9142289998668],[-95.3611550003734,30.9131469997144],[-95.3610969997488,30.9121930000293],[-95.3604270011756,30.9010940002837],[-95.3612909999175,30.8997429987067],[-95.3637759996065,30.8958579997403],[-95.3644140001893,30.8948600000486],[-95.3647849999101,30.8942799998822],[-95.3670180006023,30.8907899999403],[-95.3678870002654,30.8894319996897],[-95.3694100004049,30.8870510002936],[-95.3743500014422,30.879329000312],[-95.3791270013747,30.8718620001508],[-95.3798539998493,30.870724998834],[-95.3812520003152,30.8685389991783],[-95.3850340001879,30.8626269997715],[-95.3868050000244,30.8598589998567],[-95.3879020001915,30.8580329999161],[-95.3887840011718,30.8564950003712],[-95.3901499596298,30.8546299402299],[-95.3903529797824,30.8539539302594],[-95.3913239696713,30.8507259300846],[-95.392630919595,30.8463809898213],[-95.3962358597285,30.845091850336],[-95.3978682800594,30.8445080898374],[-95.3993681099527,30.8439617189697],[-95.4008499708454,30.8434572402615],[-95.4023801602021,30.8428721486278],[-95.4038531295701,30.8423322587384],[-95.4055504109595,30.8417017402408],[-95.4071807597754,30.8410739903765],[-95.4081079523026,30.8406985372254],[-95.4083692057434,30.840377157935]]},"properties":{"VOLTAGE":69,"VOLT_CLASS":"UNDER 100","OWNER":"ENTERGY TEXAS, INC.","STATUS":"NOT AVAILABLE","TYPE":"AC; OVERHEAD","ID":"313722","SUB_1":"NOT AVAILABLE","SUB_2":"NOT AVAILABLE","INFERRED":"N","SOURCEDATE":1510617600000}},{"type":"Feature","geometry":{"type":"LineString","coordinates":[[-101.835064664929,32.9675629442563],[-101.835069000199,32.9638319997955],[-101.83720099971,32.9638179998301],[-101.85134499991,32.9407909998398],[-101.870324000667,32.9073019986338],[-101.885175999973,32.8639149999319],[-101.887659046724,32.8594577588016],[-101.927330999664,32.7875490000998],[-101.930352999653,32.7820520000134],[-101.948357000441,32.7490000002253],[-101.938426515743,32.7193409738405]]},"properties":{"VOLTAGE":69,"VOLT_CLASS":"UNDER 100","OWNER":"ONCOR ELECTRIC DELIVERY CO.","STATUS":"IN SERVICE","TYPE":"AC; OVERHEAD","ID":"313735","SUB_1":"UNKNOWN300952","SUB_2":"UNKNOWN301048","INFERRED":"N","SOURCEDATE":1535328000000}},{"type":"Feature","geometry":{"type":"LineString","coordinates":[[-83.7382160533855,32.4564046660838],[-83.7375610000837,32.4562490003541],[-83.736160000143,32.4563199998903],[-83.7353120003962,32.455351000376],[-83.7346060000414,32.4538899999093],[-83.7342279997496,32.4530690002836],[-83.7332650003752,32.4522539998335],[-83.7302819998455,32.4532170002924],[-83.7281310000673,32.4525820002797],[-83.7268289998609,32.4523189996562],[-83.723785999955,32.4522099997752],[-83.7224839997485,32.4521830001251],[-83.7212739996035,32.452039999934],[-83.7191889999476,32.4514219997798],[-83.7169229996434,32.4507319999793],[-83.7135900002077,32.450753999993],[-83.7136010000784,32.4487180003712],[-83.710799000197,32.4489100001212],[-83.7054470003292,32.4472940001337],[-83.7042909997126,32.450434000161],[-83.7026730000369,32.4549669998698],[-83.7025968597318,32.4551939017053],[-83.7020069998651,32.4554530000577]]},"properties":{"VOLTAGE":115,"VOLT_CLASS":"100-161","OWNER":"GEORGIA POWER CO","STATUS":"IN SERVICE","TYPE":"AC; OVERHEAD","ID":"164485","SUB_1":"PERRY","SUB_2":"TAP160570","INFERRED":"Y","SOURCEDATE":1550188800000}},{"type":"Feature","geometry":{"type":"LineString","coordinates":[[-92.7231410002434,41.6876630001129],[-92.7228518478248,41.6877362872203],[-92.7226405523919,41.689323863801],[-92.7224026057411,41.6908627090079],[-92.7212940002388,41.6954170002293],[-92.7208749918543,41.6973229446905],[-92.7208464380047,41.6981010289892],[-92.7207393624161,41.7021841843102],[-92.7209106837172,41.7053679032853],[-92.7211676647705,41.7077806772023],[-92.7215388612224,41.7109786717971],[-92.721667351749,41.7181884390164],[-92.7216744906606,41.7220717189556],[-92.7217887051607,41.7317228130736],[-92.7232401760474,41.7316728451988],[-92.7232258991226,41.7345234390509],[-92.7232306583969,41.7365602568713],[-92.7232401760474,41.7392585661704],[-92.7232496936978,41.7403007702773],[-92.7250152542353,41.7403198060104],[-92.7250152542353,41.7411430989164],[-92.7253007891383,41.7411859302543]]},"properties":{"VOLTAGE":-999999,"VOLT_CLASS":"NOT AVAILABLE","OWNER":"CITY OF MONTEZUMA - (IA)","STATUS":"NOT AVAILABLE","TYPE":"OVERHEAD","ID":"175805","SUB_1":"UNKNOWN173659","SUB_2":"UNKNOWN173801","INFERRED":"N","SOURCEDATE":1601596800000}},{"type":"Feature","geometry":{"type":"LineString","coordinates":[[-83.5179890003753,34.6170720002766],[-83.5201529996739,34.6176129998593],[-83.521326000009,34.6194890000117],[-83.5222340000302,34.6205990002992],[-83.5232759999457,34.6214499998048],[-83.5236669997579,34.6224350001672],[-83.5262539995542,34.6218100002309],[-83.5277530003025,34.6222900003411],[-83.5294660004127,34.622845999684],[-83.5303600001902,34.6226009999221],[-83.531127999571,34.6222380001429]]},"properties":{"VOLTAGE":-999999,"VOLT_CLASS":"NOT AVAILABLE","OWNER":"GEORGIA POWER CO","STATUS":"NOT AVAILABLE","TYPE":"OVERHEAD","ID":"175822","SUB_1":"TAP173810","SUB_2":"UNKNOWN173811","INFERRED":"N","SOURCEDATE":1601856000000}},{"type":"Feature","geometry":{"type":"LineString","coordinates":[[-83.0929249997874,34.4293500002018],[-83.0912180004232,34.4397930001016],[-83.0906140001756,34.4433589996354],[-83.0868990002502,34.4538189997241]]},"properties":{"VOLTAGE":-999999,"VOLT_CLASS":"NOT AVAILABLE","OWNER":"GEORGIA POWER CO","STATUS":"NOT AVAILABLE","TYPE":"OVERHEAD","ID":"175840","SUB_1":"TAP173822","SUB_2":"DEADEND173825","INFERRED":"N","SOURCEDATE":1601856000000}},{"type":"Feature","geometry":{"type":"LineString","coordinates":[[-84.7798430000568,34.7616779998146],[-84.7799522863993,34.7619788298215],[-84.7799831004102,34.7623813003146],[-84.7812687997875,34.7623728998043],[-84.7855537996254,34.7623152998667],[-84.7914546000631,34.7629145999752],[-84.7958534002778,34.7634522997039],[-84.7974735002146,34.7636462001815],[-84.8027091996941,34.7639634997452],[-84.8096400003517,34.7646861996328],[-84.814993699832,34.7650915999234],[-84.815855291089,34.7651813221672]]},"properties":{"VOLTAGE":115,"VOLT_CLASS":"100-161","OWNER":"GEORGIA POWER CO","STATUS":"IN SERVICE","TYPE":"AC; OVERHEAD","ID":"179176","SUB_1":"UNKNOWN109911","SUB_2":"TAP176873","INFERRED":"Y","SOURCEDATE":1397088000000}},{"type":"Feature","geometry":{"type":"LineString","coordinates":[[-83.7382160533855,32.4564046660838],[-83.7388800000086,32.4565500000429],[-83.741906000196,32.4559859998229],[-83.7466239996789,32.4550070000779],[-83.7500540000973,32.4542790003337],[-83.7546269998153,32.453307999665],[-83.7594740000679,32.4523300002281],[-83.7653740001067,32.4511430003122],[-83.7678799997121,32.4505740002748],[-83.7711750004113,32.4498840000451],[-83.7751260003384,32.4490910000123],[-83.7911610000251,32.4457030002209],[-83.7924749999272,32.4454290000915],[-83.7977890001601,32.4450190001572],[-83.8012089996344,32.444782999804],[-83.8047279997413,32.4444549997774],[-83.8091719995878,32.443995000059],[-83.8172940004482,32.4432279998777]]},"properties":{"VOLTAGE":115,"VOLT_CLASS":"100-161","OWNER":"GEORGIA POWER CO","STATUS":"IN SERVICE","TYPE":"AC; OVERHEAD","ID":"180291","SUB_1":"TAP160570","SUB_2":"TAP176816","INFERRED":"Y","SOURCEDATE":1550188800000}},{"type":"Feature","geometry":{"type":"LineString","coordinates":[[-94.4576150714423,41.316640994855],[-94.4578818881497,41.3166630690055],[-94.4578818881497,41.3161705209201],[-94.4617437527426,41.3161669510575],[-94.4653878980501,41.3161740901078],[-94.4691997947536,41.3161491051148],[-94.4705572767087,41.316159812681]]},"properties":{"VOLTAGE":-999999,"VOLT_CLASS":"NOT AVAILABLE","OWNER":"NOT AVAILABLE","STATUS":"IN SERVICE","TYPE":"NOT AVAILABLE","ID":"180295","SUB_1":"NORTH","SUB_2":"TAP177103","INFERRED":"NOT AVAILABLE","SOURCEDATE":1640649600000}},{"type":"Feature","geometry":{"type":"LineString","coordinates":[[-100.533679923878,34.7198291438542],[-100.534001999551,34.7198430000581],[-100.534419920974,34.7199562980286],[-100.534519000659,34.7199369993439],[-100.534574999837,34.7172829992873],[-100.53462599989,34.7162879991279],[-100.534575999662,34.7151030002983],[-100.534552000271,34.7141780003319],[-100.534000999726,34.7123529993335],[-100.533141000284,34.709666999962],[-100.533741001232,34.7065130000924],[-100.533769999748,34.7063389999543],[-100.534326001213,34.703494999171],[-100.534370999622,34.7013670002029],[-100.534338999835,34.6993449987172],[-100.534237999553,34.6930849992739],[-100.533929999581,34.6856909986758],[-100.533488000614,34.6787159997402],[-100.533349000697,34.6772109992518],[-100.531254000097,34.6701579997955],[-100.530770000398,34.6687859990248],[-100.53058100115,34.6683119998315],[-100.52886600139,34.6628980003219],[-100.52837494273,34.6613900679387],[-100.528202000868,34.6608590001109],[-100.526565000926,34.6515669998284],[-100.525445000294,34.6450319989548],[-100.523516000274,34.6326989998018],[-100.522120001255,34.6246729986702],[-100.519212001068,34.6077419992912],[-100.517159000301,34.5957529996327],[-100.517094000003,34.5950159998108],[-100.516114000012,34.5834780000335],[-100.498213000054,34.5732530001397],[-100.477737999821,34.5615740000572],[-100.449895650041,34.5454711390028]]},"properties":{"VOLTAGE":69,"VOLT_CLASS":"UNDER 100","OWNER":"NOT AVAILABLE","STATUS":"IN SERVICE","TYPE":"AC; OVERHEAD","ID":"301886","SUB_1":"UNKNOWN302870","SUB_2":"UNKNOWN305278","INFERRED":"N","SOURCEDATE":1364774400000}},{"type":"Feature","geometry":{"type":"LineString","coordinates":[[-95.4083692057434,30.840377157935],[-95.4079762610786,30.8406736299582],[-95.4037644703431,30.842243298866],[-95.3962304006665,30.8449973600366],[-95.3907864708059,30.8433293100023],[-95.3807026409931,30.8401670198452],[-95.3200685512044,30.8327868301451],[-95.2584164312468,30.8463684802396],[-95.2587852408749,30.8470763688367],[-95.2585695239342,30.847411401245]]},"properties":{"VOLTAGE":138,"VOLT_CLASS":"100-161","OWNER":"SAM HOUSTON ELECTRIC COOP INC","STATUS":"IN SERVICE","TYPE":"AC; OVERHEAD","ID":"304605","SUB_1":"UNKNOWN301204","SUB_2":"NOT AVAILABLE","INFERRED":"Y","SOURCEDATE":1496102400000}},{"type":"Feature","geometry":{"type":"LineString","coordinates":[[-102.528791803364,36.0648374019032],[-102.529260030443,36.0649154198877],[-102.529243071148,36.0658794301234],[-102.529521459953,36.0669227399667],[-102.531151630004,36.0679981387001],[-102.532590370865,36.0689407902053],[-102.53528225975,36.0708078298814],[-102.533404780807,36.0719699496614],[-102.531506730443,36.0730686598464],[-102.531517510226,36.0746468501286],[-102.531537820237,36.0761756301181],[-102.531528200178,36.0777425800146],[-102.531237360723,36.079334908684],[-102.531232193614,36.0796190007239],[-102.531208800586,36.0809053501526],[-102.53174179979,36.0809148702689],[-102.531714726364,36.0803551561865]]},"properties":{"VOLTAGE":138,"VOLT_CLASS":"100-161","OWNER":"SOUTHWESTERN PUBLIC SERVICE CO.","STATUS":"IN SERVICE","TYPE":"AC; OVERHEAD","ID":"310668","SUB_1":"DALLAM","SUB_2":"NOT AVAILABLE","INFERRED":"N","SOURCEDATE":1491868800000}},{"type":"Feature","geometry":{"type":"LineString","coordinates":[[-94.7744140331397,42.3400345619482],[-94.7741760873873,42.3404247931351],[-94.774080908188,42.3409102029567],[-94.769065004899,42.3427185937426],[-94.7545693277404,42.3479438898859],[-94.7436333246081,42.3518557239673],[-94.7326592508741,42.355767558226],[-94.7223704623444,42.3594985528904],[-94.712776474873,42.3629725660873],[-94.6989660829187,42.3678742557678],[-94.6836138010513,42.3734612300846],[-94.6690610179901,42.3786294191787],[-94.6692037854415,42.3922399362725],[-94.6692323392912,42.3983884642097],[-94.6690895709414,42.3992355518348],[-94.6691276424414,42.4079443787144],[-94.6691942668928,42.4166341708243],[-94.6692418569416,42.4252763732458],[-94.6692323392912,42.4336996651877],[-94.6692513736937,42.4388107468401],[-94.6697082307961,42.4396768706819],[-94.6696511239952,42.4467486286771],[-94.669765337597,42.4484713590237],[-94.6700508733983,42.4487188227854],[-94.6743529394299,42.4493089292203],[-94.6743624570803,42.4504701061172],[-94.6697748561458,42.4511268371711],[-94.669632087796,42.4521833181853],[-94.6696035348447,42.4549910821307],[-94.669574980995,42.4609016630586],[-94.6694988379949,42.4694486870553],[-94.6694988379949,42.472732343127],[-94.668404285737,42.4736365379691],[-94.6679188756833,42.4739886991481],[-94.6679093580329,42.4774531938442],[-94.6678427326832,42.4854767361998],[-94.6677761091302,42.4890554459373],[-94.6674334656297,42.4979451120402],[-94.6673478058774,42.5024851242582],[-94.6673287696782,42.5106419159792],[-94.6673573226296,42.5187987080465],[-94.6673763588287,42.5268127328433],[-94.6674620203776,42.5348267583153],[-94.6674334656297,42.5434023351179],[-94.6674239479792,42.5456866178936],[-94.65982870932,42.5455724042838],[-94.6576396048041,42.5455533682207],[-94.6576681577554,42.5514639487164],[-94.6577823722556,42.5597730272582],[-94.6577157469059,42.5622667017034],[-94.6579632112071,42.5623523631697],[-94.6578870691053,42.5650935017323],[-94.6582731883706,42.5667810589398]]},"properties":{"VOLTAGE":69,"VOLT_CLASS":"UNDER 100","OWNER":"MIDAMERICAN ENERGY CO","STATUS":"IN SERVICE","TYPE":"AC; OVERHEAD","ID":"169417","SUB_1":"UNKNOWN130435","SUB_2":"UNKNOWN168197","INFERRED":"Y","SOURCEDATE":1573084800000}},{"type":"Feature","geometry":{"type":"LineString","coordinates":[[-95.0031300847365,40.742820647839],[-95.003920167402,40.742827332067],[-95.0039129997443,40.7421720002438],[-95.011532999566,40.742162999826],[-95.0167489998896,40.7464019998843],[-95.0191929995707,40.7484599999272],[-95.0245849996214,40.7487240002918],[-95.0232759997422,40.7536519998091],[-95.0219869999545,40.7585750002618],[-95.0202139995698,40.765314000124],[-95.0175580001766,40.7754860000257],[-95.0153620001926,40.7838309999883],[-95.0124189998459,40.7950069998663],[-95.0100129997997,40.8044269998161],[-95.0094370000395,40.8054600000845],[-95.0094420000624,40.8140500000361],[-95.0094599996057,40.8240489998593],[-95.0094899997429,40.8275170001969],[-95.0115119996496,40.8350839998265],[-95.0145460002329,40.8462879999852],[-95.0150490001982,40.8555860002203],[-95.0152209997273,40.8586820001083],[-95.0143140004294,40.8649969997588],[-95.0126330001062,40.8769799997722],[-95.0111819999368,40.8872299997138],[-95.0097190000718,40.8976609999379],[-95.0083120002833,40.9074849998592],[-95.0071549998418,40.9157000001131],[-95.0054430220143,40.9157546611242],[-95.005335947324,40.9156713798064]]},"properties":{"VOLTAGE":69,"VOLT_CLASS":"UNDER 100","OWNER":"MIDAMERICAN ENERGY CO","STATUS":"IN SERVICE","TYPE":"AC; OVERHEAD","ID":"169418","SUB_1":"UNKNOWN131420","SUB_2":"UNKNOWN168198","INFERRED":"Y","SOURCEDATE":1573084800000}},{"type":"Feature","geometry":{"type":"LineString","coordinates":[[-102.319275295214,34.6451694201512],[-102.319302000331,34.6446560000889],[-102.311426000416,34.6445740000665],[-102.311608000889,34.6287699998853],[-102.31210299956,34.612090000272],[-102.31234100011,34.5980779998784],[-102.312628000165,34.5817209998755],[-102.3128449999,34.5679950001158],[-102.305372000391,34.5678829989132],[-102.305800999838,34.551373000019],[-102.303000999607,34.5513309998854],[-102.303000999607,34.5511350002145],[-102.303023001145,34.5505579996471],[-102.303067000627,34.5498059989762],[-102.303087999646,34.549318998703],[-102.303270999944,34.5493149988743],[-102.303481555165,34.5493851097912]]},"properties":{"VOLTAGE":138,"VOLT_CLASS":"100-161","OWNER":"NOT AVAILABLE","STATUS":"IN SERVICE","TYPE":"AC; OVERHEAD","ID":"300011","SUB_1":"NOT AVAILABLE","SUB_2":"NOT AVAILABLE","INFERRED":"N","SOURCEDATE":1451606400000}},{"type":"Feature","geometry":{"type":"LineString","coordinates":[[-102.328387982424,33.8790793151054],[-102.329191870399,33.8790165489232],[-102.329177609644,33.8788330403591],[-102.339195811237,33.8788981596664],[-102.34748844978,33.8789455103174],[-102.355396059613,33.8790047101541],[-102.364145050406,33.8790875889615],[-102.364123660621,33.8811180401562],[-102.364030579886,33.886757189085],[-102.363909741209,33.894809028843],[-102.363781399803,33.9017631897844],[-102.363674440097,33.9096991198854],[-102.363588880956,33.9177053100867],[-102.363474790423,33.9254563297094],[-102.363268010821,33.9407374000484],[-102.363210969597,33.9466526798174],[-102.363173956313,33.9501481679129],[-102.363161051115,33.9513668590718],[-102.363082620106,33.9567491087309],[-102.362967960042,33.9642679301141],[-102.362910919716,33.971913959676],[-102.362825920225,33.9767373303058],[-102.362790269685,33.9803500900692],[-102.362740360186,33.9839567700518],[-102.36270997018,33.9876409590888],[-102.362669060004,33.9908800097956],[-102.362647660337,33.9956981499364],[-102.36259774994,34.0008588701909],[-102.362462269622,34.0111557397197],[-102.362440880735,34.0144892397656],[-102.362284009734,34.0262382096818],[-102.362283945055,34.0262442513559],[-102.362205579623,34.0335893596398],[-102.362155671022,34.0389427589187],[-102.362105749845,34.0422515399362],[-102.361898970243,34.0576179501495],[-102.375261949982,34.0633199498909],[-102.396174770221,34.0722491999597],[-102.399889700077,34.0738143587432],[-102.401201691347,34.0841791391777],[-102.402570730128,34.094767039964],[-102.40349055108,34.1021240502326],[-102.404638541419,34.1111098397395],[-102.408324950664,34.1400078401686],[-102.409736769914,34.1510608201476],[-102.410755057899,34.1593795749965],[-102.41076389822,34.1594517886596],[-102.410822921127,34.1599339739127],[-102.411020239673,34.1615459401834],[-102.411024604587,34.16225954236],[-102.411040590107,34.1648734996871],[-102.409684873342,34.1650476222807]]},"properties":{"VOLTAGE":115,"VOLT_CLASS":"100-161","OWNER":"BAILEY COUNTY ELEC COOP ASSN","STATUS":"IN SERVICE","TYPE":"AC; OVERHEAD","ID":"307568","SUB_1":"PLANT X","SUB_2":"UNKNOWN304715","INFERRED":"N","SOURCEDATE":1489536000000}},{"type":"Feature","geometry":{"type":"LineString","coordinates":[[-99.1245489228087,30.042623934388],[-99.12473333975,30.0429961802648],[-99.1234733600376,30.0441363297932],[-99.1227786003019,30.0447578799469],[-99.1223454299769,30.0451788801502],[-99.1229933003497,30.0457610699652],[-99.1242246202114,30.0468283300166],[-99.1252548998073,30.0477216296212],[-99.1264195610816,30.0487136686509],[-99.1261590496492,30.0497367299364],[-99.1274761613154,30.0510351901301],[-99.1284421206388,30.0521480397123],[-99.1294773400705,30.053029859052],[-99.1301515203013,30.0536019786312],[-99.1309312606629,30.0542625702307],[-99.131780170403,30.0549574598381],[-99.132200399598,30.0553055598259],[-99.1327724512625,30.0557963300642],[-99.1334384613158,30.0563742697365],[-99.1340895602338,30.0569206302872],[-99.1348880708932,30.0575776286338],[-99.13469620063,30.057746057826],[-99.1346557351197,30.0577815799544],[-99.1342375998976,30.0581486303161],[-99.1338913658309,30.0579859087241],[-99.1338688082358,30.0579753066124],[-99.1338424148345,30.057849901333]]},"properties":{"VOLTAGE":69,"VOLT_CLASS":"UNDER 100","OWNER":"PEDERNALES ELECTRIC COOP, INC","STATUS":"NOT AVAILABLE","TYPE":"AC; OVERHEAD","ID":"307601","SUB_1":"UNKNOWN302447","SUB_2":"TRAVIS","INFERRED":"N","SOURCEDATE":1491782400000}},{"type":"Feature","geometry":{"type":"LineString","coordinates":[[-82.5282934833108,40.0632209052897],[-82.5285274360519,40.0630477552043],[-82.5280827672913,40.0626401299092],[-82.5275298425558,40.0622256792081],[-82.5260299946962,40.0610482740024],[-82.5248881209857,40.0606266577223],[-82.5239177123068,40.0602580909521],[-82.5211195751811,40.0600375079437],[-82.520594240403,40.059763873134],[-82.5200360722012,40.059504197917],[-82.5192845524142,40.0591691309045],[-82.5185877544012,40.0588256857474],[-82.5163784297066,40.0586775859756],[-82.5148794747724,40.0585810851187],[-82.5126412575633,40.0584962011324],[-82.5119006819515,40.0584375639661],[-82.5109667529579,40.0580829463375],[-82.5103429188072,40.0576138426869],[-82.5089055451823,40.057784171744],[-82.506734891164,40.0580243081281],[-82.5029809366946,40.0584850317266],[-82.5011787482497,40.0587391271766],[-82.4977057023595,40.0592165988429],[-82.4965930140143,40.0593813402954],[-82.4960166046223,40.0594260159448],[-82.4938970261162,40.0594902358504],[-82.4927624494208,40.0594260159448],[-82.4915622049798,40.0592333517397],[-82.4901686089536,40.0589848438266],[-82.4891471247626,40.0587335421501],[-82.4881840122004,40.0584068492726],[-82.4842330571892,40.0569855741173],[-82.4829926841061,40.0565611411275],[-82.4810044383962,40.0558295448147],[-82.4781625236718,40.0548047396909],[-82.4781130552457,40.0553804201129],[-82.4780713204159,40.0559077309133],[-82.4779071532977,40.0582225587579],[-82.4778123010852,40.0593254960363],[-82.477721096931,40.0607048390044],[-82.476507301404,40.0758369081025],[-82.4760757776909,40.0804956177894],[-82.4755978685699,40.0878560191246]]},"properties":{"VOLTAGE":69,"VOLT_CLASS":"UNDER 100","OWNER":"OHIO POWER CO","STATUS":"IN SERVICE","TYPE":"AC; OVERHEAD","ID":"173735","SUB_1":"UNKNOWN112973","SUB_2":"TAP171386","INFERRED":"Y","SOURCEDATE":1584921600000}},{"type":"Feature","geometry":{"type":"LineString","coordinates":[[-82.3951571736279,40.0556906460208],[-82.3948170660714,40.0549162272317],[-82.393892571185,40.0535032192948],[-82.3946773510953,40.0532552000057],[-82.3963509537921,40.0527932906653],[-82.398396138318,40.0521675473022],[-82.3995970888348,40.0518125772992],[-82.4000281238643,40.0513825147731],[-82.4018713536396,40.0495049432171],[-82.4031718886939,40.0481573877458],[-82.4051691391162,40.0475067129708],[-82.405903013296,40.0473573762351],[-82.4078491702399,40.0467066931361],[-82.4087641896968,40.0464684630099],[-82.4097100501139,40.0465424209873],[-82.4114966141611,40.0464263638601],[-82.412706483152,40.0480830058562],[-82.4130721190322,40.0482400201357]]},"properties":{"VOLTAGE":69,"VOLT_CLASS":"UNDER 100","OWNER":"OHIO POWER CO","STATUS":"IN SERVICE","TYPE":"AC; OVERHEAD","ID":"173746","SUB_1":"UNKNOWN112977","SUB_2":"UNKNOWN171395","INFERRED":"Y","SOURCEDATE":1584921600000}},{"type":"Feature","geometry":{"type":"LineString","coordinates":[[-82.0881061760315,41.2884717261869],[-82.0886185553066,41.2886568989965],[-82.0885292636657,41.2908152627795],[-82.0884839283883,41.2938664348169],[-82.0889949790551,41.2948234566655],[-82.0913478185994,41.2992336859522],[-82.0987842243367,41.3131309789403],[-82.1131447086383,41.3131324248999],[-82.1130832261436,41.3201183448029],[-82.1130352758704,41.3213446177603],[-82.1130104347578,41.3239747117012],[-82.1128862300934,41.3309892300166],[-82.1128874419207,41.3319330587063],[-82.111915763024,41.3359130133127],[-82.111557196885,41.3372298228859],[-82.1153338158491,41.3443026219372],[-82.115845524981,41.3452862538906],[-82.1163321387772,41.3460168948746],[-82.116752393125,41.3465874209865],[-82.1170520971549,41.3475593948181],[-82.1185758204381,41.3476314691068],[-82.1206760788774,41.3477344460145],[-82.1216652264132,41.3477549457497],[-82.1233939820752,41.3481934758782],[-82.1247903916248,41.3479832437665],[-82.1246825758244,41.3493198418761],[-82.1247477881241,41.3519530352059],[-82.124715745218,41.3542763136865],[-82.1246979298293,41.3578100437194],[-82.1312171520681,41.3578352831201],[-82.1311528479651,41.3603000469882],[-82.1309675749294,41.3650390138757],[-82.1324412207288,41.3650709169457],[-82.1347353068603,41.3651686493282],[-82.1360351331438,41.3652456109225],[-82.1367211432887,41.3652768767759],[-82.1399012880906,41.3652581503013],[-82.1414653538149,41.3652512721499],[-82.1419092769738,41.3664750666732],[-82.1437016944434,41.3714087576783],[-82.1427390732596,41.3716735638403],[-82.142497653722,41.3717357307177]]},"properties":{"VOLTAGE":138,"VOLT_CLASS":"100-161","OWNER":"NOT AVAILABLE","STATUS":"IN SERVICE","TYPE":"AC; OVERHEAD","ID":"173755","SUB_1":"UNKNOWN113152","SUB_2":"UNKNOWN113217","INFERRED":"Y","SOURCEDATE":1584921600000}},{"type":"Feature","geometry":{"type":"LineString","coordinates":[[-82.0690130811489,41.3747018943211],[-82.0689962179743,41.3750189517212],[-82.0685044280855,41.382323020868],[-82.0684309153526,41.3871988150225],[-82.0683721044475,41.3909638840885],[-82.0683279971671,41.3937434236869],[-82.0682250780833,41.3974529688793],[-82.0681956726308,41.3993131771568],[-82.0681711683865,41.4021769099308],[-82.0689614361049,41.4027076418151],[-82.0694879746255,41.4029206227934],[-82.0757347647882,41.4029557759143]]},"properties":{"VOLTAGE":-999999,"VOLT_CLASS":"NOT AVAILABLE","OWNER":"NOT AVAILABLE","STATUS":"IN SERVICE","TYPE":"AC; OVERHEAD","ID":"173759","SUB_1":"TAP171401","SUB_2":"TAP172609","INFERRED":"N","SOURCEDATE":1585008000000}},{"type":"Feature","geometry":{"type":"LineString","coordinates":[[-84.5933390792065,41.139279292075],[-84.5934149024064,41.1394468101065],[-84.5944150183718,41.1403427519735],[-84.5956595497563,41.1414415321489],[-84.5963753444427,41.1420763736995],[-84.5970736785749,41.1426774031823],[-84.6008546633512,41.1426867943194],[-84.6024408806321,41.142705575913],[-84.6028249652133,41.1426022740371],[-84.6084864661375,41.1426172997377],[-84.6122824150498,41.142621057008],[-84.6122953525865,41.1464408656966],[-84.612275868128,41.1491435111954],[-84.6122252076376,41.1497685363233],[-84.6124551278413,41.150059038951],[-84.6124434371662,41.1535743150554],[-84.6124200558159,41.1573387963377],[-84.6123810860006,41.1608331452562],[-84.6123343233002,41.1646969548662],[-84.6122602796629,41.1652220867705],[-84.6122446929944,41.1693643221793],[-84.6121667533637,41.1766507348417],[-84.6121238866567,41.1788153819936],[-84.6126110071026,41.1788124489653],[-84.6126090388939,41.179035445289]]},"properties":{"VOLTAGE":-999999,"VOLT_CLASS":"NOT AVAILABLE","OWNER":"OHIO POWER CO","STATUS":"IN SERVICE","TYPE":"AC; OVERHEAD","ID":"173824","SUB_1":"UNKNOWN153927","SUB_2":"UNKNOWN156481","INFERRED":"N","SOURCEDATE":1585094400000}},{"type":"Feature","geometry":{"type":"LineString","coordinates":[[-84.6126090388939,41.179035445289],[-84.6121168600345,41.1790409401345],[-84.6120514797498,41.1793307241238],[-84.6073209559552,41.1793005658188],[-84.6049997353122,41.179304838218],[-84.6041342426719,41.1795846253326],[-84.6021932708038,41.1797298577229],[-84.6021620570427,41.18261095205],[-84.602129955746,41.1869982901145],[-84.6020719317652,41.1935941680153],[-84.6120769047673,41.1938564702986],[-84.6120678245964,41.1944810892729],[-84.6119961534098,41.1998780147354],[-84.6119060901161,41.2084106230254],[-84.6118922336028,41.2108393718934],[-84.6118090990148,41.2146438827028],[-84.6116913253895,41.2185836651869],[-84.6118506667579,41.2201470037618],[-84.6120654332811,41.2232110406727],[-84.6133193870947,41.2232214628207],[-84.6133226461825,41.2240705639949],[-84.6135099332411,41.2242903988202],[-84.6133027817366,41.2244632777347]]},"properties":{"VOLTAGE":-999999,"VOLT_CLASS":"NOT AVAILABLE","OWNER":"OHIO POWER CO","STATUS":"IN SERVICE","TYPE":"AC; OVERHEAD","ID":"173825","SUB_1":"UNKNOWN156481","SUB_2":"TAP173568","INFERRED":"N","SOURCEDATE":1585094400000}},{"type":"Feature","geometry":{"type":"LineString","coordinates":[[-84.4690500000758,34.2561680000716],[-84.4699915881054,34.2569203532891],[-84.4714565966034,34.2550526491441],[-84.4723699883129,34.2548599220825],[-84.4722884760824,34.2547235909215],[-84.4716942773529,34.2516441401331],[-84.4704880519287,34.2499742152414],[-84.4714565966034,34.2497384589587],[-84.473631365804,34.2489918913069],[-84.4755803398646,34.2476804708818],[-84.4793594480603,34.2450379200064],[-84.4806072663805,34.2442176317273],[-84.481323813855,34.2448244392955],[-84.483600178921,34.2431377493212],[-84.4864812000047,34.2409863738851],[-84.4918197763471,34.2407001960016],[-84.4947516501607,34.240567327023],[-84.4952949997536,34.2397664743237],[-84.4951424002413,34.2394639737174],[-84.4950429998585,34.239477999791]]},"properties":{"VOLTAGE":115,"VOLT_CLASS":"100-161","OWNER":"GEORGIA POWER CO","STATUS":"IN SERVICE","TYPE":"AC; OVERHEAD","ID":"174802","SUB_1":"UNKNOWN111132","SUB_2":"UNKNOWN172553","INFERRED":"Y","SOURCEDATE":1586736000000}},{"type":"Feature","geometry":{"type":"LineString","coordinates":[[-102.310674999855,33.6156450000435],[-102.348302171613,33.616086087058],[-102.348635999945,33.6160900002972],[-102.348431910797,33.6157718640635]]},"properties":{"VOLTAGE":115,"VOLT_CLASS":"100-161","OWNER":"NOT AVAILABLE","STATUS":"IN SERVICE","TYPE":"AC; OVERHEAD","ID":"301055","SUB_1":"TAP300226","SUB_2":"NOT AVAILABLE","INFERRED":"N","SOURCEDATE":1356998400000}},{"type":"Feature","geometry":{"type":"LineString","coordinates":[[-101.938426515743,32.7193409738405],[-101.938116269983,32.7174311330376],[-101.93738800129,32.7129479991697],[-101.991241999878,32.6939519990124],[-102.035137000342,32.6586259996501],[-102.152292999773,32.5611430003033],[-102.188163001257,32.543339999267],[-102.560779685042,32.3578183978132]]},"properties":{"VOLTAGE":138,"VOLT_CLASS":"100-161","OWNER":"ONCOR ELECTRIC DELIVERY CO.","STATUS":"NOT AVAILABLE","TYPE":"AC; OVERHEAD","ID":"311541","SUB_1":"UNKNOWN301048","SUB_2":"UNKNOWN304985","INFERRED":"N","SOURCEDATE":1490745600000}},{"type":"Feature","geometry":{"type":"LineString","coordinates":[[-84.5931085643181,41.016227184671],[-84.5939082966863,41.0162916739404],[-84.5974358289918,41.0172403960118],[-84.6019612395592,41.018464378778],[-84.6068041264262,41.0184476376793],[-84.6113326227066,41.0184356410188],[-84.6156403148869,41.0184223572566],[-84.6194006626662,41.0184108336804],[-84.6226999052102,41.0184006676913],[-84.626020527658,41.0183905010228],[-84.6297970451124,41.018378843241],[-84.6335574827232,41.018367253235],[-84.6371463421148,41.0183562732274],[-84.6412178663086,41.0183437343276],[-84.6458098743779,41.0183296372125],[-84.650407272339,41.018315470961],[-84.6548973216236,41.0183016442736],[-84.6593927607999,41.0182878846834],[-84.663727223674,41.0182746008914],[-84.6676482647863,41.0182483701555],[-84.6711734542855,41.0177881637822],[-84.6747691579412,41.018190285112],[-84.6790294873464,41.0181547687521],[-84.683621401991,41.0181405346849],[-84.6876126167983,41.0181282668563],[-84.6911906964065,41.0181172868089],[-84.6952943802874,41.0181045452071],[-84.6994357934103,41.018091735147],[-84.7036308359556,41.0180788573063],[-84.7075467719421,41.0180667921228],[-84.7112161203832,41.0180553382959],[-84.715099806851,41.0180434771204],[-84.7192841594444,41.0180304630361],[-84.7235111820138,41.0180174503048],[-84.7279208320805,41.0180038939899],[-84.7326306991151,41.0179892538986],[-84.7371645861856,41.0179751560298],[-84.7410368433881,41.0179633632959],[-84.7452766426958,41.018098784747],[-84.7493734302103,41.0179418769143],[-84.7531442667189,41.0179309652918],[-84.7561270004489,41.0180020002671],[-84.7573432366986,41.0181674168105]]},"properties":{"VOLTAGE":138,"VOLT_CLASS":"100-161","OWNER":"OHIO POWER CO","STATUS":"IN SERVICE","TYPE":"AC; OVERHEAD","ID":"164636","SUB_1":"HAVILAND","SUB_2":"TIMBER SWITCH","INFERRED":"Y","SOURCEDATE":1430179200000}},{"type":"Feature","geometry":{"type":"LineString","coordinates":[[-93.2093210978555,43.2492725782084],[-93.2106535958658,43.2492904239819],[-93.210713082304,43.2515747072125],[-93.2107666200983,43.2549832853254],[-93.2134316170174,43.2550070792025],[-93.2185712515586,43.2550487197736],[-93.2257334303857,43.2550784627409],[-93.2337760075986,43.2551082056936],[-93.2416579732251,43.2550784627409],[-93.250580952417,43.2550665658174],[-93.2505750028749,43.255322358319],[-93.253388714991,43.2553164092271],[-93.2533946636348,43.255084411856],[-93.2591113193207,43.2550963087759],[-93.266951642644,43.2551260517199],[-93.2742446907366,43.2551320008304],[-93.2833758733602,43.2552093333252],[-93.2931970977676,43.255250973758],[-93.2998298463972,43.2552569228563],[-93.2998417427865,43.2484873557268],[-93.29986553826,43.2443232992804],[-93.2998774346494,43.2421698867918],[-93.3001213299439,43.241337075775],[-93.3001391758754,43.2397725800508],[-93.2999428697313,43.2387910519003],[-93.2999547670189,43.2336216727036],[-93.2999547670189,43.2284403972874],[-93.2999666652048,43.224050291816],[-93.3002165082449,43.2221943121247],[-93.3001629695523,43.2211235541868],[-93.3001391758754,43.2179767170946],[-93.3001391758754,43.2132296929186],[-93.3051538897949,43.2132177950244],[-93.3128276510915,43.2132058977825],[-93.3188179452911,43.2132237442992],[-93.3199541371574,43.2130869252359],[-93.3269973422099,43.2131642567629],[-93.3368780539537,43.2131821032917],[-93.3382938329775,43.2131761553223],[-93.345360831707,43.213194001193],[-93.3497747317032,43.2131583087917],[-93.3543908873857,43.2131464108835],[-93.3604882553773,43.2132534867361],[-93.364920001305,43.2132534867361],[-93.3745806132279,43.2132713332389],[-93.3840865604116,43.2133129741854],[-93.3918019622148,43.2133427172336],[-93.3973520549757,43.2133665123164],[-93.3973520549757,43.2130333868595],[-93.4086663916748,43.2131464108835],[-93.4096955088508,43.2131226170242],[-93.4096717142755,43.2134319469457],[-93.4156739048644,43.2134735871279],[-93.4187374609189,43.2134914329115],[-93.4249954431917,43.2135866123002],[-93.4280530506023,43.2136579959258],[-93.4281184856843,43.2133427172336],[-93.4343705202116,43.2134141011447],[-93.439765947335,43.2134319469457],[-93.4427283764447,43.2134319469457],[-93.451312282041,43.2133129741854],[-93.4613238639487,43.2132653852782],[-93.471222421624,43.2132237442992],[-93.4721444632114,43.213194001193],[-93.4721444632114,43.2135330737077],[-93.4771532275888,43.2134854849722],[-93.4794613058793,43.2133843581313],[-93.4881820302833,43.2132951276949],[-93.4881701329956,43.2096605007586],[-93.4883961823588,43.2095950660112],[-93.4926851599367,43.2095236822132],[-93.4977355657192,43.2094522976769],[-93.4976998738563,43.2070014527848],[-93.5043742620942,43.2061805390986],[-93.5079256078395,43.2057700820413],[-93.5089666223031,43.2057224931416],[-93.5137909787224,43.2057760307331],[-93.5238977398294,43.205865261039],[-93.5249744461559,43.205865261039],[-93.5290968617072,43.2057462879235],[-93.534016398224,43.2057998261488],[-93.536003247952,43.2058771577485],[-93.5435580372706,43.2076082158882],[-93.5471212794052,43.2077033939821],[-93.5471153307614,43.2089407140215],[-93.5472759441444,43.2096961932427],[-93.548346701827,43.210909718073],[-93.5480016795877,43.2110346397721],[-93.5498695573377,43.2130869252359],[-93.5555862121254,43.2130690786792],[-93.5607615403262,43.2130809759477],[-93.5619810132058,43.2129441572189],[-93.5648244694392,43.2129441572189],[-93.5746100028821,43.2130095923014],[-93.5829559618277,43.213045284135],[-93.5861444403005,43.2130928738687],[-93.5861563366898,43.2132951276949],[-93.5924857026883,43.2133367679704],[-93.5983689212993,43.2133665123164],[-93.6017953446263,43.2133427172336],[-93.6043294713815,43.2133367679704],[-93.6043235218394,43.2131464108835],[-93.6114619051929,43.2131166677396],[-93.616720514407,43.2130809759477],[-93.620914313684,43.2129144139763],[-93.6209321596154,43.2131464108835],[-93.6262443057256,43.2128906187171],[-93.629349503185,43.2128727727577],[-93.6338109923318,43.2128608761032],[-93.6348936473021,43.2127240568805],[-93.6369042916053,43.2126705188403],[-93.646695773692,43.2127478522047],[-93.6560054147317,43.212807338183],[-93.664946239855,43.21283113282],[-93.675148179263,43.2127359542164],[-93.6801272013196,43.2127538002159],[-93.680662580161,43.2129798490908],[-93.6853917582793,43.2129917457221],[-93.693868588287,43.2129620031574],[-93.704480984118,43.2129382092262],[-93.7147364613203,43.2128965680238],[-93.7242067157428,43.21283113282],[-93.7338494817342,43.212843030135],[-93.7437182961904,43.2127240568805],[-93.7437182961904,43.212462316213],[-93.753480035058,43.2123671376886],[-93.7600711422826,43.2125039570573],[-93.76431253071,43.2125931866872],[-93.7728369498682,43.2127300062035],[-93.7747643140564,43.2126883648589],[-93.7841334406358,43.2126705188403],[-93.7921046359196,43.212616980753],[-93.792961242425,43.2127300062035],[-93.803859173159,43.2127002628565],[-93.8110927348135,43.2127181082117],[-93.8125144633793,43.212640776119],[-93.8134543499999,43.2126526728164],[-93.8232993698808,43.2125931866872],[-93.8312289228613,43.2125872380056],[-93.8312454824052,43.2118547227675]]},"properties":{"VOLTAGE":161,"VOLT_CLASS":"100-161","OWNER":"NOT AVAILABLE","STATUS":"IN SERVICE","TYPE":"AC; OVERHEAD","ID":"166620","SUB_1":"UNKNOWN138092","SUB_2":"TAP163601","INFERRED":"N","SOURCEDATE":1540944000000}},{"type":"Feature","geometry":{"type":"LineString","coordinates":[[-95.8553039998703,36.0536010000262],[-95.8588139997564,36.0535930002934],[-95.8654290003708,36.0536390000167],[-95.8720309996682,36.0536459996881],[-95.8765609997284,36.0535589997859],[-95.8775599999862,36.053543000311],[-95.8850324416411,36.0534844812777],[-95.8853809331741,36.0533870078019]]},"properties":{"VOLTAGE":138,"VOLT_CLASS":"100-161","OWNER":"PUBLIC SERVICE CO OF OKLAHOMA","STATUS":"IN SERVICE","TYPE":"AC; OVERHEAD","ID":"169948","SUB_1":"UNKNOWN119550","SUB_2":"TAP168566","INFERRED":"Y","SOURCEDATE":1575936000000}},{"type":"Feature","geometry":{"type":"LineString","coordinates":[[-82.910103507747,32.0503278312499],[-82.9099369996192,32.0502460001643],[-82.9095619997005,32.0508350003753],[-82.9093280002471,32.051203000142],[-82.908707000281,32.0521479998847],[-82.9041579999542,32.0591579998315],[-82.9011879998433,32.0585049996409],[-82.899699999864,32.0635840003597],[-82.898129000044,32.0674780002426],[-82.897796999783,32.068570000315],[-82.8977220003382,32.0692770001956],[-82.9015839996785,32.0703049997212],[-82.9003559999901,32.0736350000628],[-82.9007130003655,32.0736730000275]]},"properties":{"VOLTAGE":-999999,"VOLT_CLASS":"NOT AVAILABLE","OWNER":"GEORGIA POWER CO","STATUS":"IN SERVICE","TYPE":"OVERHEAD","ID":"170565","SUB_1":"UNKNOWN111843","SUB_2":"UNKNOWN154655","INFERRED":"N","SOURCEDATE":1577404800000}},{"type":"Feature","geometry":{"type":"LineString","coordinates":[[-84.4198819697426,34.4676747162934],[-84.4200050003089,34.4676809996461],[-84.4199199999201,34.4675060002437],[-84.4196839999186,34.4670780000322],[-84.4200339997229,34.4667599997968],[-84.4208120000478,34.4660530000073],[-84.4219290003064,34.466578000328],[-84.421896999621,34.4655870002251],[-84.4218830002756,34.4621499997491],[-84.421904000192,34.4613789998175],[-84.4212370001952,34.4587900000219],[-84.4209159998049,34.4575409998715],[-84.4212199995785,34.4560450002653]]},"properties":{"VOLTAGE":-999999,"VOLT_CLASS":"NOT AVAILABLE","OWNER":"GEORGIA POWER CO","STATUS":"IN SERVICE","TYPE":"OVERHEAD","ID":"170609","SUB_1":"UNKNOWN169053","SUB_2":"TAP169054","INFERRED":"N","SOURCEDATE":1577404800000}},{"type":"Feature","geometry":{"type":"LineString","coordinates":[[-100.000385769575,35.1753910003511],[-100.006108329887,35.1743722886912],[-100.00627966107,35.1514152500327],[-100.024477770723,35.1313706697091],[-100.024534880219,35.1271257097918],[-100.02529631022,35.0956406889059],[-100.052821910438,35.0955074399576],[-100.113755149996,35.0954312890987],[-100.114231040602,35.0109699500178],[-100.114859220802,35.0088189100129],[-100.114992470604,35.0064204197777],[-100.115601610113,34.9795610597225],[-100.149827779967,34.9795229887518],[-100.15026560087,34.9772196701924],[-100.150536859747,34.9507505491737],[-100.151250699699,34.948708970145],[-100.151393459964,34.935717110291],[-100.168382819927,34.935817050273],[-100.168511311352,34.9219114787887],[-100.178019630987,34.9219828601011],[-100.206630270303,34.92205425019],[-100.209428519718,34.9212975801455],[-100.211655691243,34.9221113502843],[-100.211695341981,34.9221112471664],[-100.254437890174,34.9219996499325],[-100.257107943709,34.9220295880458],[-100.265458431062,34.9221232191559],[-100.265681971431,34.9123812200522],[-100.265256199631,34.9073688102011],[-100.266069031232,34.9050077400343],[-100.266262549904,34.8802746490992],[-100.268881749812,34.877963029349],[-100.275115931221,34.8780201402072],[-100.275096900412,34.8707104297215],[-100.283986560191,34.8707294698322],[-100.283938980922,34.8636005999146],[-100.297701781031,34.8516842597831],[-100.306477229904,34.8488574597095],[-100.306515299607,34.8297837002651],[-100.305963269594,34.8275279798822],[-100.30632494031,34.8201706803361],[-100.337857560295,34.820151649174],[-100.348803080179,34.8126325499662],[-100.353523930016,34.8060081289802],[-100.364602699702,34.7909223498738],[-100.364678849888,34.7838410688875],[-100.38236300013,34.7837744488831],[-100.382458180227,34.7765028097739],[-100.416931809892,34.7764694990289],[-100.419815719957,34.7734428298751],[-100.425112400671,34.7698736291109],[-100.431194300572,34.7624068892836],[-100.453623099718,34.7526558602938],[-100.460119030438,34.7433616789152],[-100.461860790112,34.7418197897009],[-100.470726660706,34.7338676301274],[-100.470826600078,34.7182060188867],[-100.479592541182,34.7182202999322],[-100.479621089642,34.7036437186426],[-100.488429849842,34.7037436503382],[-100.494697349765,34.690623309832],[-100.496953079631,34.6891385200625],[-100.515384391033,34.6890243097595],[-100.522722650436,34.6824284399311],[-100.52837494273,34.6613900679387],[-100.528733160323,34.6600567497407],[-100.522708369918,34.6237794898734],[-100.520466919672,34.6112730399291],[-100.517511630372,34.5923705998439],[-100.51676923118,34.5831478088293],[-100.507860529812,34.5781509402805],[-100.507874811228,34.5611901491226],[-100.507703490825,34.5557507001652],[-100.499508620426,34.5557221397742],[-100.499551450302,34.5505825102518],[-100.498837620231,34.5485266500463],[-100.498851889969,34.5432585286615],[-100.498423591208,34.5408743098498],[-100.48654532092,34.5408885800153],[-100.484189649886,34.5348780702273],[-100.480649020143,34.535020828673],[-100.480685139604,34.532820503354],[-100.480820339648,34.5245845200166],[-100.48016361009,34.5225714896705],[-100.480092220076,34.518060039843],[-100.480577630129,34.5154902200508],[-100.480563361289,34.5110215901196],[-100.479706750292,34.509522529086],[-100.46301721114,34.5093083786925],[-100.463317020273,34.496173749336],[-100.463731050194,34.4804550301097],[-100.427867810329,34.4798839592787],[-100.428067690869,34.4616668102971],[-100.426682839943,34.4577692498444],[-100.426697119562,34.4548853498627],[-100.428210461016,34.4527866598374],[-100.428424610396,34.4447631202248],[-100.428624481056,34.4261176598672],[-100.428924290188,34.4154386399021],[-100.429923670434,34.3897690201351],[-100.430723170138,34.3690105993057],[-100.431180020054,34.3552906300786],[-100.431879580387,34.3534632001136],[-100.432730797,34.3341893436869],[-100.432735211322,34.3340894068443],[-100.432878959733,34.3308345301772],[-100.433107391429,34.3198128597157],[-100.446170631205,34.3201269501652],[-100.449168750381,34.3211834300244],[-100.466786279764,34.3212548202369],[-100.471611820163,34.3198985197173],[-100.470512510427,34.3014814902264],[-100.471469060796,34.2971413598409],[-100.48730198985,34.2824648399936],[-100.496239251357,34.2770111199865],[-100.522936799817,34.2650757403546],[-100.53812727983,34.2610211401726],[-100.592107729769,34.2460733692182],[-100.591421249805,34.238249699886],[-100.604448800414,34.2380117489242],[-100.624287559864,34.2202847701818],[-100.634667960383,34.2168345503021],[-100.647308850042,34.2041936591263],[-100.661942529988,34.1839384997304],[-100.662299450413,34.1765026801152],[-100.670449101418,34.1674904792118],[-100.677974150212,34.1651705001693],[-100.680859251444,34.1607684989926],[-100.683357680947,34.1587162103572],[-100.685826369925,34.1566044401216],[-100.705278460341,34.1547603597988],[-100.705516409687,34.1420897296775],[-100.709472261415,34.1395913002713],[-100.736687349971,34.1374497790959],[-100.73992935995,34.1357246702291],[-100.756288160076,34.1358436403339],[-100.802628160944,34.1358733902694],[-100.820414630195,34.1353677499872],[-100.820117199801,34.0917938699916],[-100.87234636972,34.0913477197771],[-100.872800661234,34.0913493512272],[-100.888913370583,34.0914072092864],[-100.890668219609,34.0906636298201],[-100.941588679805,34.0903662000734],[-100.941202019754,34.0785878602541],[-100.942005090262,34.0774576201345],[-100.941915860605,34.0667500497444],[-100.96146192019,34.06014644968],[-100.981444659817,34.0533953197854],[-100.992239354362,34.0513885117809],[-101.001283410285,34.0497071598398],[-101.015030650674,34.0523404887829],[-101.021003199554,34.0534845501085],[-101.035369191427,34.0647572498902],[-101.06066801987,34.0643130788683],[-101.070433330439,34.0641417596984],[-101.081949921028,34.0597635501081],[-101.081797629638,34.0573840899343],[-101.173988545414,34.0568008357425],[-101.174148713233,34.0567998220893],[-101.178080139768,34.0567749503701],[-101.203797360352,34.0566417002278],[-101.203854459966,34.0638181489313],[-101.243905551363,34.0634945503235],[-101.253271109834,34.063304188869],[-101.253309180436,34.0601823399143],[-101.269813119565,34.0602204099209],[-101.276913431419,34.0590592287001],[-101.288220630105,34.0592115203165],[-101.288220630105,34.0576886603075],[-101.316774159925,34.057307950333],[-101.3398644497,34.0570795192109],[-101.339978671387,34.0599919799503],[-101.397751980034,34.0595160893326],[-101.420747089711,34.0594209101442],[-101.434148220001,34.0594589797486],[-101.476388411423,34.0592305499584],[-101.479700620249,34.0592876596963],[-101.485049650287,34.058469130243],[-101.485125789694,34.0509309888371],[-101.493634739863,34.0505883488955],[-101.508292219774,34.0507596686672],[-101.508063789875,34.0466860297654],[-101.508469852638,34.0458987657339],[-101.508996540279,34.0448776398723],[-101.508482579969,34.0139827202352],[-101.507859823796,34.0119760721121],[-101.507625970768,34.0112225487317],[-101.507359470268,33.9922820389044],[-101.507169119954,33.9839634396869],[-101.507615640143,33.9838951202225],[-101.51065265098,33.9834304400388],[-101.51053843109,33.9692107791754],[-101.514478820117,33.9689252503106],[-101.514481525843,33.968810229713],[-101.514498506697,33.9680885141544],[-101.514554960422,33.9656891798276],[-101.514894114866,33.9651176728191]]},"properties":{"VOLTAGE":115,"VOLT_CLASS":"100-161","OWNER":"LIGHTHOUSE ELECTRIC COOP, INC","STATUS":"IN SERVICE","TYPE":"AC; OVERHEAD","ID":"309528","SUB_1":"FLOYD","SUB_2":"NOT AVAILABLE","INFERRED":"N","SOURCEDATE":1489536000000}},{"type":"Feature","geometry":{"type":"LineString","coordinates":[[-95.5854268814438,29.0568837470418],[-95.5855676905679,29.0568409932306],[-95.586418640382,29.0568709796371],[-95.5881223007082,29.0568313299214],[-95.5898329607072,29.0567916699822],[-95.5915578113926,29.0567515498698],[-95.5932838397694,29.0567115797251],[-95.5950102202858,29.0566714493732],[-95.596735070073,29.0566313299992],[-95.598445921413,29.0565916699831],[-95.6001737401322,29.0565514602739],[-95.6018986806492,29.0565115002599],[-95.6036171595843,29.0564715198138],[-95.6053326695875,29.0564316296565],[-95.6070560003235,29.0563916593878],[-95.6087776197689,29.0563517000971],[-95.6104964598268,29.0563117297974],[-95.6122257113588,29.056271519979],[-95.6139399709071,29.0562317899367],[-95.6156567403482,29.0561918989014],[-95.6173765613664,29.0561519301103],[-95.6190997097444,29.0561119589478],[-95.6208160300279,29.056072070222],[-95.6225368499727,29.0560320998139],[-95.6242380695763,29.0559925196636],[-95.6259708299278,29.0559523898172],[-95.6277050311771,29.055912029089],[-95.6294298001159,29.055871980093],[-95.6311578002947,29.0558318486291],[-95.6328749299603,29.0557919597949],[-95.6345981699665,29.0557519900635],[-95.6363012796254,29.0557123391323],[-95.638018229628,29.0556724502518],[-95.639750900148,29.0556322401842],[-95.6414570703671,29.0555926590953],[-95.6431864198155,29.0555524599902],[-95.6449067807212,29.0555125686922],[-95.646633171119,29.0554724402295],[-95.6500785605766,29.0553923403099],[-95.6518043203571,29.055352138771],[-95.6535146201316,29.0553121696544],[-95.6552365108682,29.0552720387579],[-95.656953549804,29.0552319902986],[-95.6600421410071,29.055159830003],[-95.6615241797662,29.0551252799249],[-95.6630062212203,29.0550906497381],[-95.6644990397628,29.0550558601309],[-95.6659888103215,29.0550210689414],[-95.6676856308752,29.0549814899737],[-95.6694269297135,29.0549409003531],[-95.6712593114334,29.0548980200938],[-95.6729946795942,29.0548498800986],[-95.6748100813586,29.0547700199874],[-95.6765028702733,29.05472988888],[-95.6781950195875,29.0546896902239],[-95.6798371408252,29.0546505799342],[-95.6814651603095,29.0546119502143],[-95.6830864406326,29.0545733887983],[-95.6847093397198,29.0545348297236],[-95.6863615211904,29.0544955693888],[-95.6872498157675,29.055573452387]]},"properties":{"VOLTAGE":138,"VOLT_CLASS":"100-161","OWNER":"TEXAS-NEW MEXICO POWER CO.","STATUS":"IN SERVICE","TYPE":"AC; OVERHEAD","ID":"311105","SUB_1":"SWEENY","SUB_2":"NOT AVAILABLE","INFERRED":"N","SOURCEDATE":1489536000000}},{"type":"Feature","geometry":{"type":"LineString","coordinates":[[-103.491207385186,31.3999993641889],[-103.491174000197,31.3989259992058],[-103.491961000743,31.3990509996977],[-103.493980000276,31.3994009998828],[-103.497028000205,31.3999129996253],[-103.499727000154,31.400349998778],[-103.503977999657,31.4010750002766],[-103.507163999678,31.4016249999517],[-103.508942000085,31.4019159997225],[-103.50914410216,31.4022283852589]]},"properties":{"VOLTAGE":46,"VOLT_CLASS":"UNDER 100","OWNER":"TEXAS-NEW MEXICO POWER CO.","STATUS":"IN SERVICE","TYPE":"AC; OVERHEAD","ID":"312260","SUB_1":"UNKNOWN300467","SUB_2":"NOT AVAILABLE","INFERRED":"N","SOURCEDATE":1535328000000}},{"type":"Feature","geometry":{"type":"LineString","coordinates":[[-95.630358111944,29.4828154193071],[-95.6292705899014,29.482972980073],[-95.6290919563139,29.4828724519097],[-95.6290477457272,29.4828475730213],[-95.628915270274,29.4827730199922],[-95.6213041808415,29.487033999884],[-95.6142871697644,29.4894332398715],[-95.6148536105516,29.5238865398632],[-95.6147669141435,29.5239101189161],[-95.6145674315566,29.5239643737762],[-95.6043100104,29.526754179045],[-95.6001698899529,29.5428332093368],[-95.5961364902598,29.5508334889323],[-95.5954567413725,29.559195138875],[-95.5911333196916,29.5625414502239],[-95.5912633589138,29.5821958978969],[-95.5912951601732,29.5870023399696],[-95.5907597804336,29.5999703998677],[-95.5907240912656,29.6025759096502],[-95.5909263397653,29.6315874889671],[-95.5894163202818,29.6329951692079],[-95.5896538303513,29.6510913503212],[-95.5825323389184,29.6690334990379],[-95.5816259495765,29.6713170890368],[-95.5823694096787,29.7005908699318],[-95.5819244893898,29.7004617238942],[-95.5818118253818,29.7004290222384]]},"properties":{"VOLTAGE":138,"VOLT_CLASS":"100-161","OWNER":"CENTERPOINT ENERGY HOUSTON ELECTRIC, LLC","STATUS":"IN SERVICE","TYPE":"AC; OVERHEAD","ID":"306408","SUB_1":"ALIEF","SUB_2":"NOT AVAILABLE","INFERRED":"N","SOURCEDATE":1493942400000}},{"type":"Feature","geometry":{"type":"LineString","coordinates":[[-102.607691999883,32.3215540003559],[-102.589492999999,32.3107239992979],[-102.586949913447,32.3094359537124],[-102.581094000028,32.3064700003723],[-102.572370000366,32.3029490002255],[-102.556735999639,32.2959310002051],[-102.54487500036,32.290447999946],[-102.540401001275,32.2914140001969],[-102.538356288365,32.2917107630047]]},"properties":{"VOLTAGE":138,"VOLT_CLASS":"100-161","OWNER":"ONCOR ELECTRIC DELIVERY CO.","STATUS":"IN SERVICE","TYPE":"AC; OVERHEAD","ID":"308138","SUB_1":"TAP301929","SUB_2":"NOT AVAILABLE","INFERRED":"N","SOURCEDATE":1543622400000}},{"type":"Feature","geometry":{"type":"LineString","coordinates":[[-101.843412467218,33.8690973019049],[-101.843008887398,33.8681610981874],[-101.840395010009,33.868096098981],[-101.837423641764,33.8680682429089],[-101.835733676254,33.8680682429089],[-101.834716910015,33.8680311012168],[-101.834015853089,33.867961458729],[-101.833412293914,33.8671304040816],[-101.831383405726,33.8671118326605],[-101.828360967358,33.8670468348929],[-101.828444535833,33.8541747719521],[-101.828360967358,33.8518533897575],[-101.837247217133,33.851834818744],[-101.84352423291,33.8518162477265],[-101.844044222713,33.8538312068142],[-101.853079041259,33.8538126362307],[-101.856421831433,33.853821921896],[-101.859755335722,33.8537847799749],[-101.86234599795,33.8544626229015],[-101.870665831192,33.8544069100587],[-101.879505653338,33.8545369068841],[-101.888224764368,33.8545090508644],[-101.888466188397,33.8472570537843],[-101.888577613628,33.8444899658973],[-101.8887911809,33.8390579327596],[-101.888800466785,33.8343873121437],[-101.888846894414,33.8291409890565],[-101.888466188397,33.8140798627717],[-101.888401188998,33.8031972247043],[-101.888224764368,33.7949981042725],[-101.89889383491,33.7949795328518],[-101.906034405661,33.7949981042725],[-101.927056841025,33.7951002436549],[-101.940502285209,33.7950816730029],[-101.940492999324,33.7955645213364],[-101.950279945817,33.7955273787368],[-101.957104809051,33.7955459500386],[-101.963743960872,33.795573805864],[-101.973243055707,33.7955830918837],[-101.97498873473,33.7955552353148],[-101.983958554776,33.795573805864],[-101.992324814749,33.7955830918837],[-102.000830359405,33.7955923771558],[-102.009902318796,33.7956016631734],[-102.018445005196,33.7955923771558],[-102.018442683051,33.7896867817789],[-102.018461253923,33.7866968420571],[-102.018516968335,33.7810512409276],[-102.01792733664,33.7781030861504],[-102.017959835891,33.7752152866619],[-102.017978406763,33.7723274876456],[-102.017987691749,33.7694304032476],[-102.017996977635,33.7665426041576],[-102.017959835891,33.7635155222468],[-102.018558751674,33.7608366469812],[-102.018512324943,33.757985989806],[-102.01852160993,33.7552560451215],[-102.018530895815,33.7524889583018],[-102.018512324943,33.7500190067375],[-102.018558751674,33.7475304859749],[-102.017964479283,33.7446983996867],[-102.018001621026,33.7422748769489],[-102.018020191898,33.735394300629],[-102.018020191898,33.731308668992],[-102.017973764269,33.7102676632363],[-102.020666566741,33.7079277102912],[-102.026795014645,33.7078162843274],[-102.029966022682,33.708577696807],[-102.043123616106,33.708596268269],[-102.053337696245,33.708596268269],[-102.059679712319,33.7085869832858],[-102.075669391102,33.708577696807],[-102.078640760245,33.7085684110744],[-102.078622187577,33.7031828047596],[-102.07861290259,33.6993293107525],[-102.07861290259,33.6961908029177],[-102.078594331718,33.6906659136744],[-102.078566474961,33.6815010976315],[-102.078826469862,33.6766819091943],[-102.078817184875,33.6686684989527],[-102.078835755747,33.6596893942057],[-102.086087752628,33.6597358208526],[-102.094955432429,33.6598379620795],[-102.104612381023,33.6599215316762],[-102.111372244858,33.6600236726827],[-102.11809496695,33.6600329576789],[-102.124845545798,33.6601165278339],[-102.131085419832,33.6601908121818],[-102.134298213004,33.6597265358243],[-102.137566718793,33.6597729631989],[-102.146768676084,33.660070099897],[-102.149851472255,33.6601815257072],[-102.152869268129,33.6602929528687],[-102.155905635773,33.6603393799376],[-102.162210509206,33.660422949795],[-102.168617522882,33.6604600918447],[-102.175043108329,33.6605715186454],[-102.181756545434,33.6606272319916],[-102.188813545915,33.6607108023171],[-102.205508925015,33.6608407993598],[-102.209297419707,33.6608779412292],[-102.209306705592,33.6579344288402],[-102.209390274964,33.6519452633311],[-102.209455274363,33.6461046659666],[-102.216549416587,33.6462346641346],[-102.223652845595,33.6463832320539],[-102.227116347784,33.6464296598967],[-102.227144203642,33.6409604838447],[-102.227190632169,33.6382026821565],[-102.227209203041,33.6323249429327],[-102.227237059798,33.6294742862513],[-102.227302058299,33.6234944059525],[-102.2273670568,33.6174216710574],[-102.227394913557,33.6145153010149],[-102.227617765816,33.6119617812256],[-102.227654909356,33.6094639741389],[-102.227701336086,33.6069290253158],[-102.227729192843,33.6043383629555],[-102.22773847783,33.5992313219731],[-102.233532648244,33.5993427486925],[-102.236253306574,33.5993891757016],[-102.236336876845,33.5918493283177],[-102.236374018589,33.5864637220256],[-102.236383305372,33.5847551849582],[-102.241898908216,33.5838637743223],[-102.241852479689,33.5800938498675],[-102.242539609135,33.5786453078289],[-102.242567465892,33.5745318188575],[-102.242595322649,33.5718297302646],[-102.242790319049,33.5610492323323],[-102.242808889921,33.5583935720931],[-102.242911031064,33.5556543407145],[-102.242233186605,33.553927232804],[-102.24237247039,33.5495816061924],[-102.242539609135,33.536099019004],[-102.242558180905,33.5276677601755],[-102.242539609135,33.5223378670498],[-102.242706748778,33.5168779767378],[-102.242781033164,33.5130059119055],[-102.242827460793,33.5102759669976],[-102.243041028065,33.4967748099843],[-102.243050313052,33.4940077221813],[-102.242562823398,33.4918256233322],[-102.242655678656,33.4892581748279],[-102.24319423933,33.4846804101634],[-102.243231381074,33.4819597496838],[-102.243259237831,33.4790812361491],[-102.243305666358,33.4762955781153],[-102.243333522217,33.4733613508286],[-102.244002079892,33.4733520659691],[-102.244048508419,33.4681150278665],[-102.244104221035,33.4653572259016],[-102.244150648664,33.4627387079451],[-102.244215647164,33.458105229039],[-102.244289930652,33.4557745621673],[-102.250678375253,33.45587670279],[-102.253779741398,33.4559417008967],[-102.253742598756,33.4535553207085],[-102.25379831227,33.4500918193248],[-102.253872595758,33.4463033238464],[-102.254615437819,33.4437312320544],[-102.254652579563,33.4381877717435],[-102.25469900809,33.4356621087286],[-102.262433853029,33.435708535957],[-102.270920825016,33.4357921059549],[-102.274523610091,33.4363213809897],[-102.281134905155,33.4363492377178],[-102.284236272198,33.4363678093646],[-102.284319840673,33.4314929072763],[-102.284245557185,33.4288186748701],[-102.28425484307,33.4261165862845],[-102.284310555686,33.4234330689757],[-102.284375555085,33.4201181350525],[-102.284505552086,33.4151596640706],[-102.284533408843,33.4125690007781],[-102.288962605352,33.4126247152237],[-102.288981176224,33.4080190927945],[-102.289594021284,33.4058834210363],[-102.289547593655,33.4042398826634],[-102.289566165425,33.4025963446957],[-102.289668304771,33.3979814368845],[-102.289659019785,33.3955022011634],[-102.28968687744,33.3929022536779],[-102.289714733298,33.390246592662],[-102.289770445914,33.3849631269668],[-102.292881097944,33.3850281256751],[-102.292834670315,33.3794196673725],[-102.292816099443,33.374089773764],[-102.292788242686,33.3686484547261],[-102.292797527673,33.3659556522882],[-102.292778956801,33.3631421366976],[-102.292723244186,33.3599200589993],[-102.292806813558,33.357338682075],[-102.292741815057,33.349278843701],[-102.292704673314,33.338535489272],[-102.292704673314,33.3332148807625],[-102.292658244787,33.3255914630296],[-102.292630388928,33.3203544250658],[-102.292602532171,33.3121088770595],[-102.298405986673,33.3121645898005],[-102.307468661976,33.3122295888291],[-102.316512766408,33.312211017683],[-102.326392568158,33.3046711689221],[-102.326053646378,33.2997173403518],[-102.325700796219,33.2979159483488],[-102.32386226104,33.2899025371805],[-102.322989421977,33.2867176007671],[-102.321733553854,33.2839156931971],[-102.324695637112,33.282875713756],[-102.326617741664,33.2829221422103],[-102.336590397774,33.282875713756],[-102.349422997796,33.283042853823],[-102.352217942309,33.2830521387471],[-102.352180798769,33.2813250312501],[-102.352097230294,33.2781215240804],[-102.352013660024,33.2761994196752],[-102.351985803267,33.2741287471802],[-102.351911518881,33.2707859567631],[-102.351800092751,33.2685481453628],[-102.351790806866,33.2665888990804],[-102.351753665122,33.2634968181081],[-102.351670094852,33.2561055379976],[-102.351642238993,33.2542577179163],[-102.360426347625,33.2543320022378],[-102.372859669859,33.2544062857449],[-102.387818654922,33.2545641397719],[-102.396723475569,33.2546198531991],[-102.40666827582,33.2544341428889],[-102.409713929349,33.2544434278503],[-102.416408794684,33.2545502123486],[-102.423456510178,33.2547219942649],[-102.430611009308,33.2548241352113],[-102.434213794383,33.2548752052641],[-102.439780468247,33.2550191310954],[-102.448383509756,33.2551537710533],[-102.451856296931,33.2552048416647],[-102.456745127235,33.2553116252323],[-102.460538265319,33.2553859086578],[-102.463282138811,33.2554462647395],[-102.468755957418,33.2555855479616],[-102.472154460208,33.2549448473581],[-102.475562248882,33.2557062598076],[-102.481040710881,33.2557526876853],[-102.489425541725,33.2558548289291],[-102.489481255239,33.2505992199514],[-102.489564824612,33.2453621822737],[-102.489629824011,33.2402737126625],[-102.489629824011,33.2375066256975],[-102.489694821613,33.2320931626788],[-102.489815533628,33.2268189828978],[-102.489276973852,33.22404261106],[-102.489379114097,33.2186848610772],[-102.489406970854,33.2160941990988],[-102.489453399381,33.2107550203456],[-102.489620538126,33.2027508951642],[-102.489666965755,33.1973652892563],[-102.490251954058,33.1948953392694],[-102.4903540952,33.1898811536647],[-102.490419093701,33.1853126742155],[-102.495498277014,33.1816077489498],[-102.500280323681,33.1781071049011],[-102.507550892332,33.1727772116367],[-102.512351509872,33.1693044246825],[-102.517096414796,33.1658780652053],[-102.524125559417,33.1606688841897],[-102.528526899169,33.1575489458634],[-102.532993238321,33.1543640102444],[-102.538267418033,33.1504269467129],[-102.545751553058,33.1449763421709],[-102.55015289281,33.1417356928186],[-102.5526367723,33.1399296580413],[-102.555529213666,33.1400550117446],[-102.559508063164,33.140096796774],[-102.566931842181,33.1401200109213],[-102.568993228721,33.1376964883407],[-102.576913784176,33.1376407749444],[-102.579569444904,33.1380121959158],[-102.583757218282,33.1379007702407],[-102.592049194768,33.1379286261086],[-102.601176867673,33.138030767224],[-102.608967426127,33.138049337776],[-102.616692985181,33.138030767224],[-102.625393525339,33.1379936253558],[-102.635254755319,33.1380771951012],[-102.641615342265,33.1381143369339],[-102.647818073656,33.1381886213044],[-102.65705717359,33.1382071918231],[-102.665906281621,33.138244334353],[-102.674876101667,33.1382536203591],[-102.678023896339,33.1382907621172],[-102.68082812494,33.137575776188],[-102.69173862041,33.1375664908624],[-102.694626419283,33.1375479202081],[-102.694626419283,33.1388943208168],[-102.703549810801,33.1387457532075],[-102.70690188686,33.1387178960946],[-102.716577407224,33.1387550376562],[-102.725872219773,33.1388293229888],[-102.731731387789,33.1388571793142],[-102.734786327203,33.1388014659024],[-102.743347582678,33.1387643243605],[-102.750237445311,33.1387643243605],[-102.749801024882,33.1363872292208],[-102.749875309267,33.1334530017665],[-102.749856738396,33.1246503222297],[-102.75826014101,33.124706034843],[-102.760943657597,33.1247153200244],[-102.763819851135,33.1247246059571],[-102.765974092933,33.125179596648],[-102.767649812959,33.1249041222605]]},"properties":{"VOLTAGE":345,"VOLT_CLASS":"345","OWNER":"XCEL ENERGY","STATUS":"IN SERVICE","TYPE":"OVERHEAD","ID":"400314","SUB_1":"TUCO","SUB_2":"UNKNOWN301687","INFERRED":"N","SOURCEDATE":1720396800000}},{"type":"Feature","geometry":{"type":"LineString","coordinates":[[-91.0155998998893,42.54557266769],[-91.0156657068738,42.5456318950047],[-91.0156722879315,42.5466749420057],[-91.015738094916,42.550922806947],[-91.0157644182488,42.5539499449042],[-91.0157512570315,42.5568059853261],[-91.015718352641,42.559207953774],[-91.01952201898,42.559207953774],[-91.02352968733,42.5591355652784],[-91.0273136095974,42.5591750497423],[-91.0310843724441,42.5589644663077],[-91.0317424458819,42.5609057830262],[-91.0330914962497,42.5625509680065],[-91.034980168202,42.56426195867],[-91.0349735871442,42.5673812281933],[-91.034901199102,42.570651854074],[-91.0348682947114,42.5735539582744],[-91.034802487727,42.5795884931423],[-91.0376453663437,42.5820102041304],[-91.037171552642,42.5852216027166],[-91.036362122062,42.5880842241304],[-91.0357698556087,42.5912034920133],[-91.0350920398959,42.5940529511076],[-91.0350064906364,42.5972182850635],[-91.0352302358209,42.6004954919142],[-91.0347959066692,42.603325208189],[-91.0347959066692,42.6061417627248],[-91.0348485533347,42.6092544521735],[-91.0347761652925,42.6123671401222],[-91.0347761652925,42.6150520799415],[-91.0347037772503,42.6183819329535],[-91.0346971961925,42.6218170770166],[-91.0346840349753,42.6244559516997],[-91.0346971961925,42.6273712177937],[-91.0346511305847,42.6303193876962],[-91.0346248081503,42.6330174897812],[-91.0346116469331,42.6361433392701],[-91.0345787434408,42.6389796362804],[-91.0341378341297,42.6397561629351],[-91.0324268417541,42.6424345229785],[-91.0317029613319,42.6455932759184],[-91.032341293393,42.6487586099011],[-91.0344734510081,42.6517133607085],[-91.034664291802,42.6536941618011],[-91.0344273862986,42.656951627087],[-91.0344208052408,42.6602419950707],[-91.0344471276753,42.6757791132987],[-91.0344339673564,42.6845314916869],[-91.0342497058236,42.6871637863066],[-91.0342628679392,42.6904673158713],[-91.0342891903736,42.6927574121863],[-91.0343418361408,42.695731905186],[-91.0344602897908,42.6974034110823],[-91.0297221599607,42.6972981202842],[-91.029715578903,42.6996145393192],[-91.0301038424469,42.7013386916723],[-91.0314660549302,42.7012926269187],[-91.0318279951413,42.7012597233138],[-91.0325103554312,42.7013606568706]]},"properties":{"VOLTAGE":345,"VOLT_CLASS":"345","OWNER":"AMERICAN TRANSMISSION","STATUS":"IN SERVICE","TYPE":"OVERHEAD","ID":"400396","SUB_1":"TURKEY RIVER","SUB_2":"TAP400199","INFERRED":"N","SOURCEDATE":1721088000000}},{"type":"Feature","geometry":{"type":"LineString","coordinates":[[-92.1233218497588,43.3718400272707],[-92.1232266705595,43.3721493567571],[-92.1203356260739,43.3720541777175],[-92.1185272356602,43.3717210538206],[-92.1183606736335,43.3723754049083],[-92.1094852835921,43.3712094697657],[-92.0978021300785,43.3712213668298],[-92.0950300575708,43.3712689557157],[-92.0915441478057,43.371483108179],[-92.0876418320755,43.3716972592331],[-92.083358802243,43.3717091562015],[-92.0813481579398,43.3715782861558],[-92.079765815991,43.3714355181551],[-92.0749712018925,43.3713522369926],[-92.058314974966,43.3712927511242],[-92.0444903069852,43.3711380860262],[-92.0384107840268,43.3710785992948],[-92.0379943780617,43.370828755953],[-92.02739387862,43.3707573717654],[-92.0270607545666,43.37095962631],[-92.0162223102707,43.3710548051084],[-92.0009104777439,43.3710667022027],[-91.989560449182,43.3709834211868],[-91.9839330240516,43.3709953182952],[-91.9781985233325,43.3709239343037],[-91.9685498086973,43.3710072147483],[-91.9573306502992,43.370876345147],[-91.9429230143267,43.3708644480153],[-91.9241371693224,43.3709120371813],[-91.9236136868703,43.3708525502282],[-91.9215792479919,43.3670454127644]]},"properties":{"VOLTAGE":-999999,"VOLT_CLASS":"NOT AVAILABLE","OWNER":"NOT AVAILABLE","STATUS":"IN SERVICE","TYPE":"OVERHEAD","ID":"169703","SUB_1":"UNKNOWN168404","SUB_2":"DEADEND172586","INFERRED":"N","SOURCEDATE":1574812800000}},{"type":"Feature","geometry":{"type":"LineString","coordinates":[[-97.7247687792814,33.7886246006275],[-97.7204669998123,33.7898089991672],[-97.7131380002437,33.7923229988102],[-97.7071629998618,33.789295000201],[-97.694310999823,33.7841019999813],[-97.6698849996623,33.7741879990463],[-97.6504570002654,33.7663209998186],[-97.6502430000051,33.764849000069],[-97.6414210004343,33.7608540002621],[-97.6019609995962,33.7430169999833],[-97.5703969996627,33.728632999697],[-97.5625869998702,33.719870999647],[-97.5600211553989,33.7169942250407],[-97.5600084900517,33.7169887188557],[-97.5598259999967,33.716786999759],[-97.5588569998761,33.7156889997412],[-97.5543689996486,33.7136460003561],[-97.5515960000796,33.7118199993619],[-97.5475809996801,33.7080840002308],[-97.5425130003929,33.7033779987603],[-97.5400670010619,33.7010640003441],[-97.5377780002932,33.700226000347],[-97.5339300002984,33.6983939996285],[-97.5297829996544,33.6934999997226],[-97.526670001225,33.6898089998028],[-97.5263079029104,33.6893783399192],[-97.5260235681567,33.6894740051787]]},"properties":{"VOLTAGE":69,"VOLT_CLASS":"UNDER 100","OWNER":"ONCOR ELECTRIC DELIVERY CO.","STATUS":"IN SERVICE","TYPE":"AC; OVERHEAD","ID":"300268","SUB_1":"UNKNOWN301022","SUB_2":"NOT AVAILABLE","INFERRED":"N","SOURCEDATE":1519862400000}}]}