site_id,field,value,status,source,source_url,vintage,fetched_at,method,note
Ashland,sub_nearest_m,1444.9,ok,HIFLD Electric Substations (ArcGIS mirror of retired HIFLD Open),https://services5.arcgis.com/HDRa0B57OVrv2E1q/ArcGIS/rest/services/Electric_Substations/FeatureServer/0,2021-02-25,2026-09-21T20:31:55+00:00,"HIFLD substations within 15000 m of the site point; straight-line distance to each; nearest of any type, nearest >= 100 kV and >= 230 kV by MAX_VOLT; count and max MAX_VOLT within 10000 m","HIFLD mirror (dataset retired Aug 2025, layer edited 2021-02); per-row SOURCE may be OpenStreetMap; TAP = line tap, not a facility"
Ashland,sub_nearest_name,[unnamed UNKNOWN121253],ok,HIFLD Electric Substations (ArcGIS mirror of retired HIFLD Open),https://services5.arcgis.com/HDRa0B57OVrv2E1q/ArcGIS/rest/services/Electric_Substations/FeatureServer/0,2021-02-25,2026-09-21T20:31:55+00:00,"HIFLD substations within 15000 m of the site point; straight-line distance to each; nearest of any type, nearest >= 100 kV and >= 230 kV by MAX_VOLT; count and max MAX_VOLT within 10000 m","HIFLD mirror (dataset retired Aug 2025, layer edited 2021-02); per-row SOURCE may be OpenStreetMap; TAP = line tap, not a facility"
Ashland,sub_nearest_type,SUBSTATION,ok,HIFLD Electric Substations (ArcGIS mirror of retired HIFLD Open),https://services5.arcgis.com/HDRa0B57OVrv2E1q/ArcGIS/rest/services/Electric_Substations/FeatureServer/0,2021-02-25,2026-09-21T20:31:55+00:00,"HIFLD substations within 15000 m of the site point; straight-line distance to each; nearest of any type, nearest >= 100 kV and >= 230 kV by MAX_VOLT; count and max MAX_VOLT within 10000 m","HIFLD mirror (dataset retired Aug 2025, layer edited 2021-02); per-row SOURCE may be OpenStreetMap; TAP = line tap, not a facility"
Ashland,sub_nearest_max_kv,69.0,ok,HIFLD Electric Substations (ArcGIS mirror of retired HIFLD Open),https://services5.arcgis.com/HDRa0B57OVrv2E1q/ArcGIS/rest/services/Electric_Substations/FeatureServer/0,2021-02-25,2026-09-21T20:31:55+00:00,"HIFLD substations within 15000 m of the site point; straight-line distance to each; nearest of any type, nearest >= 100 kV and >= 230 kV by MAX_VOLT; count and max MAX_VOLT within 10000 m","HIFLD mirror (dataset retired Aug 2025, layer edited 2021-02); per-row SOURCE may be OpenStreetMap; TAP = line tap, not a facility"
Ashland,sub_nearest_min_kv,69.0,ok,HIFLD Electric Substations (ArcGIS mirror of retired HIFLD Open),https://services5.arcgis.com/HDRa0B57OVrv2E1q/ArcGIS/rest/services/Electric_Substations/FeatureServer/0,2021-02-25,2026-09-21T20:31:55+00:00,"HIFLD substations within 15000 m of the site point; straight-line distance to each; nearest of any type, nearest >= 100 kV and >= 230 kV by MAX_VOLT; count and max MAX_VOLT within 10000 m","HIFLD mirror (dataset retired Aug 2025, layer edited 2021-02); per-row SOURCE may be OpenStreetMap; TAP = line tap, not a facility"
Ashland,sub_nearest_kv_inferred,Y,ok,HIFLD Electric Substations (ArcGIS mirror of retired HIFLD Open),https://services5.arcgis.com/HDRa0B57OVrv2E1q/ArcGIS/rest/services/Electric_Substations/FeatureServer/0,2021-02-25,2026-09-21T20:31:55+00:00,"HIFLD substations within 15000 m of the site point; straight-line distance to each; nearest of any type, nearest >= 100 kV and >= 230 kV by MAX_VOLT; count and max MAX_VOLT within 10000 m","HIFLD mirror (dataset retired Aug 2025, layer edited 2021-02); per-row SOURCE may be OpenStreetMap; TAP = line tap, not a facility"
Ashland,sub_nearest_lines,2,ok,HIFLD Electric Substations (ArcGIS mirror of retired HIFLD Open),https://services5.arcgis.com/HDRa0B57OVrv2E1q/ArcGIS/rest/services/Electric_Substations/FeatureServer/0,2021-02-25,2026-09-21T20:31:55+00:00,"HIFLD substations within 15000 m of the site point; straight-line distance to each; nearest of any type, nearest >= 100 kV and >= 230 kV by MAX_VOLT; count and max MAX_VOLT within 10000 m","HIFLD mirror (dataset retired Aug 2025, layer edited 2021-02); per-row SOURCE may be OpenStreetMap; TAP = line tap, not a facility"
Ashland,sub_nearest_status,IN SERVICE,ok,HIFLD Electric Substations (ArcGIS mirror of retired HIFLD Open),https://services5.arcgis.com/HDRa0B57OVrv2E1q/ArcGIS/rest/services/Electric_Substations/FeatureServer/0,2021-02-25,2026-09-21T20:31:55+00:00,"HIFLD substations within 15000 m of the site point; straight-line distance to each; nearest of any type, nearest >= 100 kV and >= 230 kV by MAX_VOLT; count and max MAX_VOLT within 10000 m","HIFLD mirror (dataset retired Aug 2025, layer edited 2021-02); per-row SOURCE may be OpenStreetMap; TAP = line tap, not a facility"
Ashland,sub_nearest_source,IMAGERY,ok,HIFLD Electric Substations (ArcGIS mirror of retired HIFLD Open),https://services5.arcgis.com/HDRa0B57OVrv2E1q/ArcGIS/rest/services/Electric_Substations/FeatureServer/0,2021-02-25,2026-09-21T20:31:55+00:00,"HIFLD substations within 15000 m of the site point; straight-line distance to each; nearest of any type, nearest >= 100 kV and >= 230 kV by MAX_VOLT; count and max MAX_VOLT within 10000 m","HIFLD mirror (dataset retired Aug 2025, layer edited 2021-02); per-row SOURCE may be OpenStreetMap; TAP = line tap, not a facility"
Ashland,sub_nearest_id,121253,ok,HIFLD Electric Substations (ArcGIS mirror of retired HIFLD Open),https://services5.arcgis.com/HDRa0B57OVrv2E1q/ArcGIS/rest/services/Electric_Substations/FeatureServer/0,2021-02-25,2026-09-21T20:31:55+00:00,"HIFLD substations within 15000 m of the site point; straight-line distance to each; nearest of any type, nearest >= 100 kV and >= 230 kV by MAX_VOLT; count and max MAX_VOLT within 10000 m","HIFLD mirror (dataset retired Aug 2025, layer edited 2021-02); per-row SOURCE may be OpenStreetMap; TAP = line tap, not a facility"
Ashland,sub_100kv_nearest_m,3267.3,ok,HIFLD Electric Substations (ArcGIS mirror of retired HIFLD Open),https://services5.arcgis.com/HDRa0B57OVrv2E1q/ArcGIS/rest/services/Electric_Substations/FeatureServer/0,2021-02-25,2026-09-21T20:31:55+00:00,"HIFLD substations within 15000 m of the site point; straight-line distance to each; nearest of any type, nearest >= 100 kV and >= 230 kV by MAX_VOLT; count and max MAX_VOLT within 10000 m","HIFLD mirror (dataset retired Aug 2025, layer edited 2021-02); per-row SOURCE may be OpenStreetMap; TAP = line tap, not a facility"
Ashland,sub_100kv_nearest_name,[unnamed UNKNOWN121310],ok,HIFLD Electric Substations (ArcGIS mirror of retired HIFLD Open),https://services5.arcgis.com/HDRa0B57OVrv2E1q/ArcGIS/rest/services/Electric_Substations/FeatureServer/0,2021-02-25,2026-09-21T20:31:55+00:00,"HIFLD substations within 15000 m of the site point; straight-line distance to each; nearest of any type, nearest >= 100 kV and >= 230 kV by MAX_VOLT; count and max MAX_VOLT within 10000 m","HIFLD mirror (dataset retired Aug 2025, layer edited 2021-02); per-row SOURCE may be OpenStreetMap; TAP = line tap, not a facility"
Ashland,sub_100kv_max_kv,138.0,ok,HIFLD Electric Substations (ArcGIS mirror of retired HIFLD Open),https://services5.arcgis.com/HDRa0B57OVrv2E1q/ArcGIS/rest/services/Electric_Substations/FeatureServer/0,2021-02-25,2026-09-21T20:31:55+00:00,"HIFLD substations within 15000 m of the site point; straight-line distance to each; nearest of any type, nearest >= 100 kV and >= 230 kV by MAX_VOLT; count and max MAX_VOLT within 10000 m","HIFLD mirror (dataset retired Aug 2025, layer edited 2021-02); per-row SOURCE may be OpenStreetMap; TAP = line tap, not a facility"
Ashland,sub_100kv_lines,1,ok,HIFLD Electric Substations (ArcGIS mirror of retired HIFLD Open),https://services5.arcgis.com/HDRa0B57OVrv2E1q/ArcGIS/rest/services/Electric_Substations/FeatureServer/0,2021-02-25,2026-09-21T20:31:55+00:00,"HIFLD substations within 15000 m of the site point; straight-line distance to each; nearest of any type, nearest >= 100 kV and >= 230 kV by MAX_VOLT; count and max MAX_VOLT within 10000 m","HIFLD mirror (dataset retired Aug 2025, layer edited 2021-02); per-row SOURCE may be OpenStreetMap; TAP = line tap, not a facility"
Ashland,sub_230kv_nearest_m,,absent,HIFLD Electric Substations (ArcGIS mirror of retired HIFLD Open),https://services5.arcgis.com/HDRa0B57OVrv2E1q/ArcGIS/rest/services/Electric_Substations/FeatureServer/0,2021-02-25,2026-09-21T20:31:55+00:00,"HIFLD substations within 15000 m of the site point; straight-line distance to each; nearest of any type, nearest >= 100 kV and >= 230 kV by MAX_VOLT; count and max MAX_VOLT within 10000 m",no substation with MAX_VOLT >= 230 kV within 15000 m (voltage is unpublished for many records)
Ashland,sub_230kv_nearest_name,,absent,HIFLD Electric Substations (ArcGIS mirror of retired HIFLD Open),https://services5.arcgis.com/HDRa0B57OVrv2E1q/ArcGIS/rest/services/Electric_Substations/FeatureServer/0,2021-02-25,2026-09-21T20:31:55+00:00,"HIFLD substations within 15000 m of the site point; straight-line distance to each; nearest of any type, nearest >= 100 kV and >= 230 kV by MAX_VOLT; count and max MAX_VOLT within 10000 m",no substation with MAX_VOLT >= 230 kV within 15000 m (voltage is unpublished for many records)
Ashland,sub_230kv_max_kv,,absent,HIFLD Electric Substations (ArcGIS mirror of retired HIFLD Open),https://services5.arcgis.com/HDRa0B57OVrv2E1q/ArcGIS/rest/services/Electric_Substations/FeatureServer/0,2021-02-25,2026-09-21T20:31:55+00:00,"HIFLD substations within 15000 m of the site point; straight-line distance to each; nearest of any type, nearest >= 100 kV and >= 230 kV by MAX_VOLT; count and max MAX_VOLT within 10000 m",no substation with MAX_VOLT >= 230 kV within 15000 m (voltage is unpublished for many records)
Ashland,sub_count_within_10km,15,ok,HIFLD Electric Substations (ArcGIS mirror of retired HIFLD Open),https://services5.arcgis.com/HDRa0B57OVrv2E1q/ArcGIS/rest/services/Electric_Substations/FeatureServer/0,2021-02-25,2026-09-21T20:31:55+00:00,"HIFLD substations within 15000 m of the site point; straight-line distance to each; nearest of any type, nearest >= 100 kV and >= 230 kV by MAX_VOLT; count and max MAX_VOLT within 10000 m","HIFLD mirror (dataset retired Aug 2025, layer edited 2021-02); per-row SOURCE may be OpenStreetMap; TAP = line tap, not a facility"
Ashland,sub_max_kv_within_10km,138.0,ok,HIFLD Electric Substations (ArcGIS mirror of retired HIFLD Open),https://services5.arcgis.com/HDRa0B57OVrv2E1q/ArcGIS/rest/services/Electric_Substations/FeatureServer/0,2021-02-25,2026-09-21T20:31:55+00:00,"HIFLD substations within 15000 m of the site point; straight-line distance to each; nearest of any type, nearest >= 100 kV and >= 230 kV by MAX_VOLT; count and max MAX_VOLT within 10000 m","HIFLD mirror (dataset retired Aug 2025, layer edited 2021-02); per-row SOURCE may be OpenStreetMap; TAP = line tap, not a facility"
Baldwin_GA,sub_nearest_m,1297.7,ok,HIFLD Electric Substations (ArcGIS mirror of retired HIFLD Open),https://services5.arcgis.com/HDRa0B57OVrv2E1q/ArcGIS/rest/services/Electric_Substations/FeatureServer/0,2021-02-25,2026-09-21T20:31:55+00:00,"HIFLD substations within 15000 m of the site point; straight-line distance to each; nearest of any type, nearest >= 100 kV and >= 230 kV by MAX_VOLT; count and max MAX_VOLT within 10000 m","HIFLD mirror (dataset retired Aug 2025, layer edited 2021-02); per-row SOURCE may be OpenStreetMap; TAP = line tap, not a facility"
Baldwin_GA,sub_nearest_name,[unnamed UNKNOWN110332],ok,HIFLD Electric Substations (ArcGIS mirror of retired HIFLD Open),https://services5.arcgis.com/HDRa0B57OVrv2E1q/ArcGIS/rest/services/Electric_Substations/FeatureServer/0,2021-02-25,2026-09-21T20:31:55+00:00,"HIFLD substations within 15000 m of the site point; straight-line distance to each; nearest of any type, nearest >= 100 kV and >= 230 kV by MAX_VOLT; count and max MAX_VOLT within 10000 m","HIFLD mirror (dataset retired Aug 2025, layer edited 2021-02); per-row SOURCE may be OpenStreetMap; TAP = line tap, not a facility"
Baldwin_GA,sub_nearest_type,SUBSTATION,ok,HIFLD Electric Substations (ArcGIS mirror of retired HIFLD Open),https://services5.arcgis.com/HDRa0B57OVrv2E1q/ArcGIS/rest/services/Electric_Substations/FeatureServer/0,2021-02-25,2026-09-21T20:31:55+00:00,"HIFLD substations within 15000 m of the site point; straight-line distance to each; nearest of any type, nearest >= 100 kV and >= 230 kV by MAX_VOLT; count and max MAX_VOLT within 10000 m","HIFLD mirror (dataset retired Aug 2025, layer edited 2021-02); per-row SOURCE may be OpenStreetMap; TAP = line tap, not a facility"
Baldwin_GA,sub_nearest_max_kv,115.0,ok,HIFLD Electric Substations (ArcGIS mirror of retired HIFLD Open),https://services5.arcgis.com/HDRa0B57OVrv2E1q/ArcGIS/rest/services/Electric_Substations/FeatureServer/0,2021-02-25,2026-09-21T20:31:55+00:00,"HIFLD substations within 15000 m of the site point; straight-line distance to each; nearest of any type, nearest >= 100 kV and >= 230 kV by MAX_VOLT; count and max MAX_VOLT within 10000 m","HIFLD mirror (dataset retired Aug 2025, layer edited 2021-02); per-row SOURCE may be OpenStreetMap; TAP = line tap, not a facility"
Baldwin_GA,sub_nearest_min_kv,115.0,ok,HIFLD Electric Substations (ArcGIS mirror of retired HIFLD Open),https://services5.arcgis.com/HDRa0B57OVrv2E1q/ArcGIS/rest/services/Electric_Substations/FeatureServer/0,2021-02-25,2026-09-21T20:31:55+00:00,"HIFLD substations within 15000 m of the site point; straight-line distance to each; nearest of any type, nearest >= 100 kV and >= 230 kV by MAX_VOLT; count and max MAX_VOLT within 10000 m","HIFLD mirror (dataset retired Aug 2025, layer edited 2021-02); per-row SOURCE may be OpenStreetMap; TAP = line tap, not a facility"
Baldwin_GA,sub_nearest_kv_inferred,Y,ok,HIFLD Electric Substations (ArcGIS mirror of retired HIFLD Open),https://services5.arcgis.com/HDRa0B57OVrv2E1q/ArcGIS/rest/services/Electric_Substations/FeatureServer/0,2021-02-25,2026-09-21T20:31:55+00:00,"HIFLD substations within 15000 m of the site point; straight-line distance to each; nearest of any type, nearest >= 100 kV and >= 230 kV by MAX_VOLT; count and max MAX_VOLT within 10000 m","HIFLD mirror (dataset retired Aug 2025, layer edited 2021-02); per-row SOURCE may be OpenStreetMap; TAP = line tap, not a facility"
Baldwin_GA,sub_nearest_lines,1,ok,HIFLD Electric Substations (ArcGIS mirror of retired HIFLD Open),https://services5.arcgis.com/HDRa0B57OVrv2E1q/ArcGIS/rest/services/Electric_Substations/FeatureServer/0,2021-02-25,2026-09-21T20:31:55+00:00,"HIFLD substations within 15000 m of the site point; straight-line distance to each; nearest of any type, nearest >= 100 kV and >= 230 kV by MAX_VOLT; count and max MAX_VOLT within 10000 m","HIFLD mirror (dataset retired Aug 2025, layer edited 2021-02); per-row SOURCE may be OpenStreetMap; TAP = line tap, not a facility"
Baldwin_GA,sub_nearest_status,IN SERVICE,ok,HIFLD Electric Substations (ArcGIS mirror of retired HIFLD Open),https://services5.arcgis.com/HDRa0B57OVrv2E1q/ArcGIS/rest/services/Electric_Substations/FeatureServer/0,2021-02-25,2026-09-21T20:31:55+00:00,"HIFLD substations within 15000 m of the site point; straight-line distance to each; nearest of any type, nearest >= 100 kV and >= 230 kV by MAX_VOLT; count and max MAX_VOLT within 10000 m","HIFLD mirror (dataset retired Aug 2025, layer edited 2021-02); per-row SOURCE may be OpenStreetMap; TAP = line tap, not a facility"
Baldwin_GA,sub_nearest_source,IMAGERY,ok,HIFLD Electric Substations (ArcGIS mirror of retired HIFLD Open),https://services5.arcgis.com/HDRa0B57OVrv2E1q/ArcGIS/rest/services/Electric_Substations/FeatureServer/0,2021-02-25,2026-09-21T20:31:55+00:00,"HIFLD substations within 15000 m of the site point; straight-line distance to each; nearest of any type, nearest >= 100 kV and >= 230 kV by MAX_VOLT; count and max MAX_VOLT within 10000 m","HIFLD mirror (dataset retired Aug 2025, layer edited 2021-02); per-row SOURCE may be OpenStreetMap; TAP = line tap, not a facility"
Baldwin_GA,sub_nearest_id,110332,ok,HIFLD Electric Substations (ArcGIS mirror of retired HIFLD Open),https://services5.arcgis.com/HDRa0B57OVrv2E1q/ArcGIS/rest/services/Electric_Substations/FeatureServer/0,2021-02-25,2026-09-21T20:31:55+00:00,"HIFLD substations within 15000 m of the site point; straight-line distance to each; nearest of any type, nearest >= 100 kV and >= 230 kV by MAX_VOLT; count and max MAX_VOLT within 10000 m","HIFLD mirror (dataset retired Aug 2025, layer edited 2021-02); per-row SOURCE may be OpenStreetMap; TAP = line tap, not a facility"
Baldwin_GA,sub_100kv_nearest_m,1297.7,ok,HIFLD Electric Substations (ArcGIS mirror of retired HIFLD Open),https://services5.arcgis.com/HDRa0B57OVrv2E1q/ArcGIS/rest/services/Electric_Substations/FeatureServer/0,2021-02-25,2026-09-21T20:31:55+00:00,"HIFLD substations within 15000 m of the site point; straight-line distance to each; nearest of any type, nearest >= 100 kV and >= 230 kV by MAX_VOLT; count and max MAX_VOLT within 10000 m","HIFLD mirror (dataset retired Aug 2025, layer edited 2021-02); per-row SOURCE may be OpenStreetMap; TAP = line tap, not a facility"
Baldwin_GA,sub_100kv_nearest_name,[unnamed UNKNOWN110332],ok,HIFLD Electric Substations (ArcGIS mirror of retired HIFLD Open),https://services5.arcgis.com/HDRa0B57OVrv2E1q/ArcGIS/rest/services/Electric_Substations/FeatureServer/0,2021-02-25,2026-09-21T20:31:55+00:00,"HIFLD substations within 15000 m of the site point; straight-line distance to each; nearest of any type, nearest >= 100 kV and >= 230 kV by MAX_VOLT; count and max MAX_VOLT within 10000 m","HIFLD mirror (dataset retired Aug 2025, layer edited 2021-02); per-row SOURCE may be OpenStreetMap; TAP = line tap, not a facility"
Baldwin_GA,sub_100kv_max_kv,115.0,ok,HIFLD Electric Substations (ArcGIS mirror of retired HIFLD Open),https://services5.arcgis.com/HDRa0B57OVrv2E1q/ArcGIS/rest/services/Electric_Substations/FeatureServer/0,2021-02-25,2026-09-21T20:31:55+00:00,"HIFLD substations within 15000 m of the site point; straight-line distance to each; nearest of any type, nearest >= 100 kV and >= 230 kV by MAX_VOLT; count and max MAX_VOLT within 10000 m","HIFLD mirror (dataset retired Aug 2025, layer edited 2021-02); per-row SOURCE may be OpenStreetMap; TAP = line tap, not a facility"
Baldwin_GA,sub_100kv_lines,1,ok,HIFLD Electric Substations (ArcGIS mirror of retired HIFLD Open),https://services5.arcgis.com/HDRa0B57OVrv2E1q/ArcGIS/rest/services/Electric_Substations/FeatureServer/0,2021-02-25,2026-09-21T20:31:55+00:00,"HIFLD substations within 15000 m of the site point; straight-line distance to each; nearest of any type, nearest >= 100 kV and >= 230 kV by MAX_VOLT; count and max MAX_VOLT within 10000 m","HIFLD mirror (dataset retired Aug 2025, layer edited 2021-02); per-row SOURCE may be OpenStreetMap; TAP = line tap, not a facility"
Baldwin_GA,sub_230kv_nearest_m,12073.6,ok,HIFLD Electric Substations (ArcGIS mirror of retired HIFLD Open),https://services5.arcgis.com/HDRa0B57OVrv2E1q/ArcGIS/rest/services/Electric_Substations/FeatureServer/0,2021-02-25,2026-09-21T20:31:55+00:00,"HIFLD substations within 15000 m of the site point; straight-line distance to each; nearest of any type, nearest >= 100 kV and >= 230 kV by MAX_VOLT; count and max MAX_VOLT within 10000 m","HIFLD mirror (dataset retired Aug 2025, layer edited 2021-02); per-row SOURCE may be OpenStreetMap; TAP = line tap, not a facility"
Baldwin_GA,sub_230kv_nearest_name,[unnamed UNKNOWN111238],ok,HIFLD Electric Substations (ArcGIS mirror of retired HIFLD Open),https://services5.arcgis.com/HDRa0B57OVrv2E1q/ArcGIS/rest/services/Electric_Substations/FeatureServer/0,2021-02-25,2026-09-21T20:31:55+00:00,"HIFLD substations within 15000 m of the site point; straight-line distance to each; nearest of any type, nearest >= 100 kV and >= 230 kV by MAX_VOLT; count and max MAX_VOLT within 10000 m","HIFLD mirror (dataset retired Aug 2025, layer edited 2021-02); per-row SOURCE may be OpenStreetMap; TAP = line tap, not a facility"
Baldwin_GA,sub_230kv_max_kv,230.0,ok,HIFLD Electric Substations (ArcGIS mirror of retired HIFLD Open),https://services5.arcgis.com/HDRa0B57OVrv2E1q/ArcGIS/rest/services/Electric_Substations/FeatureServer/0,2021-02-25,2026-09-21T20:31:55+00:00,"HIFLD substations within 15000 m of the site point; straight-line distance to each; nearest of any type, nearest >= 100 kV and >= 230 kV by MAX_VOLT; count and max MAX_VOLT within 10000 m","HIFLD mirror (dataset retired Aug 2025, layer edited 2021-02); per-row SOURCE may be OpenStreetMap; TAP = line tap, not a facility"
Baldwin_GA,sub_count_within_10km,10,ok,HIFLD Electric Substations (ArcGIS mirror of retired HIFLD Open),https://services5.arcgis.com/HDRa0B57OVrv2E1q/ArcGIS/rest/services/Electric_Substations/FeatureServer/0,2021-02-25,2026-09-21T20:31:55+00:00,"HIFLD substations within 15000 m of the site point; straight-line distance to each; nearest of any type, nearest >= 100 kV and >= 230 kV by MAX_VOLT; count and max MAX_VOLT within 10000 m","HIFLD mirror (dataset retired Aug 2025, layer edited 2021-02); per-row SOURCE may be OpenStreetMap; TAP = line tap, not a facility"
Baldwin_GA,sub_max_kv_within_10km,115.0,ok,HIFLD Electric Substations (ArcGIS mirror of retired HIFLD Open),https://services5.arcgis.com/HDRa0B57OVrv2E1q/ArcGIS/rest/services/Electric_Substations/FeatureServer/0,2021-02-25,2026-09-21T20:31:55+00:00,"HIFLD substations within 15000 m of the site point; straight-line distance to each; nearest of any type, nearest >= 100 kV and >= 230 kV by MAX_VOLT; count and max MAX_VOLT within 10000 m","HIFLD mirror (dataset retired Aug 2025, layer edited 2021-02); per-row SOURCE may be OpenStreetMap; TAP = line tap, not a facility"
Northfield_OH,sub_nearest_m,1089.3,ok,HIFLD Electric Substations (ArcGIS mirror of retired HIFLD Open),https://services5.arcgis.com/HDRa0B57OVrv2E1q/ArcGIS/rest/services/Electric_Substations/FeatureServer/0,2021-02-25,2026-09-21T20:31:55+00:00,"HIFLD substations within 15000 m of the site point; straight-line distance to each; nearest of any type, nearest >= 100 kV and >= 230 kV by MAX_VOLT; count and max MAX_VOLT within 10000 m","HIFLD mirror (dataset retired Aug 2025, layer edited 2021-02); per-row SOURCE may be OpenStreetMap; TAP = line tap, not a facility"
Northfield_OH,sub_nearest_name,MACEDONIA,ok,HIFLD Electric Substations (ArcGIS mirror of retired HIFLD Open),https://services5.arcgis.com/HDRa0B57OVrv2E1q/ArcGIS/rest/services/Electric_Substations/FeatureServer/0,2021-02-25,2026-09-21T20:31:55+00:00,"HIFLD substations within 15000 m of the site point; straight-line distance to each; nearest of any type, nearest >= 100 kV and >= 230 kV by MAX_VOLT; count and max MAX_VOLT within 10000 m","HIFLD mirror (dataset retired Aug 2025, layer edited 2021-02); per-row SOURCE may be OpenStreetMap; TAP = line tap, not a facility"
Northfield_OH,sub_nearest_type,SUBSTATION,ok,HIFLD Electric Substations (ArcGIS mirror of retired HIFLD Open),https://services5.arcgis.com/HDRa0B57OVrv2E1q/ArcGIS/rest/services/Electric_Substations/FeatureServer/0,2021-02-25,2026-09-21T20:31:55+00:00,"HIFLD substations within 15000 m of the site point; straight-line distance to each; nearest of any type, nearest >= 100 kV and >= 230 kV by MAX_VOLT; count and max MAX_VOLT within 10000 m","HIFLD mirror (dataset retired Aug 2025, layer edited 2021-02); per-row SOURCE may be OpenStreetMap; TAP = line tap, not a facility"
Northfield_OH,sub_nearest_max_kv,,ok,HIFLD Electric Substations (ArcGIS mirror of retired HIFLD Open),https://services5.arcgis.com/HDRa0B57OVrv2E1q/ArcGIS/rest/services/Electric_Substations/FeatureServer/0,2021-02-25,2026-09-21T20:31:55+00:00,"HIFLD substations within 15000 m of the site point; straight-line distance to each; nearest of any type, nearest >= 100 kV and >= 230 kV by MAX_VOLT; count and max MAX_VOLT within 10000 m","HIFLD mirror (dataset retired Aug 2025, layer edited 2021-02); per-row SOURCE may be OpenStreetMap; TAP = line tap, not a facility"
Northfield_OH,sub_nearest_min_kv,,ok,HIFLD Electric Substations (ArcGIS mirror of retired HIFLD Open),https://services5.arcgis.com/HDRa0B57OVrv2E1q/ArcGIS/rest/services/Electric_Substations/FeatureServer/0,2021-02-25,2026-09-21T20:31:55+00:00,"HIFLD substations within 15000 m of the site point; straight-line distance to each; nearest of any type, nearest >= 100 kV and >= 230 kV by MAX_VOLT; count and max MAX_VOLT within 10000 m","HIFLD mirror (dataset retired Aug 2025, layer edited 2021-02); per-row SOURCE may be OpenStreetMap; TAP = line tap, not a facility"
Northfield_OH,sub_nearest_kv_inferred,N,ok,HIFLD Electric Substations (ArcGIS mirror of retired HIFLD Open),https://services5.arcgis.com/HDRa0B57OVrv2E1q/ArcGIS/rest/services/Electric_Substations/FeatureServer/0,2021-02-25,2026-09-21T20:31:55+00:00,"HIFLD substations within 15000 m of the site point; straight-line distance to each; nearest of any type, nearest >= 100 kV and >= 230 kV by MAX_VOLT; count and max MAX_VOLT within 10000 m","HIFLD mirror (dataset retired Aug 2025, layer edited 2021-02); per-row SOURCE may be OpenStreetMap; TAP = line tap, not a facility"
Northfield_OH,sub_nearest_lines,0,ok,HIFLD Electric Substations (ArcGIS mirror of retired HIFLD Open),https://services5.arcgis.com/HDRa0B57OVrv2E1q/ArcGIS/rest/services/Electric_Substations/FeatureServer/0,2021-02-25,2026-09-21T20:31:55+00:00,"HIFLD substations within 15000 m of the site point; straight-line distance to each; nearest of any type, nearest >= 100 kV and >= 230 kV by MAX_VOLT; count and max MAX_VOLT within 10000 m","HIFLD mirror (dataset retired Aug 2025, layer edited 2021-02); per-row SOURCE may be OpenStreetMap; TAP = line tap, not a facility"
Northfield_OH,sub_nearest_status,IN SERVICE,ok,HIFLD Electric Substations (ArcGIS mirror of retired HIFLD Open),https://services5.arcgis.com/HDRa0B57OVrv2E1q/ArcGIS/rest/services/Electric_Substations/FeatureServer/0,2021-02-25,2026-09-21T20:31:55+00:00,"HIFLD substations within 15000 m of the site point; straight-line distance to each; nearest of any type, nearest >= 100 kV and >= 230 kV by MAX_VOLT; count and max MAX_VOLT within 10000 m","HIFLD mirror (dataset retired Aug 2025, layer edited 2021-02); per-row SOURCE may be OpenStreetMap; TAP = line tap, not a facility"
Northfield_OH,sub_nearest_source,OpenStreetMap,ok,HIFLD Electric Substations (ArcGIS mirror of retired HIFLD Open),https://services5.arcgis.com/HDRa0B57OVrv2E1q/ArcGIS/rest/services/Electric_Substations/FeatureServer/0,2021-02-25,2026-09-21T20:31:55+00:00,"HIFLD substations within 15000 m of the site point; straight-line distance to each; nearest of any type, nearest >= 100 kV and >= 230 kV by MAX_VOLT; count and max MAX_VOLT within 10000 m","HIFLD mirror (dataset retired Aug 2025, layer edited 2021-02); per-row SOURCE may be OpenStreetMap; TAP = line tap, not a facility"
Northfield_OH,sub_nearest_id,152373,ok,HIFLD Electric Substations (ArcGIS mirror of retired HIFLD Open),https://services5.arcgis.com/HDRa0B57OVrv2E1q/ArcGIS/rest/services/Electric_Substations/FeatureServer/0,2021-02-25,2026-09-21T20:31:55+00:00,"HIFLD substations within 15000 m of the site point; straight-line distance to each; nearest of any type, nearest >= 100 kV and >= 230 kV by MAX_VOLT; count and max MAX_VOLT within 10000 m","HIFLD mirror (dataset retired Aug 2025, layer edited 2021-02); per-row SOURCE may be OpenStreetMap; TAP = line tap, not a facility"
Northfield_OH,sub_100kv_nearest_m,3762.6,ok,HIFLD Electric Substations (ArcGIS mirror of retired HIFLD Open),https://services5.arcgis.com/HDRa0B57OVrv2E1q/ArcGIS/rest/services/Electric_Substations/FeatureServer/0,2021-02-25,2026-09-21T20:31:55+00:00,"HIFLD substations within 15000 m of the site point; straight-line distance to each; nearest of any type, nearest >= 100 kV and >= 230 kV by MAX_VOLT; count and max MAX_VOLT within 10000 m","HIFLD mirror (dataset retired Aug 2025, layer edited 2021-02); per-row SOURCE may be OpenStreetMap; TAP = line tap, not a facility"
Northfield_OH,sub_100kv_nearest_name,TAP137177,ok,HIFLD Electric Substations (ArcGIS mirror of retired HIFLD Open),https://services5.arcgis.com/HDRa0B57OVrv2E1q/ArcGIS/rest/services/Electric_Substations/FeatureServer/0,2021-02-25,2026-09-21T20:31:55+00:00,"HIFLD substations within 15000 m of the site point; straight-line distance to each; nearest of any type, nearest >= 100 kV and >= 230 kV by MAX_VOLT; count and max MAX_VOLT within 10000 m","HIFLD mirror (dataset retired Aug 2025, layer edited 2021-02); per-row SOURCE may be OpenStreetMap; TAP = line tap, not a facility"
Northfield_OH,sub_100kv_max_kv,138.0,ok,HIFLD Electric Substations (ArcGIS mirror of retired HIFLD Open),https://services5.arcgis.com/HDRa0B57OVrv2E1q/ArcGIS/rest/services/Electric_Substations/FeatureServer/0,2021-02-25,2026-09-21T20:31:55+00:00,"HIFLD substations within 15000 m of the site point; straight-line distance to each; nearest of any type, nearest >= 100 kV and >= 230 kV by MAX_VOLT; count and max MAX_VOLT within 10000 m","HIFLD mirror (dataset retired Aug 2025, layer edited 2021-02); per-row SOURCE may be OpenStreetMap; TAP = line tap, not a facility"
Northfield_OH,sub_100kv_lines,3,ok,HIFLD Electric Substations (ArcGIS mirror of retired HIFLD Open),https://services5.arcgis.com/HDRa0B57OVrv2E1q/ArcGIS/rest/services/Electric_Substations/FeatureServer/0,2021-02-25,2026-09-21T20:31:55+00:00,"HIFLD substations within 15000 m of the site point; straight-line distance to each; nearest of any type, nearest >= 100 kV and >= 230 kV by MAX_VOLT; count and max MAX_VOLT within 10000 m","HIFLD mirror (dataset retired Aug 2025, layer edited 2021-02); per-row SOURCE may be OpenStreetMap; TAP = line tap, not a facility"
Northfield_OH,sub_230kv_nearest_m,5409.4,ok,HIFLD Electric Substations (ArcGIS mirror of retired HIFLD Open),https://services5.arcgis.com/HDRa0B57OVrv2E1q/ArcGIS/rest/services/Electric_Substations/FeatureServer/0,2021-02-25,2026-09-21T20:31:55+00:00,"HIFLD substations within 15000 m of the site point; straight-line distance to each; nearest of any type, nearest >= 100 kV and >= 230 kV by MAX_VOLT; count and max MAX_VOLT within 10000 m","HIFLD mirror (dataset retired Aug 2025, layer edited 2021-02); per-row SOURCE may be OpenStreetMap; TAP = line tap, not a facility"
Northfield_OH,sub_230kv_nearest_name,CHAMBERLIN,ok,HIFLD Electric Substations (ArcGIS mirror of retired HIFLD Open),https://services5.arcgis.com/HDRa0B57OVrv2E1q/ArcGIS/rest/services/Electric_Substations/FeatureServer/0,2021-02-25,2026-09-21T20:31:55+00:00,"HIFLD substations within 15000 m of the site point; straight-line distance to each; nearest of any type, nearest >= 100 kV and >= 230 kV by MAX_VOLT; count and max MAX_VOLT within 10000 m","HIFLD mirror (dataset retired Aug 2025, layer edited 2021-02); per-row SOURCE may be OpenStreetMap; TAP = line tap, not a facility"
Northfield_OH,sub_230kv_max_kv,345.0,ok,HIFLD Electric Substations (ArcGIS mirror of retired HIFLD Open),https://services5.arcgis.com/HDRa0B57OVrv2E1q/ArcGIS/rest/services/Electric_Substations/FeatureServer/0,2021-02-25,2026-09-21T20:31:55+00:00,"HIFLD substations within 15000 m of the site point; straight-line distance to each; nearest of any type, nearest >= 100 kV and >= 230 kV by MAX_VOLT; count and max MAX_VOLT within 10000 m","HIFLD mirror (dataset retired Aug 2025, layer edited 2021-02); per-row SOURCE may be OpenStreetMap; TAP = line tap, not a facility"
Northfield_OH,sub_count_within_10km,23,ok,HIFLD Electric Substations (ArcGIS mirror of retired HIFLD Open),https://services5.arcgis.com/HDRa0B57OVrv2E1q/ArcGIS/rest/services/Electric_Substations/FeatureServer/0,2021-02-25,2026-09-21T20:31:55+00:00,"HIFLD substations within 15000 m of the site point; straight-line distance to each; nearest of any type, nearest >= 100 kV and >= 230 kV by MAX_VOLT; count and max MAX_VOLT within 10000 m","HIFLD mirror (dataset retired Aug 2025, layer edited 2021-02); per-row SOURCE may be OpenStreetMap; TAP = line tap, not a facility"
Northfield_OH,sub_max_kv_within_10km,345.0,ok,HIFLD Electric Substations (ArcGIS mirror of retired HIFLD Open),https://services5.arcgis.com/HDRa0B57OVrv2E1q/ArcGIS/rest/services/Electric_Substations/FeatureServer/0,2021-02-25,2026-09-21T20:31:55+00:00,"HIFLD substations within 15000 m of the site point; straight-line distance to each; nearest of any type, nearest >= 100 kV and >= 230 kV by MAX_VOLT; count and max MAX_VOLT within 10000 m","HIFLD mirror (dataset retired Aug 2025, layer edited 2021-02); per-row SOURCE may be OpenStreetMap; TAP = line tap, not a facility"
Hudson_OH,sub_nearest_m,1050.6,ok,HIFLD Electric Substations (ArcGIS mirror of retired HIFLD Open),https://services5.arcgis.com/HDRa0B57OVrv2E1q/ArcGIS/rest/services/Electric_Substations/FeatureServer/0,2021-02-25,2026-09-21T20:31:55+00:00,"HIFLD substations within 15000 m of the site point; straight-line distance to each; nearest of any type, nearest >= 100 kV and >= 230 kV by MAX_VOLT; count and max MAX_VOLT within 10000 m","HIFLD mirror (dataset retired Aug 2025, layer edited 2021-02); per-row SOURCE may be OpenStreetMap; TAP = line tap, not a facility"
Hudson_OH,sub_nearest_name,DARROW,ok,HIFLD Electric Substations (ArcGIS mirror of retired HIFLD Open),https://services5.arcgis.com/HDRa0B57OVrv2E1q/ArcGIS/rest/services/Electric_Substations/FeatureServer/0,2021-02-25,2026-09-21T20:31:55+00:00,"HIFLD substations within 15000 m of the site point; straight-line distance to each; nearest of any type, nearest >= 100 kV and >= 230 kV by MAX_VOLT; count and max MAX_VOLT within 10000 m","HIFLD mirror (dataset retired Aug 2025, layer edited 2021-02); per-row SOURCE may be OpenStreetMap; TAP = line tap, not a facility"
Hudson_OH,sub_nearest_type,SUBSTATION,ok,HIFLD Electric Substations (ArcGIS mirror of retired HIFLD Open),https://services5.arcgis.com/HDRa0B57OVrv2E1q/ArcGIS/rest/services/Electric_Substations/FeatureServer/0,2021-02-25,2026-09-21T20:31:55+00:00,"HIFLD substations within 15000 m of the site point; straight-line distance to each; nearest of any type, nearest >= 100 kV and >= 230 kV by MAX_VOLT; count and max MAX_VOLT within 10000 m","HIFLD mirror (dataset retired Aug 2025, layer edited 2021-02); per-row SOURCE may be OpenStreetMap; TAP = line tap, not a facility"
Hudson_OH,sub_nearest_max_kv,138.0,ok,HIFLD Electric Substations (ArcGIS mirror of retired HIFLD Open),https://services5.arcgis.com/HDRa0B57OVrv2E1q/ArcGIS/rest/services/Electric_Substations/FeatureServer/0,2021-02-25,2026-09-21T20:31:55+00:00,"HIFLD substations within 15000 m of the site point; straight-line distance to each; nearest of any type, nearest >= 100 kV and >= 230 kV by MAX_VOLT; count and max MAX_VOLT within 10000 m","HIFLD mirror (dataset retired Aug 2025, layer edited 2021-02); per-row SOURCE may be OpenStreetMap; TAP = line tap, not a facility"
Hudson_OH,sub_nearest_min_kv,,ok,HIFLD Electric Substations (ArcGIS mirror of retired HIFLD Open),https://services5.arcgis.com/HDRa0B57OVrv2E1q/ArcGIS/rest/services/Electric_Substations/FeatureServer/0,2021-02-25,2026-09-21T20:31:55+00:00,"HIFLD substations within 15000 m of the site point; straight-line distance to each; nearest of any type, nearest >= 100 kV and >= 230 kV by MAX_VOLT; count and max MAX_VOLT within 10000 m","HIFLD mirror (dataset retired Aug 2025, layer edited 2021-02); per-row SOURCE may be OpenStreetMap; TAP = line tap, not a facility"
Hudson_OH,sub_nearest_kv_inferred,Y,ok,HIFLD Electric Substations (ArcGIS mirror of retired HIFLD Open),https://services5.arcgis.com/HDRa0B57OVrv2E1q/ArcGIS/rest/services/Electric_Substations/FeatureServer/0,2021-02-25,2026-09-21T20:31:55+00:00,"HIFLD substations within 15000 m of the site point; straight-line distance to each; nearest of any type, nearest >= 100 kV and >= 230 kV by MAX_VOLT; count and max MAX_VOLT within 10000 m","HIFLD mirror (dataset retired Aug 2025, layer edited 2021-02); per-row SOURCE may be OpenStreetMap; TAP = line tap, not a facility"
Hudson_OH,sub_nearest_lines,3,ok,HIFLD Electric Substations (ArcGIS mirror of retired HIFLD Open),https://services5.arcgis.com/HDRa0B57OVrv2E1q/ArcGIS/rest/services/Electric_Substations/FeatureServer/0,2021-02-25,2026-09-21T20:31:55+00:00,"HIFLD substations within 15000 m of the site point; straight-line distance to each; nearest of any type, nearest >= 100 kV and >= 230 kV by MAX_VOLT; count and max MAX_VOLT within 10000 m","HIFLD mirror (dataset retired Aug 2025, layer edited 2021-02); per-row SOURCE may be OpenStreetMap; TAP = line tap, not a facility"
Hudson_OH,sub_nearest_status,IN SERVICE,ok,HIFLD Electric Substations (ArcGIS mirror of retired HIFLD Open),https://services5.arcgis.com/HDRa0B57OVrv2E1q/ArcGIS/rest/services/Electric_Substations/FeatureServer/0,2021-02-25,2026-09-21T20:31:55+00:00,"HIFLD substations within 15000 m of the site point; straight-line distance to each; nearest of any type, nearest >= 100 kV and >= 230 kV by MAX_VOLT; count and max MAX_VOLT within 10000 m","HIFLD mirror (dataset retired Aug 2025, layer edited 2021-02); per-row SOURCE may be OpenStreetMap; TAP = line tap, not a facility"
Hudson_OH,sub_nearest_source,OpenStreetMap,ok,HIFLD Electric Substations (ArcGIS mirror of retired HIFLD Open),https://services5.arcgis.com/HDRa0B57OVrv2E1q/ArcGIS/rest/services/Electric_Substations/FeatureServer/0,2021-02-25,2026-09-21T20:31:55+00:00,"HIFLD substations within 15000 m of the site point; straight-line distance to each; nearest of any type, nearest >= 100 kV and >= 230 kV by MAX_VOLT; count and max MAX_VOLT within 10000 m","HIFLD mirror (dataset retired Aug 2025, layer edited 2021-02); per-row SOURCE may be OpenStreetMap; TAP = line tap, not a facility"
Hudson_OH,sub_nearest_id,152326,ok,HIFLD Electric Substations (ArcGIS mirror of retired HIFLD Open),https://services5.arcgis.com/HDRa0B57OVrv2E1q/ArcGIS/rest/services/Electric_Substations/FeatureServer/0,2021-02-25,2026-09-21T20:31:55+00:00,"HIFLD substations within 15000 m of the site point; straight-line distance to each; nearest of any type, nearest >= 100 kV and >= 230 kV by MAX_VOLT; count and max MAX_VOLT within 10000 m","HIFLD mirror (dataset retired Aug 2025, layer edited 2021-02); per-row SOURCE may be OpenStreetMap; TAP = line tap, not a facility"
Hudson_OH,sub_100kv_nearest_m,1050.6,ok,HIFLD Electric Substations (ArcGIS mirror of retired HIFLD Open),https://services5.arcgis.com/HDRa0B57OVrv2E1q/ArcGIS/rest/services/Electric_Substations/FeatureServer/0,2021-02-25,2026-09-21T20:31:55+00:00,"HIFLD substations within 15000 m of the site point; straight-line distance to each; nearest of any type, nearest >= 100 kV and >= 230 kV by MAX_VOLT; count and max MAX_VOLT within 10000 m","HIFLD mirror (dataset retired Aug 2025, layer edited 2021-02); per-row SOURCE may be OpenStreetMap; TAP = line tap, not a facility"
Hudson_OH,sub_100kv_nearest_name,DARROW,ok,HIFLD Electric Substations (ArcGIS mirror of retired HIFLD Open),https://services5.arcgis.com/HDRa0B57OVrv2E1q/ArcGIS/rest/services/Electric_Substations/FeatureServer/0,2021-02-25,2026-09-21T20:31:55+00:00,"HIFLD substations within 15000 m of the site point; straight-line distance to each; nearest of any type, nearest >= 100 kV and >= 230 kV by MAX_VOLT; count and max MAX_VOLT within 10000 m","HIFLD mirror (dataset retired Aug 2025, layer edited 2021-02); per-row SOURCE may be OpenStreetMap; TAP = line tap, not a facility"
Hudson_OH,sub_100kv_max_kv,138.0,ok,HIFLD Electric Substations (ArcGIS mirror of retired HIFLD Open),https://services5.arcgis.com/HDRa0B57OVrv2E1q/ArcGIS/rest/services/Electric_Substations/FeatureServer/0,2021-02-25,2026-09-21T20:31:55+00:00,"HIFLD substations within 15000 m of the site point; straight-line distance to each; nearest of any type, nearest >= 100 kV and >= 230 kV by MAX_VOLT; count and max MAX_VOLT within 10000 m","HIFLD mirror (dataset retired Aug 2025, layer edited 2021-02); per-row SOURCE may be OpenStreetMap; TAP = line tap, not a facility"
Hudson_OH,sub_100kv_lines,3,ok,HIFLD Electric Substations (ArcGIS mirror of retired HIFLD Open),https://services5.arcgis.com/HDRa0B57OVrv2E1q/ArcGIS/rest/services/Electric_Substations/FeatureServer/0,2021-02-25,2026-09-21T20:31:55+00:00,"HIFLD substations within 15000 m of the site point; straight-line distance to each; nearest of any type, nearest >= 100 kV and >= 230 kV by MAX_VOLT; count and max MAX_VOLT within 10000 m","HIFLD mirror (dataset retired Aug 2025, layer edited 2021-02); per-row SOURCE may be OpenStreetMap; TAP = line tap, not a facility"
Hudson_OH,sub_230kv_nearest_m,9906.4,ok,HIFLD Electric Substations (ArcGIS mirror of retired HIFLD Open),https://services5.arcgis.com/HDRa0B57OVrv2E1q/ArcGIS/rest/services/Electric_Substations/FeatureServer/0,2021-02-25,2026-09-21T20:31:55+00:00,"HIFLD substations within 15000 m of the site point; straight-line distance to each; nearest of any type, nearest >= 100 kV and >= 230 kV by MAX_VOLT; count and max MAX_VOLT within 10000 m","HIFLD mirror (dataset retired Aug 2025, layer edited 2021-02); per-row SOURCE may be OpenStreetMap; TAP = line tap, not a facility"
Hudson_OH,sub_230kv_nearest_name,CHAMBERLIN,ok,HIFLD Electric Substations (ArcGIS mirror of retired HIFLD Open),https://services5.arcgis.com/HDRa0B57OVrv2E1q/ArcGIS/rest/services/Electric_Substations/FeatureServer/0,2021-02-25,2026-09-21T20:31:55+00:00,"HIFLD substations within 15000 m of the site point; straight-line distance to each; nearest of any type, nearest >= 100 kV and >= 230 kV by MAX_VOLT; count and max MAX_VOLT within 10000 m","HIFLD mirror (dataset retired Aug 2025, layer edited 2021-02); per-row SOURCE may be OpenStreetMap; TAP = line tap, not a facility"
Hudson_OH,sub_230kv_max_kv,345.0,ok,HIFLD Electric Substations (ArcGIS mirror of retired HIFLD Open),https://services5.arcgis.com/HDRa0B57OVrv2E1q/ArcGIS/rest/services/Electric_Substations/FeatureServer/0,2021-02-25,2026-09-21T20:31:55+00:00,"HIFLD substations within 15000 m of the site point; straight-line distance to each; nearest of any type, nearest >= 100 kV and >= 230 kV by MAX_VOLT; count and max MAX_VOLT within 10000 m","HIFLD mirror (dataset retired Aug 2025, layer edited 2021-02); per-row SOURCE may be OpenStreetMap; TAP = line tap, not a facility"
Hudson_OH,sub_count_within_10km,21,ok,HIFLD Electric Substations (ArcGIS mirror of retired HIFLD Open),https://services5.arcgis.com/HDRa0B57OVrv2E1q/ArcGIS/rest/services/Electric_Substations/FeatureServer/0,2021-02-25,2026-09-21T20:31:55+00:00,"HIFLD substations within 15000 m of the site point; straight-line distance to each; nearest of any type, nearest >= 100 kV and >= 230 kV by MAX_VOLT; count and max MAX_VOLT within 10000 m","HIFLD mirror (dataset retired Aug 2025, layer edited 2021-02); per-row SOURCE may be OpenStreetMap; TAP = line tap, not a facility"
Hudson_OH,sub_max_kv_within_10km,345.0,ok,HIFLD Electric Substations (ArcGIS mirror of retired HIFLD Open),https://services5.arcgis.com/HDRa0B57OVrv2E1q/ArcGIS/rest/services/Electric_Substations/FeatureServer/0,2021-02-25,2026-09-21T20:31:55+00:00,"HIFLD substations within 15000 m of the site point; straight-line distance to each; nearest of any type, nearest >= 100 kV and >= 230 kV by MAX_VOLT; count and max MAX_VOLT within 10000 m","HIFLD mirror (dataset retired Aug 2025, layer edited 2021-02); per-row SOURCE may be OpenStreetMap; TAP = line tap, not a facility"
Newark_OH,sub_nearest_m,926.2,ok,HIFLD Electric Substations (ArcGIS mirror of retired HIFLD Open),https://services5.arcgis.com/HDRa0B57OVrv2E1q/ArcGIS/rest/services/Electric_Substations/FeatureServer/0,2021-02-25,2026-09-21T20:31:55+00:00,"HIFLD substations within 15000 m of the site point; straight-line distance to each; nearest of any type, nearest >= 100 kV and >= 230 kV by MAX_VOLT; count and max MAX_VOLT within 10000 m","HIFLD mirror (dataset retired Aug 2025, layer edited 2021-02); per-row SOURCE may be OpenStreetMap; TAP = line tap, not a facility"
Newark_OH,sub_nearest_name,[unnamed UNKNOWN112977],ok,HIFLD Electric Substations (ArcGIS mirror of retired HIFLD Open),https://services5.arcgis.com/HDRa0B57OVrv2E1q/ArcGIS/rest/services/Electric_Substations/FeatureServer/0,2021-02-25,2026-09-21T20:31:55+00:00,"HIFLD substations within 15000 m of the site point; straight-line distance to each; nearest of any type, nearest >= 100 kV and >= 230 kV by MAX_VOLT; count and max MAX_VOLT within 10000 m","HIFLD mirror (dataset retired Aug 2025, layer edited 2021-02); per-row SOURCE may be OpenStreetMap; TAP = line tap, not a facility"
Newark_OH,sub_nearest_type,SUBSTATION,ok,HIFLD Electric Substations (ArcGIS mirror of retired HIFLD Open),https://services5.arcgis.com/HDRa0B57OVrv2E1q/ArcGIS/rest/services/Electric_Substations/FeatureServer/0,2021-02-25,2026-09-21T20:31:55+00:00,"HIFLD substations within 15000 m of the site point; straight-line distance to each; nearest of any type, nearest >= 100 kV and >= 230 kV by MAX_VOLT; count and max MAX_VOLT within 10000 m","HIFLD mirror (dataset retired Aug 2025, layer edited 2021-02); per-row SOURCE may be OpenStreetMap; TAP = line tap, not a facility"
Newark_OH,sub_nearest_max_kv,,ok,HIFLD Electric Substations (ArcGIS mirror of retired HIFLD Open),https://services5.arcgis.com/HDRa0B57OVrv2E1q/ArcGIS/rest/services/Electric_Substations/FeatureServer/0,2021-02-25,2026-09-21T20:31:55+00:00,"HIFLD substations within 15000 m of the site point; straight-line distance to each; nearest of any type, nearest >= 100 kV and >= 230 kV by MAX_VOLT; count and max MAX_VOLT within 10000 m","HIFLD mirror (dataset retired Aug 2025, layer edited 2021-02); per-row SOURCE may be OpenStreetMap; TAP = line tap, not a facility"
Newark_OH,sub_nearest_min_kv,,ok,HIFLD Electric Substations (ArcGIS mirror of retired HIFLD Open),https://services5.arcgis.com/HDRa0B57OVrv2E1q/ArcGIS/rest/services/Electric_Substations/FeatureServer/0,2021-02-25,2026-09-21T20:31:55+00:00,"HIFLD substations within 15000 m of the site point; straight-line distance to each; nearest of any type, nearest >= 100 kV and >= 230 kV by MAX_VOLT; count and max MAX_VOLT within 10000 m","HIFLD mirror (dataset retired Aug 2025, layer edited 2021-02); per-row SOURCE may be OpenStreetMap; TAP = line tap, not a facility"
Newark_OH,sub_nearest_kv_inferred,N,ok,HIFLD Electric Substations (ArcGIS mirror of retired HIFLD Open),https://services5.arcgis.com/HDRa0B57OVrv2E1q/ArcGIS/rest/services/Electric_Substations/FeatureServer/0,2021-02-25,2026-09-21T20:31:55+00:00,"HIFLD substations within 15000 m of the site point; straight-line distance to each; nearest of any type, nearest >= 100 kV and >= 230 kV by MAX_VOLT; count and max MAX_VOLT within 10000 m","HIFLD mirror (dataset retired Aug 2025, layer edited 2021-02); per-row SOURCE may be OpenStreetMap; TAP = line tap, not a facility"
Newark_OH,sub_nearest_lines,5,ok,HIFLD Electric Substations (ArcGIS mirror of retired HIFLD Open),https://services5.arcgis.com/HDRa0B57OVrv2E1q/ArcGIS/rest/services/Electric_Substations/FeatureServer/0,2021-02-25,2026-09-21T20:31:55+00:00,"HIFLD substations within 15000 m of the site point; straight-line distance to each; nearest of any type, nearest >= 100 kV and >= 230 kV by MAX_VOLT; count and max MAX_VOLT within 10000 m","HIFLD mirror (dataset retired Aug 2025, layer edited 2021-02); per-row SOURCE may be OpenStreetMap; TAP = line tap, not a facility"
Newark_OH,sub_nearest_status,IN SERVICE,ok,HIFLD Electric Substations (ArcGIS mirror of retired HIFLD Open),https://services5.arcgis.com/HDRa0B57OVrv2E1q/ArcGIS/rest/services/Electric_Substations/FeatureServer/0,2021-02-25,2026-09-21T20:31:55+00:00,"HIFLD substations within 15000 m of the site point; straight-line distance to each; nearest of any type, nearest >= 100 kV and >= 230 kV by MAX_VOLT; count and max MAX_VOLT within 10000 m","HIFLD mirror (dataset retired Aug 2025, layer edited 2021-02); per-row SOURCE may be OpenStreetMap; TAP = line tap, not a facility"
Newark_OH,sub_nearest_source,OpenStreetMap,ok,HIFLD Electric Substations (ArcGIS mirror of retired HIFLD Open),https://services5.arcgis.com/HDRa0B57OVrv2E1q/ArcGIS/rest/services/Electric_Substations/FeatureServer/0,2021-02-25,2026-09-21T20:31:55+00:00,"HIFLD substations within 15000 m of the site point; straight-line distance to each; nearest of any type, nearest >= 100 kV and >= 230 kV by MAX_VOLT; count and max MAX_VOLT within 10000 m","HIFLD mirror (dataset retired Aug 2025, layer edited 2021-02); per-row SOURCE may be OpenStreetMap; TAP = line tap, not a facility"
Newark_OH,sub_nearest_id,112977,ok,HIFLD Electric Substations (ArcGIS mirror of retired HIFLD Open),https://services5.arcgis.com/HDRa0B57OVrv2E1q/ArcGIS/rest/services/Electric_Substations/FeatureServer/0,2021-02-25,2026-09-21T20:31:55+00:00,"HIFLD substations within 15000 m of the site point; straight-line distance to each; nearest of any type, nearest >= 100 kV and >= 230 kV by MAX_VOLT; count and max MAX_VOLT within 10000 m","HIFLD mirror (dataset retired Aug 2025, layer edited 2021-02); per-row SOURCE may be OpenStreetMap; TAP = line tap, not a facility"
Newark_OH,sub_100kv_nearest_m,3363.1,ok,HIFLD Electric Substations (ArcGIS mirror of retired HIFLD Open),https://services5.arcgis.com/HDRa0B57OVrv2E1q/ArcGIS/rest/services/Electric_Substations/FeatureServer/0,2021-02-25,2026-09-21T20:31:55+00:00,"HIFLD substations within 15000 m of the site point; straight-line distance to each; nearest of any type, nearest >= 100 kV and >= 230 kV by MAX_VOLT; count and max MAX_VOLT within 10000 m","HIFLD mirror (dataset retired Aug 2025, layer edited 2021-02); per-row SOURCE may be OpenStreetMap; TAP = line tap, not a facility"
Newark_OH,sub_100kv_nearest_name,[unnamed UNKNOWN114950],ok,HIFLD Electric Substations (ArcGIS mirror of retired HIFLD Open),https://services5.arcgis.com/HDRa0B57OVrv2E1q/ArcGIS/rest/services/Electric_Substations/FeatureServer/0,2021-02-25,2026-09-21T20:31:55+00:00,"HIFLD substations within 15000 m of the site point; straight-line distance to each; nearest of any type, nearest >= 100 kV and >= 230 kV by MAX_VOLT; count and max MAX_VOLT within 10000 m","HIFLD mirror (dataset retired Aug 2025, layer edited 2021-02); per-row SOURCE may be OpenStreetMap; TAP = line tap, not a facility"
Newark_OH,sub_100kv_max_kv,138.0,ok,HIFLD Electric Substations (ArcGIS mirror of retired HIFLD Open),https://services5.arcgis.com/HDRa0B57OVrv2E1q/ArcGIS/rest/services/Electric_Substations/FeatureServer/0,2021-02-25,2026-09-21T20:31:55+00:00,"HIFLD substations within 15000 m of the site point; straight-line distance to each; nearest of any type, nearest >= 100 kV and >= 230 kV by MAX_VOLT; count and max MAX_VOLT within 10000 m","HIFLD mirror (dataset retired Aug 2025, layer edited 2021-02); per-row SOURCE may be OpenStreetMap; TAP = line tap, not a facility"
Newark_OH,sub_100kv_lines,6,ok,HIFLD Electric Substations (ArcGIS mirror of retired HIFLD Open),https://services5.arcgis.com/HDRa0B57OVrv2E1q/ArcGIS/rest/services/Electric_Substations/FeatureServer/0,2021-02-25,2026-09-21T20:31:55+00:00,"HIFLD substations within 15000 m of the site point; straight-line distance to each; nearest of any type, nearest >= 100 kV and >= 230 kV by MAX_VOLT; count and max MAX_VOLT within 10000 m","HIFLD mirror (dataset retired Aug 2025, layer edited 2021-02); per-row SOURCE may be OpenStreetMap; TAP = line tap, not a facility"
Newark_OH,sub_230kv_nearest_m,,absent,HIFLD Electric Substations (ArcGIS mirror of retired HIFLD Open),https://services5.arcgis.com/HDRa0B57OVrv2E1q/ArcGIS/rest/services/Electric_Substations/FeatureServer/0,2021-02-25,2026-09-21T20:31:55+00:00,"HIFLD substations within 15000 m of the site point; straight-line distance to each; nearest of any type, nearest >= 100 kV and >= 230 kV by MAX_VOLT; count and max MAX_VOLT within 10000 m",no substation with MAX_VOLT >= 230 kV within 15000 m (voltage is unpublished for many records)
Newark_OH,sub_230kv_nearest_name,,absent,HIFLD Electric Substations (ArcGIS mirror of retired HIFLD Open),https://services5.arcgis.com/HDRa0B57OVrv2E1q/ArcGIS/rest/services/Electric_Substations/FeatureServer/0,2021-02-25,2026-09-21T20:31:55+00:00,"HIFLD substations within 15000 m of the site point; straight-line distance to each; nearest of any type, nearest >= 100 kV and >= 230 kV by MAX_VOLT; count and max MAX_VOLT within 10000 m",no substation with MAX_VOLT >= 230 kV within 15000 m (voltage is unpublished for many records)
Newark_OH,sub_230kv_max_kv,,absent,HIFLD Electric Substations (ArcGIS mirror of retired HIFLD Open),https://services5.arcgis.com/HDRa0B57OVrv2E1q/ArcGIS/rest/services/Electric_Substations/FeatureServer/0,2021-02-25,2026-09-21T20:31:55+00:00,"HIFLD substations within 15000 m of the site point; straight-line distance to each; nearest of any type, nearest >= 100 kV and >= 230 kV by MAX_VOLT; count and max MAX_VOLT within 10000 m",no substation with MAX_VOLT >= 230 kV within 15000 m (voltage is unpublished for many records)
Newark_OH,sub_count_within_10km,21,ok,HIFLD Electric Substations (ArcGIS mirror of retired HIFLD Open),https://services5.arcgis.com/HDRa0B57OVrv2E1q/ArcGIS/rest/services/Electric_Substations/FeatureServer/0,2021-02-25,2026-09-21T20:31:55+00:00,"HIFLD substations within 15000 m of the site point; straight-line distance to each; nearest of any type, nearest >= 100 kV and >= 230 kV by MAX_VOLT; count and max MAX_VOLT within 10000 m","HIFLD mirror (dataset retired Aug 2025, layer edited 2021-02); per-row SOURCE may be OpenStreetMap; TAP = line tap, not a facility"
Newark_OH,sub_max_kv_within_10km,138.0,ok,HIFLD Electric Substations (ArcGIS mirror of retired HIFLD Open),https://services5.arcgis.com/HDRa0B57OVrv2E1q/ArcGIS/rest/services/Electric_Substations/FeatureServer/0,2021-02-25,2026-09-21T20:31:55+00:00,"HIFLD substations within 15000 m of the site point; straight-line distance to each; nearest of any type, nearest >= 100 kV and >= 230 kV by MAX_VOLT; count and max MAX_VOLT within 10000 m","HIFLD mirror (dataset retired Aug 2025, layer edited 2021-02); per-row SOURCE may be OpenStreetMap; TAP = line tap, not a facility"
Riverside_TX,sub_nearest_m,1464.3,ok,HIFLD Electric Substations (ArcGIS mirror of retired HIFLD Open),https://services5.arcgis.com/HDRa0B57OVrv2E1q/ArcGIS/rest/services/Electric_Substations/FeatureServer/0,2021-02-25,2026-09-21T20:31:55+00:00,"HIFLD substations within 15000 m of the site point; straight-line distance to each; nearest of any type, nearest >= 100 kV and >= 230 kV by MAX_VOLT; count and max MAX_VOLT within 10000 m","HIFLD mirror (dataset retired Aug 2025, layer edited 2021-02); per-row SOURCE may be OpenStreetMap; TAP = line tap, not a facility"
Riverside_TX,sub_nearest_name,[unnamed UNKNOWN307685],ok,HIFLD Electric Substations (ArcGIS mirror of retired HIFLD Open),https://services5.arcgis.com/HDRa0B57OVrv2E1q/ArcGIS/rest/services/Electric_Substations/FeatureServer/0,2021-02-25,2026-09-21T20:31:55+00:00,"HIFLD substations within 15000 m of the site point; straight-line distance to each; nearest of any type, nearest >= 100 kV and >= 230 kV by MAX_VOLT; count and max MAX_VOLT within 10000 m","HIFLD mirror (dataset retired Aug 2025, layer edited 2021-02); per-row SOURCE may be OpenStreetMap; TAP = line tap, not a facility"
Riverside_TX,sub_nearest_type,SUBSTATION,ok,HIFLD Electric Substations (ArcGIS mirror of retired HIFLD Open),https://services5.arcgis.com/HDRa0B57OVrv2E1q/ArcGIS/rest/services/Electric_Substations/FeatureServer/0,2021-02-25,2026-09-21T20:31:55+00:00,"HIFLD substations within 15000 m of the site point; straight-line distance to each; nearest of any type, nearest >= 100 kV and >= 230 kV by MAX_VOLT; count and max MAX_VOLT within 10000 m","HIFLD mirror (dataset retired Aug 2025, layer edited 2021-02); per-row SOURCE may be OpenStreetMap; TAP = line tap, not a facility"
Riverside_TX,sub_nearest_max_kv,138.0,ok,HIFLD Electric Substations (ArcGIS mirror of retired HIFLD Open),https://services5.arcgis.com/HDRa0B57OVrv2E1q/ArcGIS/rest/services/Electric_Substations/FeatureServer/0,2021-02-25,2026-09-21T20:31:55+00:00,"HIFLD substations within 15000 m of the site point; straight-line distance to each; nearest of any type, nearest >= 100 kV and >= 230 kV by MAX_VOLT; count and max MAX_VOLT within 10000 m","HIFLD mirror (dataset retired Aug 2025, layer edited 2021-02); per-row SOURCE may be OpenStreetMap; TAP = line tap, not a facility"
Riverside_TX,sub_nearest_min_kv,69.0,ok,HIFLD Electric Substations (ArcGIS mirror of retired HIFLD Open),https://services5.arcgis.com/HDRa0B57OVrv2E1q/ArcGIS/rest/services/Electric_Substations/FeatureServer/0,2021-02-25,2026-09-21T20:31:55+00:00,"HIFLD substations within 15000 m of the site point; straight-line distance to each; nearest of any type, nearest >= 100 kV and >= 230 kV by MAX_VOLT; count and max MAX_VOLT within 10000 m","HIFLD mirror (dataset retired Aug 2025, layer edited 2021-02); per-row SOURCE may be OpenStreetMap; TAP = line tap, not a facility"
Riverside_TX,sub_nearest_kv_inferred,Y,ok,HIFLD Electric Substations (ArcGIS mirror of retired HIFLD Open),https://services5.arcgis.com/HDRa0B57OVrv2E1q/ArcGIS/rest/services/Electric_Substations/FeatureServer/0,2021-02-25,2026-09-21T20:31:55+00:00,"HIFLD substations within 15000 m of the site point; straight-line distance to each; nearest of any type, nearest >= 100 kV and >= 230 kV by MAX_VOLT; count and max MAX_VOLT within 10000 m","HIFLD mirror (dataset retired Aug 2025, layer edited 2021-02); per-row SOURCE may be OpenStreetMap; TAP = line tap, not a facility"
Riverside_TX,sub_nearest_lines,5,ok,HIFLD Electric Substations (ArcGIS mirror of retired HIFLD Open),https://services5.arcgis.com/HDRa0B57OVrv2E1q/ArcGIS/rest/services/Electric_Substations/FeatureServer/0,2021-02-25,2026-09-21T20:31:55+00:00,"HIFLD substations within 15000 m of the site point; straight-line distance to each; nearest of any type, nearest >= 100 kV and >= 230 kV by MAX_VOLT; count and max MAX_VOLT within 10000 m","HIFLD mirror (dataset retired Aug 2025, layer edited 2021-02); per-row SOURCE may be OpenStreetMap; TAP = line tap, not a facility"
Riverside_TX,sub_nearest_status,IN SERVICE,ok,HIFLD Electric Substations (ArcGIS mirror of retired HIFLD Open),https://services5.arcgis.com/HDRa0B57OVrv2E1q/ArcGIS/rest/services/Electric_Substations/FeatureServer/0,2021-02-25,2026-09-21T20:31:55+00:00,"HIFLD substations within 15000 m of the site point; straight-line distance to each; nearest of any type, nearest >= 100 kV and >= 230 kV by MAX_VOLT; count and max MAX_VOLT within 10000 m","HIFLD mirror (dataset retired Aug 2025, layer edited 2021-02); per-row SOURCE may be OpenStreetMap; TAP = line tap, not a facility"
Riverside_TX,sub_nearest_source,IMAGERY,ok,HIFLD Electric Substations (ArcGIS mirror of retired HIFLD Open),https://services5.arcgis.com/HDRa0B57OVrv2E1q/ArcGIS/rest/services/Electric_Substations/FeatureServer/0,2021-02-25,2026-09-21T20:31:55+00:00,"HIFLD substations within 15000 m of the site point; straight-line distance to each; nearest of any type, nearest >= 100 kV and >= 230 kV by MAX_VOLT; count and max MAX_VOLT within 10000 m","HIFLD mirror (dataset retired Aug 2025, layer edited 2021-02); per-row SOURCE may be OpenStreetMap; TAP = line tap, not a facility"
Riverside_TX,sub_nearest_id,307685,ok,HIFLD Electric Substations (ArcGIS mirror of retired HIFLD Open),https://services5.arcgis.com/HDRa0B57OVrv2E1q/ArcGIS/rest/services/Electric_Substations/FeatureServer/0,2021-02-25,2026-09-21T20:31:55+00:00,"HIFLD substations within 15000 m of the site point; straight-line distance to each; nearest of any type, nearest >= 100 kV and >= 230 kV by MAX_VOLT; count and max MAX_VOLT within 10000 m","HIFLD mirror (dataset retired Aug 2025, layer edited 2021-02); per-row SOURCE may be OpenStreetMap; TAP = line tap, not a facility"
Riverside_TX,sub_100kv_nearest_m,1464.3,ok,HIFLD Electric Substations (ArcGIS mirror of retired HIFLD Open),https://services5.arcgis.com/HDRa0B57OVrv2E1q/ArcGIS/rest/services/Electric_Substations/FeatureServer/0,2021-02-25,2026-09-21T20:31:55+00:00,"HIFLD substations within 15000 m of the site point; straight-line distance to each; nearest of any type, nearest >= 100 kV and >= 230 kV by MAX_VOLT; count and max MAX_VOLT within 10000 m","HIFLD mirror (dataset retired Aug 2025, layer edited 2021-02); per-row SOURCE may be OpenStreetMap; TAP = line tap, not a facility"
Riverside_TX,sub_100kv_nearest_name,[unnamed UNKNOWN307685],ok,HIFLD Electric Substations (ArcGIS mirror of retired HIFLD Open),https://services5.arcgis.com/HDRa0B57OVrv2E1q/ArcGIS/rest/services/Electric_Substations/FeatureServer/0,2021-02-25,2026-09-21T20:31:55+00:00,"HIFLD substations within 15000 m of the site point; straight-line distance to each; nearest of any type, nearest >= 100 kV and >= 230 kV by MAX_VOLT; count and max MAX_VOLT within 10000 m","HIFLD mirror (dataset retired Aug 2025, layer edited 2021-02); per-row SOURCE may be OpenStreetMap; TAP = line tap, not a facility"
Riverside_TX,sub_100kv_max_kv,138.0,ok,HIFLD Electric Substations (ArcGIS mirror of retired HIFLD Open),https://services5.arcgis.com/HDRa0B57OVrv2E1q/ArcGIS/rest/services/Electric_Substations/FeatureServer/0,2021-02-25,2026-09-21T20:31:55+00:00,"HIFLD substations within 15000 m of the site point; straight-line distance to each; nearest of any type, nearest >= 100 kV and >= 230 kV by MAX_VOLT; count and max MAX_VOLT within 10000 m","HIFLD mirror (dataset retired Aug 2025, layer edited 2021-02); per-row SOURCE may be OpenStreetMap; TAP = line tap, not a facility"
Riverside_TX,sub_100kv_lines,5,ok,HIFLD Electric Substations (ArcGIS mirror of retired HIFLD Open),https://services5.arcgis.com/HDRa0B57OVrv2E1q/ArcGIS/rest/services/Electric_Substations/FeatureServer/0,2021-02-25,2026-09-21T20:31:55+00:00,"HIFLD substations within 15000 m of the site point; straight-line distance to each; nearest of any type, nearest >= 100 kV and >= 230 kV by MAX_VOLT; count and max MAX_VOLT within 10000 m","HIFLD mirror (dataset retired Aug 2025, layer edited 2021-02); per-row SOURCE may be OpenStreetMap; TAP = line tap, not a facility"
Riverside_TX,sub_230kv_nearest_m,,absent,HIFLD Electric Substations (ArcGIS mirror of retired HIFLD Open),https://services5.arcgis.com/HDRa0B57OVrv2E1q/ArcGIS/rest/services/Electric_Substations/FeatureServer/0,2021-02-25,2026-09-21T20:31:55+00:00,"HIFLD substations within 15000 m of the site point; straight-line distance to each; nearest of any type, nearest >= 100 kV and >= 230 kV by MAX_VOLT; count and max MAX_VOLT within 10000 m",no substation with MAX_VOLT >= 230 kV within 15000 m (voltage is unpublished for many records)
Riverside_TX,sub_230kv_nearest_name,,absent,HIFLD Electric Substations (ArcGIS mirror of retired HIFLD Open),https://services5.arcgis.com/HDRa0B57OVrv2E1q/ArcGIS/rest/services/Electric_Substations/FeatureServer/0,2021-02-25,2026-09-21T20:31:55+00:00,"HIFLD substations within 15000 m of the site point; straight-line distance to each; nearest of any type, nearest >= 100 kV and >= 230 kV by MAX_VOLT; count and max MAX_VOLT within 10000 m",no substation with MAX_VOLT >= 230 kV within 15000 m (voltage is unpublished for many records)
Riverside_TX,sub_230kv_max_kv,,absent,HIFLD Electric Substations (ArcGIS mirror of retired HIFLD Open),https://services5.arcgis.com/HDRa0B57OVrv2E1q/ArcGIS/rest/services/Electric_Substations/FeatureServer/0,2021-02-25,2026-09-21T20:31:55+00:00,"HIFLD substations within 15000 m of the site point; straight-line distance to each; nearest of any type, nearest >= 100 kV and >= 230 kV by MAX_VOLT; count and max MAX_VOLT within 10000 m",no substation with MAX_VOLT >= 230 kV within 15000 m (voltage is unpublished for many records)
Riverside_TX,sub_count_within_10km,2,ok,HIFLD Electric Substations (ArcGIS mirror of retired HIFLD Open),https://services5.arcgis.com/HDRa0B57OVrv2E1q/ArcGIS/rest/services/Electric_Substations/FeatureServer/0,2021-02-25,2026-09-21T20:31:55+00:00,"HIFLD substations within 15000 m of the site point; straight-line distance to each; nearest of any type, nearest >= 100 kV and >= 230 kV by MAX_VOLT; count and max MAX_VOLT within 10000 m","HIFLD mirror (dataset retired Aug 2025, layer edited 2021-02); per-row SOURCE may be OpenStreetMap; TAP = line tap, not a facility"
Riverside_TX,sub_max_kv_within_10km,138.0,ok,HIFLD Electric Substations (ArcGIS mirror of retired HIFLD Open),https://services5.arcgis.com/HDRa0B57OVrv2E1q/ArcGIS/rest/services/Electric_Substations/FeatureServer/0,2021-02-25,2026-09-21T20:31:55+00:00,"HIFLD substations within 15000 m of the site point; straight-line distance to each; nearest of any type, nearest >= 100 kV and >= 230 kV by MAX_VOLT; count and max MAX_VOLT within 10000 m","HIFLD mirror (dataset retired Aug 2025, layer edited 2021-02); per-row SOURCE may be OpenStreetMap; TAP = line tap, not a facility"
Harrison_AR,sub_nearest_m,957.9,ok,HIFLD Electric Substations (ArcGIS mirror of retired HIFLD Open),https://services5.arcgis.com/HDRa0B57OVrv2E1q/ArcGIS/rest/services/Electric_Substations/FeatureServer/0,2021-02-25,2026-09-21T20:31:55+00:00,"HIFLD substations within 15000 m of the site point; straight-line distance to each; nearest of any type, nearest >= 100 kV and >= 230 kV by MAX_VOLT; count and max MAX_VOLT within 10000 m","HIFLD mirror (dataset retired Aug 2025, layer edited 2021-02); per-row SOURCE may be OpenStreetMap; TAP = line tap, not a facility"
Harrison_AR,sub_nearest_name,[unnamed UNKNOWN107930],ok,HIFLD Electric Substations (ArcGIS mirror of retired HIFLD Open),https://services5.arcgis.com/HDRa0B57OVrv2E1q/ArcGIS/rest/services/Electric_Substations/FeatureServer/0,2021-02-25,2026-09-21T20:31:55+00:00,"HIFLD substations within 15000 m of the site point; straight-line distance to each; nearest of any type, nearest >= 100 kV and >= 230 kV by MAX_VOLT; count and max MAX_VOLT within 10000 m","HIFLD mirror (dataset retired Aug 2025, layer edited 2021-02); per-row SOURCE may be OpenStreetMap; TAP = line tap, not a facility"
Harrison_AR,sub_nearest_type,SUBSTATION,ok,HIFLD Electric Substations (ArcGIS mirror of retired HIFLD Open),https://services5.arcgis.com/HDRa0B57OVrv2E1q/ArcGIS/rest/services/Electric_Substations/FeatureServer/0,2021-02-25,2026-09-21T20:31:55+00:00,"HIFLD substations within 15000 m of the site point; straight-line distance to each; nearest of any type, nearest >= 100 kV and >= 230 kV by MAX_VOLT; count and max MAX_VOLT within 10000 m","HIFLD mirror (dataset retired Aug 2025, layer edited 2021-02); per-row SOURCE may be OpenStreetMap; TAP = line tap, not a facility"
Harrison_AR,sub_nearest_max_kv,161.0,ok,HIFLD Electric Substations (ArcGIS mirror of retired HIFLD Open),https://services5.arcgis.com/HDRa0B57OVrv2E1q/ArcGIS/rest/services/Electric_Substations/FeatureServer/0,2021-02-25,2026-09-21T20:31:55+00:00,"HIFLD substations within 15000 m of the site point; straight-line distance to each; nearest of any type, nearest >= 100 kV and >= 230 kV by MAX_VOLT; count and max MAX_VOLT within 10000 m","HIFLD mirror (dataset retired Aug 2025, layer edited 2021-02); per-row SOURCE may be OpenStreetMap; TAP = line tap, not a facility"
Harrison_AR,sub_nearest_min_kv,161.0,ok,HIFLD Electric Substations (ArcGIS mirror of retired HIFLD Open),https://services5.arcgis.com/HDRa0B57OVrv2E1q/ArcGIS/rest/services/Electric_Substations/FeatureServer/0,2021-02-25,2026-09-21T20:31:55+00:00,"HIFLD substations within 15000 m of the site point; straight-line distance to each; nearest of any type, nearest >= 100 kV and >= 230 kV by MAX_VOLT; count and max MAX_VOLT within 10000 m","HIFLD mirror (dataset retired Aug 2025, layer edited 2021-02); per-row SOURCE may be OpenStreetMap; TAP = line tap, not a facility"
Harrison_AR,sub_nearest_kv_inferred,Y,ok,HIFLD Electric Substations (ArcGIS mirror of retired HIFLD Open),https://services5.arcgis.com/HDRa0B57OVrv2E1q/ArcGIS/rest/services/Electric_Substations/FeatureServer/0,2021-02-25,2026-09-21T20:31:55+00:00,"HIFLD substations within 15000 m of the site point; straight-line distance to each; nearest of any type, nearest >= 100 kV and >= 230 kV by MAX_VOLT; count and max MAX_VOLT within 10000 m","HIFLD mirror (dataset retired Aug 2025, layer edited 2021-02); per-row SOURCE may be OpenStreetMap; TAP = line tap, not a facility"
Harrison_AR,sub_nearest_lines,4,ok,HIFLD Electric Substations (ArcGIS mirror of retired HIFLD Open),https://services5.arcgis.com/HDRa0B57OVrv2E1q/ArcGIS/rest/services/Electric_Substations/FeatureServer/0,2021-02-25,2026-09-21T20:31:55+00:00,"HIFLD substations within 15000 m of the site point; straight-line distance to each; nearest of any type, nearest >= 100 kV and >= 230 kV by MAX_VOLT; count and max MAX_VOLT within 10000 m","HIFLD mirror (dataset retired Aug 2025, layer edited 2021-02); per-row SOURCE may be OpenStreetMap; TAP = line tap, not a facility"
Harrison_AR,sub_nearest_status,IN SERVICE,ok,HIFLD Electric Substations (ArcGIS mirror of retired HIFLD Open),https://services5.arcgis.com/HDRa0B57OVrv2E1q/ArcGIS/rest/services/Electric_Substations/FeatureServer/0,2021-02-25,2026-09-21T20:31:55+00:00,"HIFLD substations within 15000 m of the site point; straight-line distance to each; nearest of any type, nearest >= 100 kV and >= 230 kV by MAX_VOLT; count and max MAX_VOLT within 10000 m","HIFLD mirror (dataset retired Aug 2025, layer edited 2021-02); per-row SOURCE may be OpenStreetMap; TAP = line tap, not a facility"
Harrison_AR,sub_nearest_source,http://www.geostor.arkansas.gov/G6/Home.html,ok,HIFLD Electric Substations (ArcGIS mirror of retired HIFLD Open),https://services5.arcgis.com/HDRa0B57OVrv2E1q/ArcGIS/rest/services/Electric_Substations/FeatureServer/0,2021-02-25,2026-09-21T20:31:55+00:00,"HIFLD substations within 15000 m of the site point; straight-line distance to each; nearest of any type, nearest >= 100 kV and >= 230 kV by MAX_VOLT; count and max MAX_VOLT within 10000 m","HIFLD mirror (dataset retired Aug 2025, layer edited 2021-02); per-row SOURCE may be OpenStreetMap; TAP = line tap, not a facility"
Harrison_AR,sub_nearest_id,107930,ok,HIFLD Electric Substations (ArcGIS mirror of retired HIFLD Open),https://services5.arcgis.com/HDRa0B57OVrv2E1q/ArcGIS/rest/services/Electric_Substations/FeatureServer/0,2021-02-25,2026-09-21T20:31:55+00:00,"HIFLD substations within 15000 m of the site point; straight-line distance to each; nearest of any type, nearest >= 100 kV and >= 230 kV by MAX_VOLT; count and max MAX_VOLT within 10000 m","HIFLD mirror (dataset retired Aug 2025, layer edited 2021-02); per-row SOURCE may be OpenStreetMap; TAP = line tap, not a facility"
Harrison_AR,sub_100kv_nearest_m,957.9,ok,HIFLD Electric Substations (ArcGIS mirror of retired HIFLD Open),https://services5.arcgis.com/HDRa0B57OVrv2E1q/ArcGIS/rest/services/Electric_Substations/FeatureServer/0,2021-02-25,2026-09-21T20:31:55+00:00,"HIFLD substations within 15000 m of the site point; straight-line distance to each; nearest of any type, nearest >= 100 kV and >= 230 kV by MAX_VOLT; count and max MAX_VOLT within 10000 m","HIFLD mirror (dataset retired Aug 2025, layer edited 2021-02); per-row SOURCE may be OpenStreetMap; TAP = line tap, not a facility"
Harrison_AR,sub_100kv_nearest_name,[unnamed UNKNOWN107930],ok,HIFLD Electric Substations (ArcGIS mirror of retired HIFLD Open),https://services5.arcgis.com/HDRa0B57OVrv2E1q/ArcGIS/rest/services/Electric_Substations/FeatureServer/0,2021-02-25,2026-09-21T20:31:55+00:00,"HIFLD substations within 15000 m of the site point; straight-line distance to each; nearest of any type, nearest >= 100 kV and >= 230 kV by MAX_VOLT; count and max MAX_VOLT within 10000 m","HIFLD mirror (dataset retired Aug 2025, layer edited 2021-02); per-row SOURCE may be OpenStreetMap; TAP = line tap, not a facility"
Harrison_AR,sub_100kv_max_kv,161.0,ok,HIFLD Electric Substations (ArcGIS mirror of retired HIFLD Open),https://services5.arcgis.com/HDRa0B57OVrv2E1q/ArcGIS/rest/services/Electric_Substations/FeatureServer/0,2021-02-25,2026-09-21T20:31:55+00:00,"HIFLD substations within 15000 m of the site point; straight-line distance to each; nearest of any type, nearest >= 100 kV and >= 230 kV by MAX_VOLT; count and max MAX_VOLT within 10000 m","HIFLD mirror (dataset retired Aug 2025, layer edited 2021-02); per-row SOURCE may be OpenStreetMap; TAP = line tap, not a facility"
Harrison_AR,sub_100kv_lines,4,ok,HIFLD Electric Substations (ArcGIS mirror of retired HIFLD Open),https://services5.arcgis.com/HDRa0B57OVrv2E1q/ArcGIS/rest/services/Electric_Substations/FeatureServer/0,2021-02-25,2026-09-21T20:31:55+00:00,"HIFLD substations within 15000 m of the site point; straight-line distance to each; nearest of any type, nearest >= 100 kV and >= 230 kV by MAX_VOLT; count and max MAX_VOLT within 10000 m","HIFLD mirror (dataset retired Aug 2025, layer edited 2021-02); per-row SOURCE may be OpenStreetMap; TAP = line tap, not a facility"
Harrison_AR,sub_230kv_nearest_m,,absent,HIFLD Electric Substations (ArcGIS mirror of retired HIFLD Open),https://services5.arcgis.com/HDRa0B57OVrv2E1q/ArcGIS/rest/services/Electric_Substations/FeatureServer/0,2021-02-25,2026-09-21T20:31:55+00:00,"HIFLD substations within 15000 m of the site point; straight-line distance to each; nearest of any type, nearest >= 100 kV and >= 230 kV by MAX_VOLT; count and max MAX_VOLT within 10000 m",no substation with MAX_VOLT >= 230 kV within 15000 m (voltage is unpublished for many records)
Harrison_AR,sub_230kv_nearest_name,,absent,HIFLD Electric Substations (ArcGIS mirror of retired HIFLD Open),https://services5.arcgis.com/HDRa0B57OVrv2E1q/ArcGIS/rest/services/Electric_Substations/FeatureServer/0,2021-02-25,2026-09-21T20:31:55+00:00,"HIFLD substations within 15000 m of the site point; straight-line distance to each; nearest of any type, nearest >= 100 kV and >= 230 kV by MAX_VOLT; count and max MAX_VOLT within 10000 m",no substation with MAX_VOLT >= 230 kV within 15000 m (voltage is unpublished for many records)
Harrison_AR,sub_230kv_max_kv,,absent,HIFLD Electric Substations (ArcGIS mirror of retired HIFLD Open),https://services5.arcgis.com/HDRa0B57OVrv2E1q/ArcGIS/rest/services/Electric_Substations/FeatureServer/0,2021-02-25,2026-09-21T20:31:55+00:00,"HIFLD substations within 15000 m of the site point; straight-line distance to each; nearest of any type, nearest >= 100 kV and >= 230 kV by MAX_VOLT; count and max MAX_VOLT within 10000 m",no substation with MAX_VOLT >= 230 kV within 15000 m (voltage is unpublished for many records)
Harrison_AR,sub_count_within_10km,3,ok,HIFLD Electric Substations (ArcGIS mirror of retired HIFLD Open),https://services5.arcgis.com/HDRa0B57OVrv2E1q/ArcGIS/rest/services/Electric_Substations/FeatureServer/0,2021-02-25,2026-09-21T20:31:55+00:00,"HIFLD substations within 15000 m of the site point; straight-line distance to each; nearest of any type, nearest >= 100 kV and >= 230 kV by MAX_VOLT; count and max MAX_VOLT within 10000 m","HIFLD mirror (dataset retired Aug 2025, layer edited 2021-02); per-row SOURCE may be OpenStreetMap; TAP = line tap, not a facility"
Harrison_AR,sub_max_kv_within_10km,161.0,ok,HIFLD Electric Substations (ArcGIS mirror of retired HIFLD Open),https://services5.arcgis.com/HDRa0B57OVrv2E1q/ArcGIS/rest/services/Electric_Substations/FeatureServer/0,2021-02-25,2026-09-21T20:31:55+00:00,"HIFLD substations within 15000 m of the site point; straight-line distance to each; nearest of any type, nearest >= 100 kV and >= 230 kV by MAX_VOLT; count and max MAX_VOLT within 10000 m","HIFLD mirror (dataset retired Aug 2025, layer edited 2021-02); per-row SOURCE may be OpenStreetMap; TAP = line tap, not a facility"
Moultrie_GA,sub_nearest_m,564.4,ok,HIFLD Electric Substations (ArcGIS mirror of retired HIFLD Open),https://services5.arcgis.com/HDRa0B57OVrv2E1q/ArcGIS/rest/services/Electric_Substations/FeatureServer/0,2021-02-25,2026-09-21T20:31:55+00:00,"HIFLD substations within 15000 m of the site point; straight-line distance to each; nearest of any type, nearest >= 100 kV and >= 230 kV by MAX_VOLT; count and max MAX_VOLT within 10000 m","HIFLD mirror (dataset retired Aug 2025, layer edited 2021-02); per-row SOURCE may be OpenStreetMap; TAP = line tap, not a facility"
Moultrie_GA,sub_nearest_name,[unnamed UNKNOWN116718],ok,HIFLD Electric Substations (ArcGIS mirror of retired HIFLD Open),https://services5.arcgis.com/HDRa0B57OVrv2E1q/ArcGIS/rest/services/Electric_Substations/FeatureServer/0,2021-02-25,2026-09-21T20:31:55+00:00,"HIFLD substations within 15000 m of the site point; straight-line distance to each; nearest of any type, nearest >= 100 kV and >= 230 kV by MAX_VOLT; count and max MAX_VOLT within 10000 m","HIFLD mirror (dataset retired Aug 2025, layer edited 2021-02); per-row SOURCE may be OpenStreetMap; TAP = line tap, not a facility"
Moultrie_GA,sub_nearest_type,SUBSTATION,ok,HIFLD Electric Substations (ArcGIS mirror of retired HIFLD Open),https://services5.arcgis.com/HDRa0B57OVrv2E1q/ArcGIS/rest/services/Electric_Substations/FeatureServer/0,2021-02-25,2026-09-21T20:31:55+00:00,"HIFLD substations within 15000 m of the site point; straight-line distance to each; nearest of any type, nearest >= 100 kV and >= 230 kV by MAX_VOLT; count and max MAX_VOLT within 10000 m","HIFLD mirror (dataset retired Aug 2025, layer edited 2021-02); per-row SOURCE may be OpenStreetMap; TAP = line tap, not a facility"
Moultrie_GA,sub_nearest_max_kv,115.0,ok,HIFLD Electric Substations (ArcGIS mirror of retired HIFLD Open),https://services5.arcgis.com/HDRa0B57OVrv2E1q/ArcGIS/rest/services/Electric_Substations/FeatureServer/0,2021-02-25,2026-09-21T20:31:55+00:00,"HIFLD substations within 15000 m of the site point; straight-line distance to each; nearest of any type, nearest >= 100 kV and >= 230 kV by MAX_VOLT; count and max MAX_VOLT within 10000 m","HIFLD mirror (dataset retired Aug 2025, layer edited 2021-02); per-row SOURCE may be OpenStreetMap; TAP = line tap, not a facility"
Moultrie_GA,sub_nearest_min_kv,115.0,ok,HIFLD Electric Substations (ArcGIS mirror of retired HIFLD Open),https://services5.arcgis.com/HDRa0B57OVrv2E1q/ArcGIS/rest/services/Electric_Substations/FeatureServer/0,2021-02-25,2026-09-21T20:31:55+00:00,"HIFLD substations within 15000 m of the site point; straight-line distance to each; nearest of any type, nearest >= 100 kV and >= 230 kV by MAX_VOLT; count and max MAX_VOLT within 10000 m","HIFLD mirror (dataset retired Aug 2025, layer edited 2021-02); per-row SOURCE may be OpenStreetMap; TAP = line tap, not a facility"
Moultrie_GA,sub_nearest_kv_inferred,Y,ok,HIFLD Electric Substations (ArcGIS mirror of retired HIFLD Open),https://services5.arcgis.com/HDRa0B57OVrv2E1q/ArcGIS/rest/services/Electric_Substations/FeatureServer/0,2021-02-25,2026-09-21T20:31:55+00:00,"HIFLD substations within 15000 m of the site point; straight-line distance to each; nearest of any type, nearest >= 100 kV and >= 230 kV by MAX_VOLT; count and max MAX_VOLT within 10000 m","HIFLD mirror (dataset retired Aug 2025, layer edited 2021-02); per-row SOURCE may be OpenStreetMap; TAP = line tap, not a facility"
Moultrie_GA,sub_nearest_lines,2,ok,HIFLD Electric Substations (ArcGIS mirror of retired HIFLD Open),https://services5.arcgis.com/HDRa0B57OVrv2E1q/ArcGIS/rest/services/Electric_Substations/FeatureServer/0,2021-02-25,2026-09-21T20:31:55+00:00,"HIFLD substations within 15000 m of the site point; straight-line distance to each; nearest of any type, nearest >= 100 kV and >= 230 kV by MAX_VOLT; count and max MAX_VOLT within 10000 m","HIFLD mirror (dataset retired Aug 2025, layer edited 2021-02); per-row SOURCE may be OpenStreetMap; TAP = line tap, not a facility"
Moultrie_GA,sub_nearest_status,IN SERVICE,ok,HIFLD Electric Substations (ArcGIS mirror of retired HIFLD Open),https://services5.arcgis.com/HDRa0B57OVrv2E1q/ArcGIS/rest/services/Electric_Substations/FeatureServer/0,2021-02-25,2026-09-21T20:31:55+00:00,"HIFLD substations within 15000 m of the site point; straight-line distance to each; nearest of any type, nearest >= 100 kV and >= 230 kV by MAX_VOLT; count and max MAX_VOLT within 10000 m","HIFLD mirror (dataset retired Aug 2025, layer edited 2021-02); per-row SOURCE may be OpenStreetMap; TAP = line tap, not a facility"
Moultrie_GA,sub_nearest_source,IMAGERY,ok,HIFLD Electric Substations (ArcGIS mirror of retired HIFLD Open),https://services5.arcgis.com/HDRa0B57OVrv2E1q/ArcGIS/rest/services/Electric_Substations/FeatureServer/0,2021-02-25,2026-09-21T20:31:55+00:00,"HIFLD substations within 15000 m of the site point; straight-line distance to each; nearest of any type, nearest >= 100 kV and >= 230 kV by MAX_VOLT; count and max MAX_VOLT within 10000 m","HIFLD mirror (dataset retired Aug 2025, layer edited 2021-02); per-row SOURCE may be OpenStreetMap; TAP = line tap, not a facility"
Moultrie_GA,sub_nearest_id,116718,ok,HIFLD Electric Substations (ArcGIS mirror of retired HIFLD Open),https://services5.arcgis.com/HDRa0B57OVrv2E1q/ArcGIS/rest/services/Electric_Substations/FeatureServer/0,2021-02-25,2026-09-21T20:31:55+00:00,"HIFLD substations within 15000 m of the site point; straight-line distance to each; nearest of any type, nearest >= 100 kV and >= 230 kV by MAX_VOLT; count and max MAX_VOLT within 10000 m","HIFLD mirror (dataset retired Aug 2025, layer edited 2021-02); per-row SOURCE may be OpenStreetMap; TAP = line tap, not a facility"
Moultrie_GA,sub_100kv_nearest_m,564.4,ok,HIFLD Electric Substations (ArcGIS mirror of retired HIFLD Open),https://services5.arcgis.com/HDRa0B57OVrv2E1q/ArcGIS/rest/services/Electric_Substations/FeatureServer/0,2021-02-25,2026-09-21T20:31:55+00:00,"HIFLD substations within 15000 m of the site point; straight-line distance to each; nearest of any type, nearest >= 100 kV and >= 230 kV by MAX_VOLT; count and max MAX_VOLT within 10000 m","HIFLD mirror (dataset retired Aug 2025, layer edited 2021-02); per-row SOURCE may be OpenStreetMap; TAP = line tap, not a facility"
Moultrie_GA,sub_100kv_nearest_name,[unnamed UNKNOWN116718],ok,HIFLD Electric Substations (ArcGIS mirror of retired HIFLD Open),https://services5.arcgis.com/HDRa0B57OVrv2E1q/ArcGIS/rest/services/Electric_Substations/FeatureServer/0,2021-02-25,2026-09-21T20:31:55+00:00,"HIFLD substations within 15000 m of the site point; straight-line distance to each; nearest of any type, nearest >= 100 kV and >= 230 kV by MAX_VOLT; count and max MAX_VOLT within 10000 m","HIFLD mirror (dataset retired Aug 2025, layer edited 2021-02); per-row SOURCE may be OpenStreetMap; TAP = line tap, not a facility"
Moultrie_GA,sub_100kv_max_kv,115.0,ok,HIFLD Electric Substations (ArcGIS mirror of retired HIFLD Open),https://services5.arcgis.com/HDRa0B57OVrv2E1q/ArcGIS/rest/services/Electric_Substations/FeatureServer/0,2021-02-25,2026-09-21T20:31:55+00:00,"HIFLD substations within 15000 m of the site point; straight-line distance to each; nearest of any type, nearest >= 100 kV and >= 230 kV by MAX_VOLT; count and max MAX_VOLT within 10000 m","HIFLD mirror (dataset retired Aug 2025, layer edited 2021-02); per-row SOURCE may be OpenStreetMap; TAP = line tap, not a facility"
Moultrie_GA,sub_100kv_lines,2,ok,HIFLD Electric Substations (ArcGIS mirror of retired HIFLD Open),https://services5.arcgis.com/HDRa0B57OVrv2E1q/ArcGIS/rest/services/Electric_Substations/FeatureServer/0,2021-02-25,2026-09-21T20:31:55+00:00,"HIFLD substations within 15000 m of the site point; straight-line distance to each; nearest of any type, nearest >= 100 kV and >= 230 kV by MAX_VOLT; count and max MAX_VOLT within 10000 m","HIFLD mirror (dataset retired Aug 2025, layer edited 2021-02); per-row SOURCE may be OpenStreetMap; TAP = line tap, not a facility"
Moultrie_GA,sub_230kv_nearest_m,8102.5,ok,HIFLD Electric Substations (ArcGIS mirror of retired HIFLD Open),https://services5.arcgis.com/HDRa0B57OVrv2E1q/ArcGIS/rest/services/Electric_Substations/FeatureServer/0,2021-02-25,2026-09-21T20:31:55+00:00,"HIFLD substations within 15000 m of the site point; straight-line distance to each; nearest of any type, nearest >= 100 kV and >= 230 kV by MAX_VOLT; count and max MAX_VOLT within 10000 m","HIFLD mirror (dataset retired Aug 2025, layer edited 2021-02); per-row SOURCE may be OpenStreetMap; TAP = line tap, not a facility"
Moultrie_GA,sub_230kv_nearest_name,[unnamed UNKNOWN111124],ok,HIFLD Electric Substations (ArcGIS mirror of retired HIFLD Open),https://services5.arcgis.com/HDRa0B57OVrv2E1q/ArcGIS/rest/services/Electric_Substations/FeatureServer/0,2021-02-25,2026-09-21T20:31:55+00:00,"HIFLD substations within 15000 m of the site point; straight-line distance to each; nearest of any type, nearest >= 100 kV and >= 230 kV by MAX_VOLT; count and max MAX_VOLT within 10000 m","HIFLD mirror (dataset retired Aug 2025, layer edited 2021-02); per-row SOURCE may be OpenStreetMap; TAP = line tap, not a facility"
Moultrie_GA,sub_230kv_max_kv,230.0,ok,HIFLD Electric Substations (ArcGIS mirror of retired HIFLD Open),https://services5.arcgis.com/HDRa0B57OVrv2E1q/ArcGIS/rest/services/Electric_Substations/FeatureServer/0,2021-02-25,2026-09-21T20:31:55+00:00,"HIFLD substations within 15000 m of the site point; straight-line distance to each; nearest of any type, nearest >= 100 kV and >= 230 kV by MAX_VOLT; count and max MAX_VOLT within 10000 m","HIFLD mirror (dataset retired Aug 2025, layer edited 2021-02); per-row SOURCE may be OpenStreetMap; TAP = line tap, not a facility"
Moultrie_GA,sub_count_within_10km,15,ok,HIFLD Electric Substations (ArcGIS mirror of retired HIFLD Open),https://services5.arcgis.com/HDRa0B57OVrv2E1q/ArcGIS/rest/services/Electric_Substations/FeatureServer/0,2021-02-25,2026-09-21T20:31:55+00:00,"HIFLD substations within 15000 m of the site point; straight-line distance to each; nearest of any type, nearest >= 100 kV and >= 230 kV by MAX_VOLT; count and max MAX_VOLT within 10000 m","HIFLD mirror (dataset retired Aug 2025, layer edited 2021-02); per-row SOURCE may be OpenStreetMap; TAP = line tap, not a facility"
Moultrie_GA,sub_max_kv_within_10km,230.0,ok,HIFLD Electric Substations (ArcGIS mirror of retired HIFLD Open),https://services5.arcgis.com/HDRa0B57OVrv2E1q/ArcGIS/rest/services/Electric_Substations/FeatureServer/0,2021-02-25,2026-09-21T20:31:55+00:00,"HIFLD substations within 15000 m of the site point; straight-line distance to each; nearest of any type, nearest >= 100 kV and >= 230 kV by MAX_VOLT; count and max MAX_VOLT within 10000 m","HIFLD mirror (dataset retired Aug 2025, layer edited 2021-02); per-row SOURCE may be OpenStreetMap; TAP = line tap, not a facility"
Newton_IA,sub_nearest_m,782.2,ok,HIFLD Electric Substations (ArcGIS mirror of retired HIFLD Open),https://services5.arcgis.com/HDRa0B57OVrv2E1q/ArcGIS/rest/services/Electric_Substations/FeatureServer/0,2021-02-25,2026-09-21T20:31:55+00:00,"HIFLD substations within 15000 m of the site point; straight-line distance to each; nearest of any type, nearest >= 100 kV and >= 230 kV by MAX_VOLT; count and max MAX_VOLT within 10000 m","HIFLD mirror (dataset retired Aug 2025, layer edited 2021-02); per-row SOURCE may be OpenStreetMap; TAP = line tap, not a facility"
Newton_IA,sub_nearest_name,[unnamed UNKNOWN131595],ok,HIFLD Electric Substations (ArcGIS mirror of retired HIFLD Open),https://services5.arcgis.com/HDRa0B57OVrv2E1q/ArcGIS/rest/services/Electric_Substations/FeatureServer/0,2021-02-25,2026-09-21T20:31:55+00:00,"HIFLD substations within 15000 m of the site point; straight-line distance to each; nearest of any type, nearest >= 100 kV and >= 230 kV by MAX_VOLT; count and max MAX_VOLT within 10000 m","HIFLD mirror (dataset retired Aug 2025, layer edited 2021-02); per-row SOURCE may be OpenStreetMap; TAP = line tap, not a facility"
Newton_IA,sub_nearest_type,SUBSTATION,ok,HIFLD Electric Substations (ArcGIS mirror of retired HIFLD Open),https://services5.arcgis.com/HDRa0B57OVrv2E1q/ArcGIS/rest/services/Electric_Substations/FeatureServer/0,2021-02-25,2026-09-21T20:31:55+00:00,"HIFLD substations within 15000 m of the site point; straight-line distance to each; nearest of any type, nearest >= 100 kV and >= 230 kV by MAX_VOLT; count and max MAX_VOLT within 10000 m","HIFLD mirror (dataset retired Aug 2025, layer edited 2021-02); per-row SOURCE may be OpenStreetMap; TAP = line tap, not a facility"
Newton_IA,sub_nearest_max_kv,161.0,ok,HIFLD Electric Substations (ArcGIS mirror of retired HIFLD Open),https://services5.arcgis.com/HDRa0B57OVrv2E1q/ArcGIS/rest/services/Electric_Substations/FeatureServer/0,2021-02-25,2026-09-21T20:31:55+00:00,"HIFLD substations within 15000 m of the site point; straight-line distance to each; nearest of any type, nearest >= 100 kV and >= 230 kV by MAX_VOLT; count and max MAX_VOLT within 10000 m","HIFLD mirror (dataset retired Aug 2025, layer edited 2021-02); per-row SOURCE may be OpenStreetMap; TAP = line tap, not a facility"
Newton_IA,sub_nearest_min_kv,,ok,HIFLD Electric Substations (ArcGIS mirror of retired HIFLD Open),https://services5.arcgis.com/HDRa0B57OVrv2E1q/ArcGIS/rest/services/Electric_Substations/FeatureServer/0,2021-02-25,2026-09-21T20:31:55+00:00,"HIFLD substations within 15000 m of the site point; straight-line distance to each; nearest of any type, nearest >= 100 kV and >= 230 kV by MAX_VOLT; count and max MAX_VOLT within 10000 m","HIFLD mirror (dataset retired Aug 2025, layer edited 2021-02); per-row SOURCE may be OpenStreetMap; TAP = line tap, not a facility"
Newton_IA,sub_nearest_kv_inferred,Y,ok,HIFLD Electric Substations (ArcGIS mirror of retired HIFLD Open),https://services5.arcgis.com/HDRa0B57OVrv2E1q/ArcGIS/rest/services/Electric_Substations/FeatureServer/0,2021-02-25,2026-09-21T20:31:55+00:00,"HIFLD substations within 15000 m of the site point; straight-line distance to each; nearest of any type, nearest >= 100 kV and >= 230 kV by MAX_VOLT; count and max MAX_VOLT within 10000 m","HIFLD mirror (dataset retired Aug 2025, layer edited 2021-02); per-row SOURCE may be OpenStreetMap; TAP = line tap, not a facility"
Newton_IA,sub_nearest_lines,3,ok,HIFLD Electric Substations (ArcGIS mirror of retired HIFLD Open),https://services5.arcgis.com/HDRa0B57OVrv2E1q/ArcGIS/rest/services/Electric_Substations/FeatureServer/0,2021-02-25,2026-09-21T20:31:55+00:00,"HIFLD substations within 15000 m of the site point; straight-line distance to each; nearest of any type, nearest >= 100 kV and >= 230 kV by MAX_VOLT; count and max MAX_VOLT within 10000 m","HIFLD mirror (dataset retired Aug 2025, layer edited 2021-02); per-row SOURCE may be OpenStreetMap; TAP = line tap, not a facility"
Newton_IA,sub_nearest_status,IN SERVICE,ok,HIFLD Electric Substations (ArcGIS mirror of retired HIFLD Open),https://services5.arcgis.com/HDRa0B57OVrv2E1q/ArcGIS/rest/services/Electric_Substations/FeatureServer/0,2021-02-25,2026-09-21T20:31:55+00:00,"HIFLD substations within 15000 m of the site point; straight-line distance to each; nearest of any type, nearest >= 100 kV and >= 230 kV by MAX_VOLT; count and max MAX_VOLT within 10000 m","HIFLD mirror (dataset retired Aug 2025, layer edited 2021-02); per-row SOURCE may be OpenStreetMap; TAP = line tap, not a facility"
Newton_IA,sub_nearest_source,"IMAGERY, OpenStreetMap",ok,HIFLD Electric Substations (ArcGIS mirror of retired HIFLD Open),https://services5.arcgis.com/HDRa0B57OVrv2E1q/ArcGIS/rest/services/Electric_Substations/FeatureServer/0,2021-02-25,2026-09-21T20:31:55+00:00,"HIFLD substations within 15000 m of the site point; straight-line distance to each; nearest of any type, nearest >= 100 kV and >= 230 kV by MAX_VOLT; count and max MAX_VOLT within 10000 m","HIFLD mirror (dataset retired Aug 2025, layer edited 2021-02); per-row SOURCE may be OpenStreetMap; TAP = line tap, not a facility"
Newton_IA,sub_nearest_id,131595,ok,HIFLD Electric Substations (ArcGIS mirror of retired HIFLD Open),https://services5.arcgis.com/HDRa0B57OVrv2E1q/ArcGIS/rest/services/Electric_Substations/FeatureServer/0,2021-02-25,2026-09-21T20:31:55+00:00,"HIFLD substations within 15000 m of the site point; straight-line distance to each; nearest of any type, nearest >= 100 kV and >= 230 kV by MAX_VOLT; count and max MAX_VOLT within 10000 m","HIFLD mirror (dataset retired Aug 2025, layer edited 2021-02); per-row SOURCE may be OpenStreetMap; TAP = line tap, not a facility"
Newton_IA,sub_100kv_nearest_m,782.2,ok,HIFLD Electric Substations (ArcGIS mirror of retired HIFLD Open),https://services5.arcgis.com/HDRa0B57OVrv2E1q/ArcGIS/rest/services/Electric_Substations/FeatureServer/0,2021-02-25,2026-09-21T20:31:55+00:00,"HIFLD substations within 15000 m of the site point; straight-line distance to each; nearest of any type, nearest >= 100 kV and >= 230 kV by MAX_VOLT; count and max MAX_VOLT within 10000 m","HIFLD mirror (dataset retired Aug 2025, layer edited 2021-02); per-row SOURCE may be OpenStreetMap; TAP = line tap, not a facility"
Newton_IA,sub_100kv_nearest_name,[unnamed UNKNOWN131595],ok,HIFLD Electric Substations (ArcGIS mirror of retired HIFLD Open),https://services5.arcgis.com/HDRa0B57OVrv2E1q/ArcGIS/rest/services/Electric_Substations/FeatureServer/0,2021-02-25,2026-09-21T20:31:55+00:00,"HIFLD substations within 15000 m of the site point; straight-line distance to each; nearest of any type, nearest >= 100 kV and >= 230 kV by MAX_VOLT; count and max MAX_VOLT within 10000 m","HIFLD mirror (dataset retired Aug 2025, layer edited 2021-02); per-row SOURCE may be OpenStreetMap; TAP = line tap, not a facility"
Newton_IA,sub_100kv_max_kv,161.0,ok,HIFLD Electric Substations (ArcGIS mirror of retired HIFLD Open),https://services5.arcgis.com/HDRa0B57OVrv2E1q/ArcGIS/rest/services/Electric_Substations/FeatureServer/0,2021-02-25,2026-09-21T20:31:55+00:00,"HIFLD substations within 15000 m of the site point; straight-line distance to each; nearest of any type, nearest >= 100 kV and >= 230 kV by MAX_VOLT; count and max MAX_VOLT within 10000 m","HIFLD mirror (dataset retired Aug 2025, layer edited 2021-02); per-row SOURCE may be OpenStreetMap; TAP = line tap, not a facility"
Newton_IA,sub_100kv_lines,3,ok,HIFLD Electric Substations (ArcGIS mirror of retired HIFLD Open),https://services5.arcgis.com/HDRa0B57OVrv2E1q/ArcGIS/rest/services/Electric_Substations/FeatureServer/0,2021-02-25,2026-09-21T20:31:55+00:00,"HIFLD substations within 15000 m of the site point; straight-line distance to each; nearest of any type, nearest >= 100 kV and >= 230 kV by MAX_VOLT; count and max MAX_VOLT within 10000 m","HIFLD mirror (dataset retired Aug 2025, layer edited 2021-02); per-row SOURCE may be OpenStreetMap; TAP = line tap, not a facility"
Newton_IA,sub_230kv_nearest_m,,absent,HIFLD Electric Substations (ArcGIS mirror of retired HIFLD Open),https://services5.arcgis.com/HDRa0B57OVrv2E1q/ArcGIS/rest/services/Electric_Substations/FeatureServer/0,2021-02-25,2026-09-21T20:31:55+00:00,"HIFLD substations within 15000 m of the site point; straight-line distance to each; nearest of any type, nearest >= 100 kV and >= 230 kV by MAX_VOLT; count and max MAX_VOLT within 10000 m",no substation with MAX_VOLT >= 230 kV within 15000 m (voltage is unpublished for many records)
Newton_IA,sub_230kv_nearest_name,,absent,HIFLD Electric Substations (ArcGIS mirror of retired HIFLD Open),https://services5.arcgis.com/HDRa0B57OVrv2E1q/ArcGIS/rest/services/Electric_Substations/FeatureServer/0,2021-02-25,2026-09-21T20:31:55+00:00,"HIFLD substations within 15000 m of the site point; straight-line distance to each; nearest of any type, nearest >= 100 kV and >= 230 kV by MAX_VOLT; count and max MAX_VOLT within 10000 m",no substation with MAX_VOLT >= 230 kV within 15000 m (voltage is unpublished for many records)
Newton_IA,sub_230kv_max_kv,,absent,HIFLD Electric Substations (ArcGIS mirror of retired HIFLD Open),https://services5.arcgis.com/HDRa0B57OVrv2E1q/ArcGIS/rest/services/Electric_Substations/FeatureServer/0,2021-02-25,2026-09-21T20:31:55+00:00,"HIFLD substations within 15000 m of the site point; straight-line distance to each; nearest of any type, nearest >= 100 kV and >= 230 kV by MAX_VOLT; count and max MAX_VOLT within 10000 m",no substation with MAX_VOLT >= 230 kV within 15000 m (voltage is unpublished for many records)
Newton_IA,sub_count_within_10km,4,ok,HIFLD Electric Substations (ArcGIS mirror of retired HIFLD Open),https://services5.arcgis.com/HDRa0B57OVrv2E1q/ArcGIS/rest/services/Electric_Substations/FeatureServer/0,2021-02-25,2026-09-21T20:31:55+00:00,"HIFLD substations within 15000 m of the site point; straight-line distance to each; nearest of any type, nearest >= 100 kV and >= 230 kV by MAX_VOLT; count and max MAX_VOLT within 10000 m","HIFLD mirror (dataset retired Aug 2025, layer edited 2021-02); per-row SOURCE may be OpenStreetMap; TAP = line tap, not a facility"
Newton_IA,sub_max_kv_within_10km,161.0,ok,HIFLD Electric Substations (ArcGIS mirror of retired HIFLD Open),https://services5.arcgis.com/HDRa0B57OVrv2E1q/ArcGIS/rest/services/Electric_Substations/FeatureServer/0,2021-02-25,2026-09-21T20:31:55+00:00,"HIFLD substations within 15000 m of the site point; straight-line distance to each; nearest of any type, nearest >= 100 kV and >= 230 kV by MAX_VOLT; count and max MAX_VOLT within 10000 m","HIFLD mirror (dataset retired Aug 2025, layer edited 2021-02); per-row SOURCE may be OpenStreetMap; TAP = line tap, not a facility"
Sugar_Land_TX,sub_nearest_m,912.7,ok,HIFLD Electric Substations (ArcGIS mirror of retired HIFLD Open),https://services5.arcgis.com/HDRa0B57OVrv2E1q/ArcGIS/rest/services/Electric_Substations/FeatureServer/0,2021-02-25,2026-09-21T20:31:55+00:00,"HIFLD substations within 15000 m of the site point; straight-line distance to each; nearest of any type, nearest >= 100 kV and >= 230 kV by MAX_VOLT; count and max MAX_VOLT within 10000 m","HIFLD mirror (dataset retired Aug 2025, layer edited 2021-02); per-row SOURCE may be OpenStreetMap; TAP = line tap, not a facility"
Sugar_Land_TX,sub_nearest_name,STAFFORD,ok,HIFLD Electric Substations (ArcGIS mirror of retired HIFLD Open),https://services5.arcgis.com/HDRa0B57OVrv2E1q/ArcGIS/rest/services/Electric_Substations/FeatureServer/0,2021-02-25,2026-09-21T20:31:55+00:00,"HIFLD substations within 15000 m of the site point; straight-line distance to each; nearest of any type, nearest >= 100 kV and >= 230 kV by MAX_VOLT; count and max MAX_VOLT within 10000 m","HIFLD mirror (dataset retired Aug 2025, layer edited 2021-02); per-row SOURCE may be OpenStreetMap; TAP = line tap, not a facility"
Sugar_Land_TX,sub_nearest_type,SUBSTATION,ok,HIFLD Electric Substations (ArcGIS mirror of retired HIFLD Open),https://services5.arcgis.com/HDRa0B57OVrv2E1q/ArcGIS/rest/services/Electric_Substations/FeatureServer/0,2021-02-25,2026-09-21T20:31:55+00:00,"HIFLD substations within 15000 m of the site point; straight-line distance to each; nearest of any type, nearest >= 100 kV and >= 230 kV by MAX_VOLT; count and max MAX_VOLT within 10000 m","HIFLD mirror (dataset retired Aug 2025, layer edited 2021-02); per-row SOURCE may be OpenStreetMap; TAP = line tap, not a facility"
Sugar_Land_TX,sub_nearest_max_kv,138.0,ok,HIFLD Electric Substations (ArcGIS mirror of retired HIFLD Open),https://services5.arcgis.com/HDRa0B57OVrv2E1q/ArcGIS/rest/services/Electric_Substations/FeatureServer/0,2021-02-25,2026-09-21T20:31:55+00:00,"HIFLD substations within 15000 m of the site point; straight-line distance to each; nearest of any type, nearest >= 100 kV and >= 230 kV by MAX_VOLT; count and max MAX_VOLT within 10000 m","HIFLD mirror (dataset retired Aug 2025, layer edited 2021-02); per-row SOURCE may be OpenStreetMap; TAP = line tap, not a facility"
Sugar_Land_TX,sub_nearest_min_kv,69.0,ok,HIFLD Electric Substations (ArcGIS mirror of retired HIFLD Open),https://services5.arcgis.com/HDRa0B57OVrv2E1q/ArcGIS/rest/services/Electric_Substations/FeatureServer/0,2021-02-25,2026-09-21T20:31:55+00:00,"HIFLD substations within 15000 m of the site point; straight-line distance to each; nearest of any type, nearest >= 100 kV and >= 230 kV by MAX_VOLT; count and max MAX_VOLT within 10000 m","HIFLD mirror (dataset retired Aug 2025, layer edited 2021-02); per-row SOURCE may be OpenStreetMap; TAP = line tap, not a facility"
Sugar_Land_TX,sub_nearest_kv_inferred,N,ok,HIFLD Electric Substations (ArcGIS mirror of retired HIFLD Open),https://services5.arcgis.com/HDRa0B57OVrv2E1q/ArcGIS/rest/services/Electric_Substations/FeatureServer/0,2021-02-25,2026-09-21T20:31:55+00:00,"HIFLD substations within 15000 m of the site point; straight-line distance to each; nearest of any type, nearest >= 100 kV and >= 230 kV by MAX_VOLT; count and max MAX_VOLT within 10000 m","HIFLD mirror (dataset retired Aug 2025, layer edited 2021-02); per-row SOURCE may be OpenStreetMap; TAP = line tap, not a facility"
Sugar_Land_TX,sub_nearest_lines,1,ok,HIFLD Electric Substations (ArcGIS mirror of retired HIFLD Open),https://services5.arcgis.com/HDRa0B57OVrv2E1q/ArcGIS/rest/services/Electric_Substations/FeatureServer/0,2021-02-25,2026-09-21T20:31:55+00:00,"HIFLD substations within 15000 m of the site point; straight-line distance to each; nearest of any type, nearest >= 100 kV and >= 230 kV by MAX_VOLT; count and max MAX_VOLT within 10000 m","HIFLD mirror (dataset retired Aug 2025, layer edited 2021-02); per-row SOURCE may be OpenStreetMap; TAP = line tap, not a facility"
Sugar_Land_TX,sub_nearest_status,IN SERVICE,ok,HIFLD Electric Substations (ArcGIS mirror of retired HIFLD Open),https://services5.arcgis.com/HDRa0B57OVrv2E1q/ArcGIS/rest/services/Electric_Substations/FeatureServer/0,2021-02-25,2026-09-21T20:31:55+00:00,"HIFLD substations within 15000 m of the site point; straight-line distance to each; nearest of any type, nearest >= 100 kV and >= 230 kV by MAX_VOLT; count and max MAX_VOLT within 10000 m","HIFLD mirror (dataset retired Aug 2025, layer edited 2021-02); per-row SOURCE may be OpenStreetMap; TAP = line tap, not a facility"
Sugar_Land_TX,sub_nearest_source,"IMAGERY, OpenStreetMap",ok,HIFLD Electric Substations (ArcGIS mirror of retired HIFLD Open),https://services5.arcgis.com/HDRa0B57OVrv2E1q/ArcGIS/rest/services/Electric_Substations/FeatureServer/0,2021-02-25,2026-09-21T20:31:55+00:00,"HIFLD substations within 15000 m of the site point; straight-line distance to each; nearest of any type, nearest >= 100 kV and >= 230 kV by MAX_VOLT; count and max MAX_VOLT within 10000 m","HIFLD mirror (dataset retired Aug 2025, layer edited 2021-02); per-row SOURCE may be OpenStreetMap; TAP = line tap, not a facility"
Sugar_Land_TX,sub_nearest_id,310288,ok,HIFLD Electric Substations (ArcGIS mirror of retired HIFLD Open),https://services5.arcgis.com/HDRa0B57OVrv2E1q/ArcGIS/rest/services/Electric_Substations/FeatureServer/0,2021-02-25,2026-09-21T20:31:55+00:00,"HIFLD substations within 15000 m of the site point; straight-line distance to each; nearest of any type, nearest >= 100 kV and >= 230 kV by MAX_VOLT; count and max MAX_VOLT within 10000 m","HIFLD mirror (dataset retired Aug 2025, layer edited 2021-02); per-row SOURCE may be OpenStreetMap; TAP = line tap, not a facility"
Sugar_Land_TX,sub_100kv_nearest_m,912.7,ok,HIFLD Electric Substations (ArcGIS mirror of retired HIFLD Open),https://services5.arcgis.com/HDRa0B57OVrv2E1q/ArcGIS/rest/services/Electric_Substations/FeatureServer/0,2021-02-25,2026-09-21T20:31:55+00:00,"HIFLD substations within 15000 m of the site point; straight-line distance to each; nearest of any type, nearest >= 100 kV and >= 230 kV by MAX_VOLT; count and max MAX_VOLT within 10000 m","HIFLD mirror (dataset retired Aug 2025, layer edited 2021-02); per-row SOURCE may be OpenStreetMap; TAP = line tap, not a facility"
Sugar_Land_TX,sub_100kv_nearest_name,STAFFORD,ok,HIFLD Electric Substations (ArcGIS mirror of retired HIFLD Open),https://services5.arcgis.com/HDRa0B57OVrv2E1q/ArcGIS/rest/services/Electric_Substations/FeatureServer/0,2021-02-25,2026-09-21T20:31:55+00:00,"HIFLD substations within 15000 m of the site point; straight-line distance to each; nearest of any type, nearest >= 100 kV and >= 230 kV by MAX_VOLT; count and max MAX_VOLT within 10000 m","HIFLD mirror (dataset retired Aug 2025, layer edited 2021-02); per-row SOURCE may be OpenStreetMap; TAP = line tap, not a facility"
Sugar_Land_TX,sub_100kv_max_kv,138.0,ok,HIFLD Electric Substations (ArcGIS mirror of retired HIFLD Open),https://services5.arcgis.com/HDRa0B57OVrv2E1q/ArcGIS/rest/services/Electric_Substations/FeatureServer/0,2021-02-25,2026-09-21T20:31:55+00:00,"HIFLD substations within 15000 m of the site point; straight-line distance to each; nearest of any type, nearest >= 100 kV and >= 230 kV by MAX_VOLT; count and max MAX_VOLT within 10000 m","HIFLD mirror (dataset retired Aug 2025, layer edited 2021-02); per-row SOURCE may be OpenStreetMap; TAP = line tap, not a facility"
Sugar_Land_TX,sub_100kv_lines,1,ok,HIFLD Electric Substations (ArcGIS mirror of retired HIFLD Open),https://services5.arcgis.com/HDRa0B57OVrv2E1q/ArcGIS/rest/services/Electric_Substations/FeatureServer/0,2021-02-25,2026-09-21T20:31:55+00:00,"HIFLD substations within 15000 m of the site point; straight-line distance to each; nearest of any type, nearest >= 100 kV and >= 230 kV by MAX_VOLT; count and max MAX_VOLT within 10000 m","HIFLD mirror (dataset retired Aug 2025, layer edited 2021-02); per-row SOURCE may be OpenStreetMap; TAP = line tap, not a facility"
Sugar_Land_TX,sub_230kv_nearest_m,10885.6,ok,HIFLD Electric Substations (ArcGIS mirror of retired HIFLD Open),https://services5.arcgis.com/HDRa0B57OVrv2E1q/ArcGIS/rest/services/Electric_Substations/FeatureServer/0,2021-02-25,2026-09-21T20:31:55+00:00,"HIFLD substations within 15000 m of the site point; straight-line distance to each; nearest of any type, nearest >= 100 kV and >= 230 kV by MAX_VOLT; count and max MAX_VOLT within 10000 m","HIFLD mirror (dataset retired Aug 2025, layer edited 2021-02); per-row SOURCE may be OpenStreetMap; TAP = line tap, not a facility"
Sugar_Land_TX,sub_230kv_nearest_name,JEANETTA,ok,HIFLD Electric Substations (ArcGIS mirror of retired HIFLD Open),https://services5.arcgis.com/HDRa0B57OVrv2E1q/ArcGIS/rest/services/Electric_Substations/FeatureServer/0,2021-02-25,2026-09-21T20:31:55+00:00,"HIFLD substations within 15000 m of the site point; straight-line distance to each; nearest of any type, nearest >= 100 kV and >= 230 kV by MAX_VOLT; count and max MAX_VOLT within 10000 m","HIFLD mirror (dataset retired Aug 2025, layer edited 2021-02); per-row SOURCE may be OpenStreetMap; TAP = line tap, not a facility"
Sugar_Land_TX,sub_230kv_max_kv,345.0,ok,HIFLD Electric Substations (ArcGIS mirror of retired HIFLD Open),https://services5.arcgis.com/HDRa0B57OVrv2E1q/ArcGIS/rest/services/Electric_Substations/FeatureServer/0,2021-02-25,2026-09-21T20:31:55+00:00,"HIFLD substations within 15000 m of the site point; straight-line distance to each; nearest of any type, nearest >= 100 kV and >= 230 kV by MAX_VOLT; count and max MAX_VOLT within 10000 m","HIFLD mirror (dataset retired Aug 2025, layer edited 2021-02); per-row SOURCE may be OpenStreetMap; TAP = line tap, not a facility"
Sugar_Land_TX,sub_count_within_10km,18,ok,HIFLD Electric Substations (ArcGIS mirror of retired HIFLD Open),https://services5.arcgis.com/HDRa0B57OVrv2E1q/ArcGIS/rest/services/Electric_Substations/FeatureServer/0,2021-02-25,2026-09-21T20:31:55+00:00,"HIFLD substations within 15000 m of the site point; straight-line distance to each; nearest of any type, nearest >= 100 kV and >= 230 kV by MAX_VOLT; count and max MAX_VOLT within 10000 m","HIFLD mirror (dataset retired Aug 2025, layer edited 2021-02); per-row SOURCE may be OpenStreetMap; TAP = line tap, not a facility"
Sugar_Land_TX,sub_max_kv_within_10km,138.0,ok,HIFLD Electric Substations (ArcGIS mirror of retired HIFLD Open),https://services5.arcgis.com/HDRa0B57OVrv2E1q/ArcGIS/rest/services/Electric_Substations/FeatureServer/0,2021-02-25,2026-09-21T20:31:55+00:00,"HIFLD substations within 15000 m of the site point; straight-line distance to each; nearest of any type, nearest >= 100 kV and >= 230 kV by MAX_VOLT; count and max MAX_VOLT within 10000 m","HIFLD mirror (dataset retired Aug 2025, layer edited 2021-02); per-row SOURCE may be OpenStreetMap; TAP = line tap, not a facility"
